tile_id,xmin,ymin,xmax,ymax
t2_449,19980,4485510,29970,4495500
t2_450,19980,4495500,29970,4505490
t2_455,19980,4545450,29970,4555440
t2_456,19980,4555440,29970,4565430
t2_460,19980,4595400,29970,4605390
t2_461,19980,4605390,29970,4615380
t2_465,19980,4645350,29970,4655340
t2_466,19980,4655340,29970,4665330
t2_480,19980,4795200,29970,4805190
t2_481,19980,4805190,29970,4815180
t2_485,19980,4845150,29970,4855140
t2_490,19980,4895100,29970,4905090
t3_440,29970,4395600,39960,4405590
t3_441,29970,4405590,39960,4415580
t3_449,29970,4485510,39960,4495500
t3_450,29970,4495500,39960,4505490
t3_454,29970,4535460,39960,4545450
t3_455,29970,4545450,39960,4555440
t3_459,29970,4585410,39960,4595400
t3_460,29970,4595400,39960,4605390
t3_464,29970,4635360,39960,4645350
t3_465,29970,4645350,39960,4655340
t3_469,29970,4685310,39960,4695300
t3_470,29970,4695300,39960,4705290
t3_483,29970,4825170,39960,4835160
t3_484,29970,4835160,39960,4845150
t3_488,29970,4875120,39960,4885110
t3_489,29970,4885110,39960,4895100
t3_504,29970,5034960,39960,5044950
t3_505,29970,5044950,39960,5054940
t4_436,39960,4355640,49950,4365630
t4_437,39960,4365630,49950,4375620
t4_441,39960,4405590,49950,4415580
t4_442,39960,4415580,49950,4425570
t4_447,39960,4465530,49950,4475520
t4_448,39960,4475520,49950,4485510
t4_452,39960,4515480,49950,4525470
t4_453,39960,4525470,49950,4535460
t4_457,39960,4565430,49950,4575420
t4_458,39960,4575420,49950,4585410
t4_462,39960,4615380,49950,4625370
t4_463,39960,4625370,49950,4635360
t4_467,39960,4665330,49950,4675320
t4_468,39960,4675320,49950,4685310
t4_482,39960,4815180,49950,4825170
t4_483,39960,4825170,49950,4835160
t4_487,39960,4865130,49950,4875120
t4_488,39960,4875120,49950,4885110
t4_492,39960,4915080,49950,4925070
t4_493,39960,4925070,49950,4935060
t4_515,39960,5144850,49950,5154840
t4_516,39960,5154840,49950,5164830
t5_438,49950,4375620,59940,4385610
t5_439,49950,4385610,59940,4395600
t5_443,49950,4425570,59940,4435560
t5_444,49950,4435560,59940,4445550
t5_448,49950,4475520,59940,4485510
t5_449,49950,4485510,59940,4495500
t5_453,49950,4525470,59940,4535460
t5_454,49950,4535460,59940,4545450
t5_458,49950,4575420,59940,4585410
t5_459,49950,4585410,59940,4595400
t5_463,49950,4625370,59940,4635360
t5_464,49950,4635360,59940,4645350
t5_468,49950,4675320,59940,4685310
t5_469,49950,4685310,59940,4695300
t5_482,49950,4815180,59940,4825170
t5_483,49950,4825170,59940,4835160
t5_487,49950,4865130,59940,4875120
t5_488,49950,4875120,59940,4885110
t5_492,49950,4915080,59940,4925070
t5_493,49950,4925070,59940,4935060
t5_504,49950,5034960,59940,5044950
t5_506,49950,5054940,59940,5064930
t6_427,59940,4265730,69930,4275720
t6_428,59940,4275720,69930,4285710
t6_437,59940,4365630,69930,4375620
t6_438,59940,4375620,69930,4385610
t6_442,59940,4415580,69930,4425570
t6_443,59940,4425570,69930,4435560
t6_447,59940,4465530,69930,4475520
t6_448,59940,4475520,69930,4485510
t6_452,59940,4515480,69930,4525470
t6_453,59940,4525470,69930,4535460
t6_457,59940,4565430,69930,4575420
t6_458,59940,4575420,69930,4585410
t6_462,59940,4615380,69930,4625370
t6_463,59940,4625370,69930,4635360
t6_467,59940,4665330,69930,4675320
t6_468,59940,4675320,69930,4685310
t6_480,59940,4795200,69930,4805190
t6_481,59940,4805190,69930,4815180
t6_485,59940,4845150,69930,4855140
t6_486,59940,4855140,69930,4865130
t6_490,59940,4895100,69930,4905090
t6_491,59940,4905090,69930,4915080
t6_495,59940,4945050,69930,4955040
t6_496,59940,4955040,69930,4965030
t6_502,59940,5014980,69930,5024970
t6_503,59940,5024970,69930,5034960
t6_507,59940,5064930,69930,5074920
t6_508,59940,5074920,69930,5084910
t6_521,59940,5204790,69930,5214780
t6_522,59940,5214780,69930,5224770
t7_428,69930,4275720,79920,4285710
t7_429,69930,4285710,79920,4295700
t7_433,69930,4325670,79920,4335660
t7_434,69930,4335660,79920,4345650
t7_439,69930,4385610,79920,4395600
t7_440,69930,4395600,79920,4405590
t7_444,69930,4435560,79920,4445550
t7_445,69930,4445550,79920,4455540
t7_449,69930,4485510,79920,4495500
t7_450,69930,4495500,79920,4505490
t7_454,69930,4535460,79920,4545450
t7_455,69930,4545450,79920,4555440
t7_459,69930,4585410,79920,4595400
t7_460,69930,4595400,79920,4605390
t7_464,69930,4635360,79920,4645350
t7_465,69930,4645350,79920,4655340
t7_469,69930,4685310,79920,4695300
t7_470,69930,4695300,79920,4705290
t7_480,69930,4795200,79920,4805190
t7_481,69930,4805190,79920,4815180
t7_485,69930,4845150,79920,4855140
t7_486,69930,4855140,79920,4865130
t7_490,69930,4895100,79920,4905090
t7_491,69930,4905090,79920,4915080
t7_495,69930,4945050,79920,4955040
t7_496,69930,4955040,79920,4965030
t7_500,69930,4995000,79920,5004990
t7_501,69930,5004990,79920,5014980
t7_505,69930,5044950,79920,5054940
t7_506,69930,5054940,79920,5064930
t7_510,69930,5094900,79920,5104890
t7_511,69930,5104890,79920,5114880
t7_521,69930,5204790,79920,5214780
t7_522,69930,5214780,79920,5224770
t7_526,69930,5254740,79920,5264730
t7_527,69930,5264730,79920,5274720
t7_531,69930,5304690,79920,5314680
t7_532,69930,5314680,79920,5324670
t8_424,79920,4235760,89910,4245750
t8_425,79920,4245750,89910,4255740
t8_430,79920,4295700,89910,4305690
t8_431,79920,4305690,89910,4315680
t8_435,79920,4345650,89910,4355640
t8_436,79920,4355640,89910,4365630
t8_440,79920,4395600,89910,4405590
t8_441,79920,4405590,89910,4415580
t8_445,79920,4445550,89910,4455540
t8_446,79920,4455540,89910,4465530
t8_450,79920,4495500,89910,4505490
t8_451,79920,4505490,89910,4515480
t8_455,79920,4545450,89910,4555440
t8_456,79920,4555440,89910,4565430
t8_460,79920,4595400,89910,4605390
t8_461,79920,4605390,89910,4615380
t8_465,79920,4645350,89910,4655340
t8_466,79920,4655340,89910,4665330
t8_470,79920,4695300,89910,4705290
t8_471,79920,4705290,89910,4715280
t8_476,79920,4755240,89910,4765230
t8_477,79920,4765230,89910,4775220
t8_482,79920,4815180,89910,4825170
t8_483,79920,4825170,89910,4835160
t8_487,79920,4865130,89910,4875120
t8_488,79920,4875120,89910,4885110
t8_492,79920,4915080,89910,4925070
t8_493,79920,4925070,89910,4935060
t8_497,79920,4965030,89910,4975020
t8_498,79920,4975020,89910,4985010
t8_502,79920,5014980,89910,5024970
t8_503,79920,5024970,89910,5034960
t8_507,79920,5064930,89910,5074920
t8_508,79920,5074920,89910,5084910
t8_512,79920,5114880,89910,5124870
t8_513,79920,5124870,89910,5134860
t8_520,79920,5194800,89910,5204790
t8_521,79920,5204790,89910,5214780
t8_525,79920,5244750,89910,5254740
t8_526,79920,5254740,89910,5264730
t8_530,79920,5294700,89910,5304690
t8_531,79920,5304690,89910,5314680
t8_535,79920,5344650,89910,5354640
t8_536,79920,5354640,89910,5364630
t8_546,79920,5454540,89910,5464530
t8_547,79920,5464530,89910,5474520
t8_586,79920,5854140,89910,5864130
t8_587,79920,5864130,89910,5874120
t9_422,89910,4215780,99900,4225770
t9_423,89910,4225770,99900,4235760
t9_427,89910,4265730,99900,4275720
t9_428,89910,4275720,99900,4285710
t9_432,89910,4315680,99900,4325670
t9_433,89910,4325670,99900,4335660
t9_437,89910,4365630,99900,4375620
t9_438,89910,4375620,99900,4385610
t9_442,89910,4415580,99900,4425570
t9_443,89910,4425570,99900,4435560
t9_447,89910,4465530,99900,4475520
t9_448,89910,4475520,99900,4485510
t9_452,89910,4515480,99900,4525470
t9_453,89910,4525470,99900,4535460
t9_457,89910,4565430,99900,4575420
t9_458,89910,4575420,99900,4585410
t9_462,89910,4615380,99900,4625370
t9_463,89910,4625370,99900,4635360
t9_467,89910,4665330,99900,4675320
t9_468,89910,4675320,99900,4685310
t9_472,89910,4715280,99900,4725270
t9_473,89910,4725270,99900,4735260
t9_477,89910,4765230,99900,4775220
t9_478,89910,4775220,99900,4785210
t9_482,89910,4815180,99900,4825170
t9_483,89910,4825170,99900,4835160
t9_487,89910,4865130,99900,4875120
t9_488,89910,4875120,99900,4885110
t9_492,89910,4915080,99900,4925070
t9_493,89910,4925070,99900,4935060
t9_497,89910,4965030,99900,4975020
t9_498,89910,4975020,99900,4985010
t9_502,89910,5014980,99900,5024970
t9_503,89910,5024970,99900,5034960
t9_507,89910,5064930,99900,5074920
t9_508,89910,5074920,99900,5084910
t9_512,89910,5114880,99900,5124870
t9_513,89910,5124870,99900,5134860
t9_520,89910,5194800,99900,5204790
t9_521,89910,5204790,99900,5214780
t9_525,89910,5244750,99900,5254740
t9_526,89910,5254740,99900,5264730
t9_530,89910,5294700,99900,5304690
t9_531,89910,5304690,99900,5314680
t9_535,89910,5344650,99900,5354640
t9_536,89910,5354640,99900,5364630
t9_543,89910,5424570,99900,5434560
t9_544,89910,5434560,99900,5444550
t9_548,89910,5474520,99900,5484510
t9_549,89910,5484510,99900,5494500
t9_553,89910,5524470,99900,5534460
t9_554,89910,5534460,99900,5544450
t9_582,89910,5814180,99900,5824170
t9_583,89910,5824170,99900,5834160
t9_587,89910,5864130,99900,5874120
t9_588,89910,5874120,99900,5884110
t10_421,99900,4205790,109890,4215780
t10_422,99900,4215780,109890,4225770
t10_426,99900,4255740,109890,4265730
t10_427,99900,4265730,109890,4275720
t10_431,99900,4305690,109890,4315680
t10_432,99900,4315680,109890,4325670
t10_436,99900,4355640,109890,4365630
t10_437,99900,4365630,109890,4375620
t10_441,99900,4405590,109890,4415580
t10_442,99900,4415580,109890,4425570
t10_446,99900,4455540,109890,4465530
t10_447,99900,4465530,109890,4475520
t10_451,99900,4505490,109890,4515480
t10_452,99900,4515480,109890,4525470
t10_456,99900,4555440,109890,4565430
t10_457,99900,4565430,109890,4575420
t10_461,99900,4605390,109890,4615380
t10_462,99900,4615380,109890,4625370
t10_466,99900,4655340,109890,4665330
t10_467,99900,4665330,109890,4675320
t10_471,99900,4705290,109890,4715280
t10_472,99900,4715280,109890,4725270
t10_476,99900,4755240,109890,4765230
t10_477,99900,4765230,109890,4775220
t10_481,99900,4805190,109890,4815180
t10_482,99900,4815180,109890,4825170
t10_486,99900,4855140,109890,4865130
t10_487,99900,4865130,109890,4875120
t10_491,99900,4905090,109890,4915080
t10_492,99900,4915080,109890,4925070
t10_496,99900,4955040,109890,4965030
t10_497,99900,4965030,109890,4975020
t10_501,99900,5004990,109890,5014980
t10_502,99900,5014980,109890,5024970
t10_506,99900,5054940,109890,5064930
t10_507,99900,5064930,109890,5074920
t10_511,99900,5104890,109890,5114880
t10_512,99900,5114880,109890,5124870
t10_519,99900,5184810,109890,5194800
t10_520,99900,5194800,109890,5204790
t10_524,99900,5234760,109890,5244750
t10_525,99900,5244750,109890,5254740
t10_529,99900,5284710,109890,5294700
t10_530,99900,5294700,109890,5304690
t10_534,99900,5334660,109890,5344650
t10_535,99900,5344650,109890,5354640
t10_539,99900,5384610,109890,5394600
t10_540,99900,5394600,109890,5404590
t10_544,99900,5434560,109890,5444550
t10_545,99900,5444550,109890,5454540
t10_549,99900,5484510,109890,5494500
t10_550,99900,5494500,109890,5504490
t10_554,99900,5534460,109890,5544450
t10_555,99900,5544450,109890,5554440
t10_573,99900,5724270,109890,5734260
t10_574,99900,5734260,109890,5744250
t10_578,99900,5774220,109890,5784210
t10_579,99900,5784210,109890,5794200
t10_583,99900,5824170,109890,5834160
t10_584,99900,5834160,109890,5844150
t11_413,109890,4125870,119880,4135860
t11_414,109890,4135860,119880,4145850
t11_421,109890,4205790,119880,4215780
t11_422,109890,4215780,119880,4225770
t11_426,109890,4255740,119880,4265730
t11_427,109890,4265730,119880,4275720
t11_431,109890,4305690,119880,4315680
t11_432,109890,4315680,119880,4325670
t11_436,109890,4355640,119880,4365630
t11_437,109890,4365630,119880,4375620
t11_441,109890,4405590,119880,4415580
t11_442,109890,4415580,119880,4425570
t11_446,109890,4455540,119880,4465530
t11_447,109890,4465530,119880,4475520
t11_451,109890,4505490,119880,4515480
t11_452,109890,4515480,119880,4525470
t11_456,109890,4555440,119880,4565430
t11_457,109890,4565430,119880,4575420
t11_461,109890,4605390,119880,4615380
t11_462,109890,4615380,119880,4625370
t11_466,109890,4655340,119880,4665330
t11_467,109890,4665330,119880,4675320
t11_471,109890,4705290,119880,4715280
t11_472,109890,4715280,119880,4725270
t11_476,109890,4755240,119880,4765230
t11_477,109890,4765230,119880,4775220
t11_481,109890,4805190,119880,4815180
t11_482,109890,4815180,119880,4825170
t11_486,109890,4855140,119880,4865130
t11_487,109890,4865130,119880,4875120
t11_491,109890,4905090,119880,4915080
t11_492,109890,4915080,119880,4925070
t11_496,109890,4955040,119880,4965030
t11_497,109890,4965030,119880,4975020
t11_501,109890,5004990,119880,5014980
t11_502,109890,5014980,119880,5024970
t11_506,109890,5054940,119880,5064930
t11_507,109890,5064930,119880,5074920
t11_511,109890,5104890,119880,5114880
t11_512,109890,5114880,119880,5124870
t11_519,109890,5184810,119880,5194800
t11_520,109890,5194800,119880,5204790
t11_524,109890,5234760,119880,5244750
t11_525,109890,5244750,119880,5254740
t11_529,109890,5284710,119880,5294700
t11_530,109890,5294700,119880,5304690
t11_534,109890,5334660,119880,5344650
t11_535,109890,5344650,119880,5354640
t11_539,109890,5384610,119880,5394600
t11_540,109890,5394600,119880,5404590
t11_544,109890,5434560,119880,5444550
t11_545,109890,5444550,119880,5454540
t11_549,109890,5484510,119880,5494500
t11_550,109890,5494500,119880,5504490
t11_554,109890,5534460,119880,5544450
t11_555,109890,5544450,119880,5554440
t11_569,109890,5684310,119880,5694300
t11_570,109890,5694300,119880,5704290
t11_574,109890,5734260,119880,5744250
t11_575,109890,5744250,119880,5754240
t11_579,109890,5784210,119880,5794200
t11_580,109890,5794200,119880,5804190
t11_584,109890,5834160,119880,5844150
t11_585,109890,5844150,119880,5854140
t12_412,119880,4115880,129870,4125870
t12_413,119880,4125870,129870,4135860
t12_419,119880,4185810,129870,4195800
t12_420,119880,4195800,129870,4205790
t12_424,119880,4235760,129870,4245750
t12_425,119880,4245750,129870,4255740
t12_429,119880,4285710,129870,4295700
t12_430,119880,4295700,129870,4305690
t12_434,119880,4335660,129870,4345650
t12_435,119880,4345650,129870,4355640
t12_439,119880,4385610,129870,4395600
t12_440,119880,4395600,129870,4405590
t12_444,119880,4435560,129870,4445550
t12_445,119880,4445550,129870,4455540
t12_449,119880,4485510,129870,4495500
t12_450,119880,4495500,129870,4505490
t12_454,119880,4535460,129870,4545450
t12_455,119880,4545450,129870,4555440
t12_459,119880,4585410,129870,4595400
t12_460,119880,4595400,129870,4605390
t12_464,119880,4635360,129870,4645350
t12_465,119880,4645350,129870,4655340
t12_469,119880,4685310,129870,4695300
t12_470,119880,4695300,129870,4705290
t12_474,119880,4735260,129870,4745250
t12_475,119880,4745250,129870,4755240
t12_479,119880,4785210,129870,4795200
t12_480,119880,4795200,129870,4805190
t12_484,119880,4835160,129870,4845150
t12_485,119880,4845150,129870,4855140
t12_489,119880,4885110,129870,4895100
t12_490,119880,4895100,129870,4905090
t12_494,119880,4935060,129870,4945050
t12_495,119880,4945050,129870,4955040
t12_499,119880,4985010,129870,4995000
t12_500,119880,4995000,129870,5004990
t12_504,119880,5034960,129870,5044950
t12_505,119880,5044950,129870,5054940
t12_509,119880,5084910,129870,5094900
t12_510,119880,5094900,129870,5104890
t12_519,119880,5184810,129870,5194800
t12_520,119880,5194800,129870,5204790
t12_524,119880,5234760,129870,5244750
t12_525,119880,5244750,129870,5254740
t12_529,119880,5284710,129870,5294700
t12_530,119880,5294700,129870,5304690
t12_534,119880,5334660,129870,5344650
t12_535,119880,5344650,129870,5354640
t12_539,119880,5384610,129870,5394600
t12_540,119880,5394600,129870,5404590
t12_544,119880,5434560,129870,5444550
t12_545,119880,5444550,129870,5454540
t12_549,119880,5484510,129870,5494500
t12_550,119880,5494500,129870,5504490
t12_554,119880,5534460,129870,5544450
t12_555,119880,5544450,129870,5554440
t12_559,119880,5584410,129870,5594400
t12_560,119880,5594400,129870,5604390
t12_569,119880,5684310,129870,5694300
t12_570,119880,5694300,129870,5704290
t12_574,119880,5734260,129870,5744250
t12_575,119880,5744250,129870,5754240
t12_579,119880,5784210,129870,5794200
t12_580,119880,5794200,129870,5804190
t12_584,119880,5834160,129870,5844150
t12_585,119880,5844150,129870,5854140
t12_589,119880,5884110,129870,5894100
t12_590,119880,5894100,129870,5904090
t13_411,129870,4105890,139860,4115880
t13_412,129870,4115880,139860,4125870
t13_417,129870,4165830,139860,4175820
t13_418,129870,4175820,139860,4185810
t13_422,129870,4215780,139860,4225770
t13_423,129870,4225770,139860,4235760
t13_427,129870,4265730,139860,4275720
t13_428,129870,4275720,139860,4285710
t13_432,129870,4315680,139860,4325670
t13_433,129870,4325670,139860,4335660
t13_437,129870,4365630,139860,4375620
t13_438,129870,4375620,139860,4385610
t13_442,129870,4415580,139860,4425570
t13_443,129870,4425570,139860,4435560
t13_447,129870,4465530,139860,4475520
t13_448,129870,4475520,139860,4485510
t13_452,129870,4515480,139860,4525470
t13_453,129870,4525470,139860,4535460
t13_457,129870,4565430,139860,4575420
t13_458,129870,4575420,139860,4585410
t13_462,129870,4615380,139860,4625370
t13_463,129870,4625370,139860,4635360
t13_467,129870,4665330,139860,4675320
t13_468,129870,4675320,139860,4685310
t13_472,129870,4715280,139860,4725270
t13_473,129870,4725270,139860,4735260
t13_477,129870,4765230,139860,4775220
t13_478,129870,4775220,139860,4785210
t13_482,129870,4815180,139860,4825170
t13_483,129870,4825170,139860,4835160
t13_487,129870,4865130,139860,4875120
t13_488,129870,4875120,139860,4885110
t13_492,129870,4915080,139860,4925070
t13_493,129870,4925070,139860,4935060
t13_497,129870,4965030,139860,4975020
t13_498,129870,4975020,139860,4985010
t13_502,129870,5014980,139860,5024970
t13_503,129870,5024970,139860,5034960
t13_507,129870,5064930,139860,5074920
t13_508,129870,5074920,139860,5084910
t13_512,129870,5114880,139860,5124870
t13_515,129870,5144850,139860,5154840
t13_524,129870,5234760,139860,5244750
t13_525,129870,5244750,139860,5254740
t13_530,129870,5294700,139860,5304690
t13_531,129870,5304690,139860,5314680
t13_536,129870,5354640,139860,5364630
t13_537,129870,5364630,139860,5374620
t13_541,129870,5404590,139860,5414580
t13_542,129870,5414580,139860,5424570
t13_546,129870,5454540,139860,5464530
t13_547,129870,5464530,139860,5474520
t13_551,129870,5504490,139860,5514480
t13_552,129870,5514480,139860,5524470
t13_556,129870,5554440,139860,5564430
t13_557,129870,5564430,139860,5574420
t13_561,129870,5604390,139860,5614380
t13_562,129870,5614380,139860,5624370
t13_566,129870,5654340,139860,5664330
t13_567,129870,5664330,139860,5674320
t13_571,129870,5704290,139860,5714280
t13_572,129870,5714280,139860,5724270
t13_576,129870,5754240,139860,5764230
t13_577,129870,5764230,139860,5774220
t13_581,129870,5804190,139860,5814180
t13_582,129870,5814180,139860,5824170
t13_586,129870,5854140,139860,5864130
t13_587,129870,5864130,139860,5874120
t13_591,129870,5904090,139860,5914080
t13_592,129870,5914080,139860,5924070
t14_409,139860,4085910,149850,4095900
t14_410,139860,4095900,149850,4105890
t14_416,139860,4155840,149850,4165830
t14_417,139860,4165830,149850,4175820
t14_421,139860,4205790,149850,4215780
t14_422,139860,4215780,149850,4225770
t14_426,139860,4255740,149850,4265730
t14_427,139860,4265730,149850,4275720
t14_431,139860,4305690,149850,4315680
t14_432,139860,4315680,149850,4325670
t14_436,139860,4355640,149850,4365630
t14_437,139860,4365630,149850,4375620
t14_441,139860,4405590,149850,4415580
t14_442,139860,4415580,149850,4425570
t14_446,139860,4455540,149850,4465530
t14_447,139860,4465530,149850,4475520
t14_451,139860,4505490,149850,4515480
t14_452,139860,4515480,149850,4525470
t14_456,139860,4555440,149850,4565430
t14_457,139860,4565430,149850,4575420
t14_462,139860,4615380,149850,4625370
t14_463,139860,4625370,149850,4635360
t14_467,139860,4665330,149850,4675320
t14_468,139860,4675320,149850,4685310
t14_472,139860,4715280,149850,4725270
t14_473,139860,4725270,149850,4735260
t14_478,139860,4775220,149850,4785210
t14_479,139860,4785210,149850,4795200
t14_484,139860,4835160,149850,4845150
t14_485,139860,4845150,149850,4855140
t14_489,139860,4885110,149850,4895100
t14_490,139860,4895100,149850,4905090
t14_494,139860,4935060,149850,4945050
t14_495,139860,4945050,149850,4955040
t14_499,139860,4985010,149850,4995000
t14_500,139860,4995000,149850,5004990
t14_509,139860,5084910,149850,5094900
t14_510,139860,5094900,149850,5104890
t14_528,139860,5274720,149850,5284710
t14_529,139860,5284710,149850,5294700
t14_536,139860,5354640,149850,5364630
t14_537,139860,5364630,149850,5374620
t14_541,139860,5404590,149850,5414580
t14_542,139860,5414580,149850,5424570
t14_546,139860,5454540,149850,5464530
t14_547,139860,5464530,149850,5474520
t14_551,139860,5504490,149850,5514480
t14_552,139860,5514480,149850,5524470
t14_556,139860,5554440,149850,5564430
t14_557,139860,5564430,149850,5574420
t14_561,139860,5604390,149850,5614380
t14_562,139860,5614380,149850,5624370
t14_566,139860,5654340,149850,5664330
t14_567,139860,5664330,149850,5674320
t14_571,139860,5704290,149850,5714280
t14_572,139860,5714280,149850,5724270
t14_576,139860,5754240,149850,5764230
t14_577,139860,5764230,149850,5774220
t14_581,139860,5804190,149850,5814180
t14_582,139860,5814180,149850,5824170
t14_586,139860,5854140,149850,5864130
t14_587,139860,5864130,149850,5874120
t14_591,139860,5904090,149850,5914080
t14_592,139860,5914080,149850,5924070
t15_408,149850,4075920,159840,4085910
t15_409,149850,4085910,159840,4095900
t15_415,149850,4145850,159840,4155840
t15_416,149850,4155840,159840,4165830
t15_420,149850,4195800,159840,4205790
t15_421,149850,4205790,159840,4215780
t15_425,149850,4245750,159840,4255740
t15_426,149850,4255740,159840,4265730
t15_430,149850,4295700,159840,4305690
t15_431,149850,4305690,159840,4315680
t15_435,149850,4345650,159840,4355640
t15_436,149850,4355640,159840,4365630
t15_440,149850,4395600,159840,4405590
t15_441,149850,4405590,159840,4415580
t15_446,149850,4455540,159840,4465530
t15_447,149850,4465530,159840,4475520
t15_451,149850,4505490,159840,4515480
t15_452,149850,4515480,159840,4525470
t15_456,149850,4555440,159840,4565430
t15_457,149850,4565430,159840,4575420
t15_464,149850,4635360,159840,4645350
t15_465,149850,4645350,159840,4655340
t15_469,149850,4685310,159840,4695300
t15_470,149850,4695300,159840,4705290
t15_474,149850,4735260,159840,4745250
t15_483,149850,4825170,159840,4835160
t15_487,149850,4865130,159840,4875120
t15_488,149850,4875120,159840,4885110
t15_492,149850,4915080,159840,4925070
t15_493,149850,4925070,159840,4935060
t15_497,149850,4965030,159840,4975020
t15_498,149850,4975020,159840,4985010
t15_502,149850,5014980,159840,5024970
t15_503,149850,5024970,159840,5034960
t15_507,149850,5064930,159840,5074920
t15_508,149850,5074920,159840,5084910
t15_513,149850,5124870,159840,5134860
t15_527,149850,5264730,159840,5274720
t15_531,149850,5304690,159840,5314680
t15_535,149850,5344650,159840,5354640
t15_539,149850,5384610,159840,5394600
t15_540,149850,5394600,159840,5404590
t15_544,149850,5434560,159840,5444550
t15_545,149850,5444550,159840,5454540
t15_549,149850,5484510,159840,5494500
t15_550,149850,5494500,159840,5504490
t15_554,149850,5534460,159840,5544450
t15_555,149850,5544450,159840,5554440
t15_559,149850,5584410,159840,5594400
t15_560,149850,5594400,159840,5604390
t15_564,149850,5634360,159840,5644350
t15_565,149850,5644350,159840,5654340
t15_569,149850,5684310,159840,5694300
t15_570,149850,5694300,159840,5704290
t15_574,149850,5734260,159840,5744250
t15_575,149850,5744250,159840,5754240
t15_579,149850,5784210,159840,5794200
t15_580,149850,5794200,159840,5804190
t15_584,149850,5834160,159840,5844150
t15_585,149850,5844150,159840,5854140
t15_589,149850,5884110,159840,5894100
t15_590,149850,5894100,159840,5904090
t15_594,149850,5934060,159840,5944050
t15_595,149850,5944050,159840,5954040
t15_599,149850,5984010,159840,5994000
t15_600,149850,5994000,159840,6003990
t16_410,159840,4095900,169830,4105890
t16_411,159840,4105890,169830,4115880
t16_416,159840,4155840,169830,4165830
t16_417,159840,4165830,169830,4175820
t16_421,159840,4205790,169830,4215780
t16_422,159840,4215780,169830,4225770
t16_426,159840,4255740,169830,4265730
t16_427,159840,4265730,169830,4275720
t16_431,159840,4305690,169830,4315680
t16_432,159840,4315680,169830,4325670
t16_436,159840,4355640,169830,4365630
t16_437,159840,4365630,169830,4375620
t16_441,159840,4405590,169830,4415580
t16_447,159840,4465530,169830,4475520
t16_456,159840,4555440,169830,4565430
t16_463,159840,4625370,169830,4635360
t16_467,159840,4665330,169830,4675320
t16_468,159840,4675320,169830,4685310
t16_472,159840,4715280,169830,4725270
t16_473,159840,4725270,169830,4735260
t16_484,159840,4835160,169830,4845150
t16_485,159840,4845150,169830,4855140
t16_489,159840,4885110,169830,4895100
t16_490,159840,4895100,169830,4905090
t16_494,159840,4935060,169830,4945050
t16_495,159840,4945050,169830,4955040
t16_499,159840,4985010,169830,4995000
t16_500,159840,4995000,169830,5004990
t16_504,159840,5034960,169830,5044950
t16_505,159840,5044950,169830,5054940
t16_509,159840,5084910,169830,5094900
t16_510,159840,5094900,169830,5104890
t16_518,159840,5174820,169830,5184810
t16_526,159840,5254740,169830,5264730
t16_531,159840,5304690,169830,5314680
t16_536,159840,5354640,169830,5364630
t16_540,159840,5394600,169830,5404590
t16_541,159840,5404590,169830,5414580
t16_545,159840,5444550,169830,5454540
t16_546,159840,5454540,169830,5464530
t16_550,159840,5494500,169830,5504490
t16_551,159840,5504490,169830,5514480
t16_555,159840,5544450,169830,5554440
t16_556,159840,5554440,169830,5564430
t16_560,159840,5594400,169830,5604390
t16_561,159840,5604390,169830,5614380
t16_565,159840,5644350,169830,5654340
t16_566,159840,5654340,169830,5664330
t16_570,159840,5694300,169830,5704290
t16_571,159840,5704290,169830,5714280
t16_575,159840,5744250,169830,5754240
t16_576,159840,5754240,169830,5764230
t16_580,159840,5794200,169830,5804190
t16_581,159840,5804190,169830,5814180
t16_585,159840,5844150,169830,5854140
t16_586,159840,5854140,169830,5864130
t16_590,159840,5894100,169830,5904090
t16_591,159840,5904090,169830,5914080
t16_595,159840,5944050,169830,5954040
t16_596,159840,5954040,169830,5964030
t16_600,159840,5994000,169830,6003990
t16_601,159840,6003990,169830,6013980
t17_407,169830,4065930,179820,4075920
t17_408,169830,4075920,179820,4085910
t17_412,169830,4115880,179820,4125870
t17_413,169830,4125870,179820,4135860
t17_417,169830,4165830,179820,4175820
t17_418,169830,4175820,179820,4185810
t17_422,169830,4215780,179820,4225770
t17_423,169830,4225770,179820,4235760
t17_427,169830,4265730,179820,4275720
t17_428,169830,4275720,179820,4285710
t17_432,169830,4315680,179820,4325670
t17_433,169830,4325670,179820,4335660
t17_437,169830,4365630,179820,4375620
t17_438,169830,4375620,179820,4385610
t17_463,169830,4625370,179820,4635360
t17_464,169830,4635360,179820,4645350
t17_468,169830,4675320,179820,4685310
t17_469,169830,4685310,179820,4695300
t17_473,169830,4725270,179820,4735260
t17_474,169830,4735260,179820,4745250
t17_478,169830,4775220,179820,4785210
t17_479,169830,4785210,179820,4795200
t17_483,169830,4825170,179820,4835160
t17_484,169830,4835160,179820,4845150
t17_488,169830,4875120,179820,4885110
t17_489,169830,4885110,179820,4895100
t17_493,169830,4925070,179820,4935060
t17_494,169830,4935060,179820,4945050
t17_498,169830,4975020,179820,4985010
t17_499,169830,4985010,179820,4995000
t17_503,169830,5024970,179820,5034960
t17_504,169830,5034960,179820,5044950
t17_508,169830,5074920,179820,5084910
t17_509,169830,5084910,179820,5094900
t17_513,169830,5124870,179820,5134860
t17_514,169830,5134860,179820,5144850
t17_518,169830,5174820,179820,5184810
t17_519,169830,5184810,179820,5194800
t17_527,169830,5264730,179820,5274720
t17_528,169830,5274720,179820,5284710
t17_538,169830,5374620,179820,5384610
t17_540,169830,5394600,179820,5404590
t17_546,169830,5454540,179820,5464530
t17_547,169830,5464530,179820,5474520
t17_551,169830,5504490,179820,5514480
t17_552,169830,5514480,179820,5524470
t17_556,169830,5554440,179820,5564430
t17_557,169830,5564430,179820,5574420
t17_561,169830,5604390,179820,5614380
t17_562,169830,5614380,179820,5624370
t17_566,169830,5654340,179820,5664330
t17_567,169830,5664330,179820,5674320
t17_571,169830,5704290,179820,5714280
t17_572,169830,5714280,179820,5724270
t17_576,169830,5754240,179820,5764230
t17_577,169830,5764230,179820,5774220
t17_581,169830,5804190,179820,5814180
t17_582,169830,5814180,179820,5824170
t17_586,169830,5854140,179820,5864130
t17_587,169830,5864130,179820,5874120
t17_591,169830,5904090,179820,5914080
t17_592,169830,5914080,179820,5924070
t17_596,169830,5954040,179820,5964030
t17_597,169830,5964030,179820,5974020
t17_601,169830,6003990,179820,6013980
t17_602,169830,6013980,179820,6023970
t17_606,169830,6053940,179820,6063930
t17_607,169830,6063930,179820,6073920
t18_407,179820,4065930,189810,4075920
t18_408,179820,4075920,189810,4085910
t18_413,179820,4125870,189810,4135860
t18_414,179820,4135860,189810,4145850
t18_418,179820,4175820,189810,4185810
t18_419,179820,4185810,189810,4195800
t18_423,179820,4225770,189810,4235760
t18_424,179820,4235760,189810,4245750
t18_428,179820,4275720,189810,4285710
t18_429,179820,4285710,189810,4295700
t18_438,179820,4375620,189810,4385610
t18_440,179820,4395600,189810,4405590
t18_463,179820,4625370,189810,4635360
t18_464,179820,4635360,189810,4645350
t18_468,179820,4675320,189810,4685310
t18_469,179820,4685310,189810,4695300
t18_473,179820,4725270,189810,4735260
t18_474,179820,4735260,189810,4745250
t18_478,179820,4775220,189810,4785210
t18_479,179820,4785210,189810,4795200
t18_483,179820,4825170,189810,4835160
t18_484,179820,4835160,189810,4845150
t18_488,179820,4875120,189810,4885110
t18_489,179820,4885110,189810,4895100
t18_493,179820,4925070,189810,4935060
t18_494,179820,4935060,189810,4945050
t18_498,179820,4975020,189810,4985010
t18_499,179820,4985010,189810,4995000
t18_503,179820,5024970,189810,5034960
t18_504,179820,5034960,189810,5044950
t18_508,179820,5074920,189810,5084910
t18_509,179820,5084910,189810,5094900
t18_513,179820,5124870,189810,5134860
t18_514,179820,5134860,189810,5144850
t18_518,179820,5174820,189810,5184810
t18_519,179820,5184810,189810,5194800
t18_523,179820,5224770,189810,5234760
t18_524,179820,5234760,189810,5244750
t18_528,179820,5274720,189810,5284710
t18_529,179820,5284710,189810,5294700
t18_535,179820,5344650,189810,5354640
t18_536,179820,5354640,189810,5364630
t18_542,179820,5414580,189810,5424570
t18_543,179820,5424570,189810,5434560
t18_548,179820,5474520,189810,5484510
t18_549,179820,5484510,189810,5494500
t18_553,179820,5524470,189810,5534460
t18_554,179820,5534460,189810,5544450
t18_558,179820,5574420,189810,5584410
t18_559,179820,5584410,189810,5594400
t18_563,179820,5624370,189810,5634360
t18_564,179820,5634360,189810,5644350
t18_568,179820,5674320,189810,5684310
t18_569,179820,5684310,189810,5694300
t18_573,179820,5724270,189810,5734260
t18_574,179820,5734260,189810,5744250
t18_578,179820,5774220,189810,5784210
t18_579,179820,5784210,189810,5794200
t18_583,179820,5824170,189810,5834160
t18_584,179820,5834160,189810,5844150
t18_588,179820,5874120,189810,5884110
t18_589,179820,5884110,189810,5894100
t18_593,179820,5924070,189810,5934060
t18_594,179820,5934060,189810,5944050
t18_598,179820,5974020,189810,5984010
t18_599,179820,5984010,189810,5994000
t18_603,179820,6023970,189810,6033960
t18_604,179820,6033960,189810,6043950
t18_608,179820,6073920,189810,6083910
t18_609,179820,6083910,189810,6093900
t19_406,189810,4055940,199800,4065930
t19_407,189810,4065930,199800,4075920
t19_411,189810,4105890,199800,4115880
t19_412,189810,4115880,199800,4125870
t19_416,189810,4155840,199800,4165830
t19_417,189810,4165830,199800,4175820
t19_421,189810,4205790,199800,4215780
t19_422,189810,4215780,199800,4225770
t19_426,189810,4255740,199800,4265730
t19_427,189810,4265730,199800,4275720
t19_431,189810,4305690,199800,4315680
t19_432,189810,4315680,199800,4325670
t19_438,189810,4375620,199800,4385610
t19_456,189810,4555440,199800,4565430
t19_460,189810,4595400,199800,4605390
t19_461,189810,4605390,199800,4615380
t19_465,189810,4645350,199800,4655340
t19_466,189810,4655340,199800,4665330
t19_470,189810,4695300,199800,4705290
t19_471,189810,4705290,199800,4715280
t19_475,189810,4745250,199800,4755240
t19_476,189810,4755240,199800,4765230
t19_480,189810,4795200,199800,4805190
t19_481,189810,4805190,199800,4815180
t19_485,189810,4845150,199800,4855140
t19_486,189810,4855140,199800,4865130
t19_490,189810,4895100,199800,4905090
t19_491,189810,4905090,199800,4915080
t19_495,189810,4945050,199800,4955040
t19_496,189810,4955040,199800,4965030
t19_500,189810,4995000,199800,5004990
t19_501,189810,5004990,199800,5014980
t19_505,189810,5044950,199800,5054940
t19_506,189810,5054940,199800,5064930
t19_510,189810,5094900,199800,5104890
t19_511,189810,5104890,199800,5114880
t19_515,189810,5144850,199800,5154840
t19_516,189810,5154840,199800,5164830
t19_520,189810,5194800,199800,5204790
t19_521,189810,5204790,199800,5214780
t19_525,189810,5244750,199800,5254740
t19_526,189810,5254740,199800,5264730
t19_530,189810,5294700,199800,5304690
t19_531,189810,5304690,199800,5314680
t19_536,189810,5354640,199800,5364630
t19_537,189810,5364630,199800,5374620
t19_541,189810,5404590,199800,5414580
t19_542,189810,5414580,199800,5424570
t19_546,189810,5454540,199800,5464530
t19_547,189810,5464530,199800,5474520
t19_551,189810,5504490,199800,5514480
t19_552,189810,5514480,199800,5524470
t19_556,189810,5554440,199800,5564430
t19_557,189810,5564430,199800,5574420
t19_561,189810,5604390,199800,5614380
t19_562,189810,5614380,199800,5624370
t19_566,189810,5654340,199800,5664330
t19_567,189810,5664330,199800,5674320
t19_571,189810,5704290,199800,5714280
t19_572,189810,5714280,199800,5724270
t19_576,189810,5754240,199800,5764230
t19_577,189810,5764230,199800,5774220
t19_581,189810,5804190,199800,5814180
t19_582,189810,5814180,199800,5824170
t19_586,189810,5854140,199800,5864130
t19_587,189810,5864130,199800,5874120
t19_591,189810,5904090,199800,5914080
t19_592,189810,5914080,199800,5924070
t19_596,189810,5954040,199800,5964030
t19_597,189810,5964030,199800,5974020
t19_601,189810,6003990,199800,6013980
t19_602,189810,6013980,199800,6023970
t19_606,189810,6053940,199800,6063930
t19_607,189810,6063930,199800,6073920
t20_400,199800,3996000,209790,4005990
t20_403,199800,4025970,209790,4035960
t20_407,199800,4065930,209790,4075920
t20_408,199800,4075920,209790,4085910
t20_412,199800,4115880,209790,4125870
t20_413,199800,4125870,209790,4135860
t20_417,199800,4165830,209790,4175820
t20_418,199800,4175820,209790,4185810
t20_422,199800,4215780,209790,4225770
t20_423,199800,4225770,209790,4235760
t20_427,199800,4265730,209790,4275720
t20_428,199800,4275720,209790,4285710
t20_432,199800,4315680,209790,4325670
t20_433,199800,4325670,209790,4335660
t20_456,199800,4555440,209790,4565430
t20_457,199800,4565430,209790,4575420
t20_461,199800,4605390,209790,4615380
t20_462,199800,4615380,209790,4625370
t20_466,199800,4655340,209790,4665330
t20_467,199800,4665330,209790,4675320
t20_471,199800,4705290,209790,4715280
t20_472,199800,4715280,209790,4725270
t20_476,199800,4755240,209790,4765230
t20_477,199800,4765230,209790,4775220
t20_481,199800,4805190,209790,4815180
t20_482,199800,4815180,209790,4825170
t20_486,199800,4855140,209790,4865130
t20_487,199800,4865130,209790,4875120
t20_491,199800,4905090,209790,4915080
t20_492,199800,4915080,209790,4925070
t20_496,199800,4955040,209790,4965030
t20_497,199800,4965030,209790,4975020
t20_501,199800,5004990,209790,5014980
t20_502,199800,5014980,209790,5024970
t20_506,199800,5054940,209790,5064930
t20_507,199800,5064930,209790,5074920
t20_511,199800,5104890,209790,5114880
t20_512,199800,5114880,209790,5124870
t20_516,199800,5154840,209790,5164830
t20_517,199800,5164830,209790,5174820
t20_521,199800,5204790,209790,5214780
t20_522,199800,5214780,209790,5224770
t20_526,199800,5254740,209790,5264730
t20_527,199800,5264730,209790,5274720
t20_531,199800,5304690,209790,5314680
t20_532,199800,5314680,209790,5324670
t20_536,199800,5354640,209790,5364630
t20_537,199800,5364630,209790,5374620
t20_541,199800,5404590,209790,5414580
t20_542,199800,5414580,209790,5424570
t20_546,199800,5454540,209790,5464530
t20_547,199800,5464530,209790,5474520
t20_551,199800,5504490,209790,5514480
t20_552,199800,5514480,209790,5524470
t20_556,199800,5554440,209790,5564430
t20_557,199800,5564430,209790,5574420
t20_561,199800,5604390,209790,5614380
t20_562,199800,5614380,209790,5624370
t20_566,199800,5654340,209790,5664330
t20_567,199800,5664330,209790,5674320
t20_571,199800,5704290,209790,5714280
t20_572,199800,5714280,209790,5724270
t20_576,199800,5754240,209790,5764230
t20_577,199800,5764230,209790,5774220
t20_581,199800,5804190,209790,5814180
t20_582,199800,5814180,209790,5824170
t20_586,199800,5854140,209790,5864130
t20_587,199800,5864130,209790,5874120
t20_591,199800,5904090,209790,5914080
t20_592,199800,5914080,209790,5924070
t20_596,199800,5954040,209790,5964030
t20_597,199800,5964030,209790,5974020
t20_601,199800,6003990,209790,6013980
t20_602,199800,6013980,209790,6023970
t20_606,199800,6053940,209790,6063930
t20_607,199800,6063930,209790,6073920
t20_611,199800,6103890,209790,6113880
t20_612,199800,6113880,209790,6123870
t21_401,209790,4005990,219780,4015980
t21_402,209790,4015980,219780,4025970
t21_406,209790,4055940,219780,4065930
t21_407,209790,4065930,219780,4075920
t21_411,209790,4105890,219780,4115880
t21_412,209790,4115880,219780,4125870
t21_416,209790,4155840,219780,4165830
t21_417,209790,4165830,219780,4175820
t21_421,209790,4205790,219780,4215780
t21_422,209790,4215780,219780,4225770
t21_426,209790,4255740,219780,4265730
t21_427,209790,4265730,219780,4275720
t21_431,209790,4305690,219780,4315680
t21_432,209790,4315680,219780,4325670
t21_436,209790,4355640,219780,4365630
t21_437,209790,4365630,219780,4375620
t21_460,209790,4595400,219780,4605390
t21_461,209790,4605390,219780,4615380
t21_465,209790,4645350,219780,4655340
t21_466,209790,4655340,219780,4665330
t21_470,209790,4695300,219780,4705290
t21_471,209790,4705290,219780,4715280
t21_475,209790,4745250,219780,4755240
t21_476,209790,4755240,219780,4765230
t21_480,209790,4795200,219780,4805190
t21_481,209790,4805190,219780,4815180
t21_485,209790,4845150,219780,4855140
t21_486,209790,4855140,219780,4865130
t21_490,209790,4895100,219780,4905090
t21_491,209790,4905090,219780,4915080
t21_495,209790,4945050,219780,4955040
t21_496,209790,4955040,219780,4965030
t21_500,209790,4995000,219780,5004990
t21_501,209790,5004990,219780,5014980
t21_505,209790,5044950,219780,5054940
t21_506,209790,5054940,219780,5064930
t21_510,209790,5094900,219780,5104890
t21_511,209790,5104890,219780,5114880
t21_515,209790,5144850,219780,5154840
t21_516,209790,5154840,219780,5164830
t21_520,209790,5194800,219780,5204790
t21_521,209790,5204790,219780,5214780
t21_525,209790,5244750,219780,5254740
t21_526,209790,5254740,219780,5264730
t21_530,209790,5294700,219780,5304690
t21_531,209790,5304690,219780,5314680
t21_535,209790,5344650,219780,5354640
t21_536,209790,5354640,219780,5364630
t21_540,209790,5394600,219780,5404590
t21_541,209790,5404590,219780,5414580
t21_545,209790,5444550,219780,5454540
t21_546,209790,5454540,219780,5464530
t21_550,209790,5494500,219780,5504490
t21_551,209790,5504490,219780,5514480
t21_555,209790,5544450,219780,5554440
t21_556,209790,5554440,219780,5564430
t21_560,209790,5594400,219780,5604390
t21_561,209790,5604390,219780,5614380
t21_565,209790,5644350,219780,5654340
t21_566,209790,5654340,219780,5664330
t21_570,209790,5694300,219780,5704290
t21_571,209790,5704290,219780,5714280
t21_575,209790,5744250,219780,5754240
t21_576,209790,5754240,219780,5764230
t21_580,209790,5794200,219780,5804190
t21_581,209790,5804190,219780,5814180
t21_585,209790,5844150,219780,5854140
t21_586,209790,5854140,219780,5864130
t21_590,209790,5894100,219780,5904090
t21_591,209790,5904090,219780,5914080
t21_595,209790,5944050,219780,5954040
t21_596,209790,5954040,219780,5964030
t21_600,209790,5994000,219780,6003990
t21_601,209790,6003990,219780,6013980
t21_605,209790,6043950,219780,6053940
t21_606,209790,6053940,219780,6063930
t21_610,209790,6093900,219780,6103890
t21_611,209790,6103890,219780,6113880
t21_615,209790,6143850,219780,6153840
t21_616,209790,6153840,219780,6163830
t22_402,219780,4015980,229770,4025970
t22_403,219780,4025970,229770,4035960
t22_407,219780,4065930,229770,4075920
t22_408,219780,4075920,229770,4085910
t22_412,219780,4115880,229770,4125870
t22_413,219780,4125870,229770,4135860
t22_417,219780,4165830,229770,4175820
t22_418,219780,4175820,229770,4185810
t22_422,219780,4215780,229770,4225770
t22_423,219780,4225770,229770,4235760
t22_427,219780,4265730,229770,4275720
t22_428,219780,4275720,229770,4285710
t22_432,219780,4315680,229770,4325670
t22_433,219780,4325670,229770,4335660
t22_437,219780,4365630,229770,4375620
t22_438,219780,4375620,229770,4385610
t22_460,219780,4595400,229770,4605390
t22_461,219780,4605390,229770,4615380
t22_465,219780,4645350,229770,4655340
t22_466,219780,4655340,229770,4665330
t22_470,219780,4695300,229770,4705290
t22_471,219780,4705290,229770,4715280
t22_475,219780,4745250,229770,4755240
t22_476,219780,4755240,229770,4765230
t22_480,219780,4795200,229770,4805190
t22_481,219780,4805190,229770,4815180
t22_485,219780,4845150,229770,4855140
t22_486,219780,4855140,229770,4865130
t22_490,219780,4895100,229770,4905090
t22_491,219780,4905090,229770,4915080
t22_495,219780,4945050,229770,4955040
t22_496,219780,4955040,229770,4965030
t22_500,219780,4995000,229770,5004990
t22_501,219780,5004990,229770,5014980
t22_505,219780,5044950,229770,5054940
t22_506,219780,5054940,229770,5064930
t22_510,219780,5094900,229770,5104890
t22_511,219780,5104890,229770,5114880
t22_515,219780,5144850,229770,5154840
t22_516,219780,5154840,229770,5164830
t22_520,219780,5194800,229770,5204790
t22_521,219780,5204790,229770,5214780
t22_525,219780,5244750,229770,5254740
t22_526,219780,5254740,229770,5264730
t22_530,219780,5294700,229770,5304690
t22_531,219780,5304690,229770,5314680
t22_535,219780,5344650,229770,5354640
t22_536,219780,5354640,229770,5364630
t22_540,219780,5394600,229770,5404590
t22_541,219780,5404590,229770,5414580
t22_545,219780,5444550,229770,5454540
t22_546,219780,5454540,229770,5464530
t22_550,219780,5494500,229770,5504490
t22_551,219780,5504490,229770,5514480
t22_555,219780,5544450,229770,5554440
t22_556,219780,5554440,229770,5564430
t22_560,219780,5594400,229770,5604390
t22_561,219780,5604390,229770,5614380
t22_565,219780,5644350,229770,5654340
t22_566,219780,5654340,229770,5664330
t22_570,219780,5694300,229770,5704290
t22_571,219780,5704290,229770,5714280
t22_575,219780,5744250,229770,5754240
t22_576,219780,5754240,229770,5764230
t22_580,219780,5794200,229770,5804190
t22_581,219780,5804190,229770,5814180
t22_585,219780,5844150,229770,5854140
t22_586,219780,5854140,229770,5864130
t22_590,219780,5894100,229770,5904090
t22_591,219780,5904090,229770,5914080
t22_595,219780,5944050,229770,5954040
t22_596,219780,5954040,229770,5964030
t22_600,219780,5994000,229770,6003990
t22_601,219780,6003990,229770,6013980
t22_605,219780,6043950,229770,6053940
t22_606,219780,6053940,229770,6063930
t22_610,219780,6093900,229770,6103890
t22_611,219780,6103890,229770,6113880
t22_615,219780,6143850,229770,6153840
t22_616,219780,6153840,229770,6163830
t22_620,219780,6193800,229770,6203790
t22_621,219780,6203790,229770,6213780
t23_396,229770,3956040,239760,3966030
t23_398,229770,3976020,239760,3986010
t23_402,229770,4015980,239760,4025970
t23_403,229770,4025970,239760,4035960
t23_407,229770,4065930,239760,4075920
t23_408,229770,4075920,239760,4085910
t23_412,229770,4115880,239760,4125870
t23_413,229770,4125870,239760,4135860
t23_417,229770,4165830,239760,4175820
t23_418,229770,4175820,239760,4185810
t23_422,229770,4215780,239760,4225770
t23_423,229770,4225770,239760,4235760
t23_427,229770,4265730,239760,4275720
t23_428,229770,4275720,239760,4285710
t23_432,229770,4315680,239760,4325670
t23_433,229770,4325670,239760,4335660
t23_437,229770,4365630,239760,4375620
t23_438,229770,4375620,239760,4385610
t23_461,229770,4605390,239760,4615380
t23_462,229770,4615380,239760,4625370
t23_466,229770,4655340,239760,4665330
t23_467,229770,4665330,239760,4675320
t23_471,229770,4705290,239760,4715280
t23_472,229770,4715280,239760,4725270
t23_476,229770,4755240,239760,4765230
t23_477,229770,4765230,239760,4775220
t23_481,229770,4805190,239760,4815180
t23_482,229770,4815180,239760,4825170
t23_486,229770,4855140,239760,4865130
t23_487,229770,4865130,239760,4875120
t23_491,229770,4905090,239760,4915080
t23_492,229770,4915080,239760,4925070
t23_496,229770,4955040,239760,4965030
t23_497,229770,4965030,239760,4975020
t23_501,229770,5004990,239760,5014980
t23_502,229770,5014980,239760,5024970
t23_506,229770,5054940,239760,5064930
t23_507,229770,5064930,239760,5074920
t23_511,229770,5104890,239760,5114880
t23_512,229770,5114880,239760,5124870
t23_516,229770,5154840,239760,5164830
t23_517,229770,5164830,239760,5174820
t23_521,229770,5204790,239760,5214780
t23_522,229770,5214780,239760,5224770
t23_526,229770,5254740,239760,5264730
t23_527,229770,5264730,239760,5274720
t23_531,229770,5304690,239760,5314680
t23_532,229770,5314680,239760,5324670
t23_536,229770,5354640,239760,5364630
t23_537,229770,5364630,239760,5374620
t23_541,229770,5404590,239760,5414580
t23_542,229770,5414580,239760,5424570
t23_546,229770,5454540,239760,5464530
t23_547,229770,5464530,239760,5474520
t23_551,229770,5504490,239760,5514480
t23_552,229770,5514480,239760,5524470
t23_556,229770,5554440,239760,5564430
t23_557,229770,5564430,239760,5574420
t23_561,229770,5604390,239760,5614380
t23_562,229770,5614380,239760,5624370
t23_566,229770,5654340,239760,5664330
t23_567,229770,5664330,239760,5674320
t23_571,229770,5704290,239760,5714280
t23_572,229770,5714280,239760,5724270
t23_576,229770,5754240,239760,5764230
t23_577,229770,5764230,239760,5774220
t23_581,229770,5804190,239760,5814180
t23_582,229770,5814180,239760,5824170
t23_586,229770,5854140,239760,5864130
t23_587,229770,5864130,239760,5874120
t23_591,229770,5904090,239760,5914080
t23_592,229770,5914080,239760,5924070
t23_596,229770,5954040,239760,5964030
t23_597,229770,5964030,239760,5974020
t23_601,229770,6003990,239760,6013980
t23_602,229770,6013980,239760,6023970
t23_606,229770,6053940,239760,6063930
t23_607,229770,6063930,239760,6073920
t23_611,229770,6103890,239760,6113880
t23_612,229770,6113880,239760,6123870
t23_616,229770,6153840,239760,6163830
t23_617,229770,6163830,239760,6173820
t23_621,229770,6203790,239760,6213780
t23_622,229770,6213780,239760,6223770
t24_395,239760,3946050,249750,3956040
t24_396,239760,3956040,249750,3966030
t24_401,239760,4005990,249750,4015980
t24_402,239760,4015980,249750,4025970
t24_406,239760,4055940,249750,4065930
t24_407,239760,4065930,249750,4075920
t24_411,239760,4105890,249750,4115880
t24_412,239760,4115880,249750,4125870
t24_416,239760,4155840,249750,4165830
t24_417,239760,4165830,249750,4175820
t24_421,239760,4205790,249750,4215780
t24_422,239760,4215780,249750,4225770
t24_426,239760,4255740,249750,4265730
t24_427,239760,4265730,249750,4275720
t24_431,239760,4305690,249750,4315680
t24_432,239760,4315680,249750,4325670
t24_436,239760,4355640,249750,4365630
t24_437,239760,4365630,249750,4375620
t24_464,239760,4635360,249750,4645350
t24_465,239760,4645350,249750,4655340
t24_469,239760,4685310,249750,4695300
t24_470,239760,4695300,249750,4705290
t24_474,239760,4735260,249750,4745250
t24_475,239760,4745250,249750,4755240
t24_479,239760,4785210,249750,4795200
t24_480,239760,4795200,249750,4805190
t24_484,239760,4835160,249750,4845150
t24_485,239760,4845150,249750,4855140
t24_489,239760,4885110,249750,4895100
t24_490,239760,4895100,249750,4905090
t24_494,239760,4935060,249750,4945050
t24_495,239760,4945050,249750,4955040
t24_499,239760,4985010,249750,4995000
t24_500,239760,4995000,249750,5004990
t24_504,239760,5034960,249750,5044950
t24_505,239760,5044950,249750,5054940
t24_509,239760,5084910,249750,5094900
t24_510,239760,5094900,249750,5104890
t24_514,239760,5134860,249750,5144850
t24_515,239760,5144850,249750,5154840
t24_519,239760,5184810,249750,5194800
t24_520,239760,5194800,249750,5204790
t24_524,239760,5234760,249750,5244750
t24_525,239760,5244750,249750,5254740
t24_529,239760,5284710,249750,5294700
t24_530,239760,5294700,249750,5304690
t24_535,239760,5344650,249750,5354640
t24_536,239760,5354640,249750,5364630
t24_540,239760,5394600,249750,5404590
t24_541,239760,5404590,249750,5414580
t24_545,239760,5444550,249750,5454540
t24_546,239760,5454540,249750,5464530
t24_550,239760,5494500,249750,5504490
t24_551,239760,5504490,249750,5514480
t24_555,239760,5544450,249750,5554440
t24_556,239760,5554440,249750,5564430
t24_560,239760,5594400,249750,5604390
t24_561,239760,5604390,249750,5614380
t24_565,239760,5644350,249750,5654340
t24_566,239760,5654340,249750,5664330
t24_570,239760,5694300,249750,5704290
t24_571,239760,5704290,249750,5714280
t24_575,239760,5744250,249750,5754240
t24_576,239760,5754240,249750,5764230
t24_580,239760,5794200,249750,5804190
t24_581,239760,5804190,249750,5814180
t24_585,239760,5844150,249750,5854140
t24_586,239760,5854140,249750,5864130
t24_590,239760,5894100,249750,5904090
t24_591,239760,5904090,249750,5914080
t24_595,239760,5944050,249750,5954040
t24_596,239760,5954040,249750,5964030
t24_600,239760,5994000,249750,6003990
t24_601,239760,6003990,249750,6013980
t24_605,239760,6043950,249750,6053940
t24_606,239760,6053940,249750,6063930
t24_610,239760,6093900,249750,6103890
t24_611,239760,6103890,249750,6113880
t24_615,239760,6143850,249750,6153840
t24_616,239760,6153840,249750,6163830
t24_620,239760,6193800,249750,6203790
t24_621,239760,6203790,249750,6213780
t24_625,239760,6243750,249750,6253740
t24_626,239760,6253740,249750,6263730
t24_634,239760,6333660,249750,6343650
t24_654,239760,6533460,249750,6543450
t24_658,239760,6573420,249750,6583410
t24_659,239760,6583410,249750,6593400
t24_663,239760,6623370,249750,6633360
t24_664,239760,6633360,249750,6643350
t25_400,249750,3996000,259740,4005990
t25_401,249750,4005990,259740,4015980
t25_405,249750,4045950,259740,4055940
t25_406,249750,4055940,259740,4065930
t25_410,249750,4095900,259740,4105890
t25_411,249750,4105890,259740,4115880
t25_415,249750,4145850,259740,4155840
t25_416,249750,4155840,259740,4165830
t25_420,249750,4195800,259740,4205790
t25_421,249750,4205790,259740,4215780
t25_425,249750,4245750,259740,4255740
t25_426,249750,4255740,259740,4265730
t25_430,249750,4295700,259740,4305690
t25_431,249750,4305690,259740,4315680
t25_435,249750,4345650,259740,4355640
t25_436,249750,4355640,259740,4365630
t25_464,249750,4635360,259740,4645350
t25_465,249750,4645350,259740,4655340
t25_475,249750,4745250,259740,4755240
t25_476,249750,4755240,259740,4765230
t25_480,249750,4795200,259740,4805190
t25_481,249750,4805190,259740,4815180
t25_485,249750,4845150,259740,4855140
t25_486,249750,4855140,259740,4865130
t25_490,249750,4895100,259740,4905090
t25_491,249750,4905090,259740,4915080
t25_495,249750,4945050,259740,4955040
t25_496,249750,4955040,259740,4965030
t25_500,249750,4995000,259740,5004990
t25_501,249750,5004990,259740,5014980
t25_505,249750,5044950,259740,5054940
t25_506,249750,5054940,259740,5064930
t25_510,249750,5094900,259740,5104890
t25_511,249750,5104890,259740,5114880
t25_515,249750,5144850,259740,5154840
t25_516,249750,5154840,259740,5164830
t25_520,249750,5194800,259740,5204790
t25_521,249750,5204790,259740,5214780
t25_529,249750,5284710,259740,5294700
t25_530,249750,5294700,259740,5304690
t25_536,249750,5354640,259740,5364630
t25_537,249750,5364630,259740,5374620
t25_541,249750,5404590,259740,5414580
t25_542,249750,5414580,259740,5424570
t25_546,249750,5454540,259740,5464530
t25_547,249750,5464530,259740,5474520
t25_551,249750,5504490,259740,5514480
t25_552,249750,5514480,259740,5524470
t25_556,249750,5554440,259740,5564430
t25_557,249750,5564430,259740,5574420
t25_561,249750,5604390,259740,5614380
t25_562,249750,5614380,259740,5624370
t25_566,249750,5654340,259740,5664330
t25_567,249750,5664330,259740,5674320
t25_571,249750,5704290,259740,5714280
t25_572,249750,5714280,259740,5724270
t25_576,249750,5754240,259740,5764230
t25_577,249750,5764230,259740,5774220
t25_581,249750,5804190,259740,5814180
t25_582,249750,5814180,259740,5824170
t25_586,249750,5854140,259740,5864130
t25_587,249750,5864130,259740,5874120
t25_591,249750,5904090,259740,5914080
t25_592,249750,5914080,259740,5924070
t25_596,249750,5954040,259740,5964030
t25_597,249750,5964030,259740,5974020
t25_601,249750,6003990,259740,6013980
t25_602,249750,6013980,259740,6023970
t25_606,249750,6053940,259740,6063930
t25_607,249750,6063930,259740,6073920
t25_611,249750,6103890,259740,6113880
t25_612,249750,6113880,259740,6123870
t25_616,249750,6153840,259740,6163830
t25_617,249750,6163830,259740,6173820
t25_621,249750,6203790,259740,6213780
t25_622,249750,6213780,259740,6223770
t25_626,249750,6253740,259740,6263730
t25_627,249750,6263730,259740,6273720
t25_631,249750,6303690,259740,6313680
t25_632,249750,6313680,259740,6323670
t25_648,249750,6473520,259740,6483510
t25_649,249750,6483510,259740,6493500
t25_653,249750,6523470,259740,6533460
t25_654,249750,6533460,259740,6543450
t25_658,249750,6573420,259740,6583410
t25_659,249750,6583410,259740,6593400
t25_663,249750,6623370,259740,6633360
t25_664,249750,6633360,259740,6643350
t26_399,259740,3986010,269730,3996000
t26_400,259740,3996000,269730,4005990
t26_404,259740,4035960,269730,4045950
t26_405,259740,4045950,269730,4055940
t26_409,259740,4085910,269730,4095900
t26_410,259740,4095900,269730,4105890
t26_414,259740,4135860,269730,4145850
t26_415,259740,4145850,269730,4155840
t26_419,259740,4185810,269730,4195800
t26_420,259740,4195800,269730,4205790
t26_424,259740,4235760,269730,4245750
t26_425,259740,4245750,269730,4255740
t26_429,259740,4285710,269730,4295700
t26_430,259740,4295700,269730,4305690
t26_434,259740,4335660,269730,4345650
t26_435,259740,4345650,269730,4355640
t26_464,259740,4635360,269730,4645350
t26_475,259740,4745250,269730,4755240
t26_479,259740,4785210,269730,4795200
t26_480,259740,4795200,269730,4805190
t26_484,259740,4835160,269730,4845150
t26_485,259740,4845150,269730,4855140
t26_489,259740,4885110,269730,4895100
t26_490,259740,4895100,269730,4905090
t26_494,259740,4935060,269730,4945050
t26_495,259740,4945050,269730,4955040
t26_499,259740,4985010,269730,4995000
t26_500,259740,4995000,269730,5004990
t26_504,259740,5034960,269730,5044950
t26_505,259740,5044950,269730,5054940
t26_509,259740,5084910,269730,5094900
t26_510,259740,5094900,269730,5104890
t26_514,259740,5134860,269730,5144850
t26_515,259740,5144850,269730,5154840
t26_519,259740,5184810,269730,5194800
t26_520,259740,5194800,269730,5204790
t26_533,259740,5324670,269730,5334660
t26_534,259740,5334660,269730,5344650
t26_538,259740,5374620,269730,5384610
t26_539,259740,5384610,269730,5394600
t26_544,259740,5434560,269730,5444550
t26_545,259740,5444550,269730,5454540
t26_554,259740,5534460,269730,5544450
t26_555,259740,5544450,269730,5554440
t26_559,259740,5584410,269730,5594400
t26_560,259740,5594400,269730,5604390
t26_564,259740,5634360,269730,5644350
t26_565,259740,5644350,269730,5654340
t26_569,259740,5684310,269730,5694300
t26_570,259740,5694300,269730,5704290
t26_574,259740,5734260,269730,5744250
t26_575,259740,5744250,269730,5754240
t26_579,259740,5784210,269730,5794200
t26_580,259740,5794200,269730,5804190
t26_584,259740,5834160,269730,5844150
t26_585,259740,5844150,269730,5854140
t26_589,259740,5884110,269730,5894100
t26_590,259740,5894100,269730,5904090
t26_594,259740,5934060,269730,5944050
t26_595,259740,5944050,269730,5954040
t26_599,259740,5984010,269730,5994000
t26_600,259740,5994000,269730,6003990
t26_604,259740,6033960,269730,6043950
t26_605,259740,6043950,269730,6053940
t26_609,259740,6083910,269730,6093900
t26_610,259740,6093900,269730,6103890
t26_614,259740,6133860,269730,6143850
t26_615,259740,6143850,269730,6153840
t26_619,259740,6183810,269730,6193800
t26_620,259740,6193800,269730,6203790
t26_624,259740,6233760,269730,6243750
t26_625,259740,6243750,269730,6253740
t26_629,259740,6283710,269730,6293700
t26_630,259740,6293700,269730,6303690
t26_634,259740,6333660,269730,6343650
t26_635,259740,6343650,269730,6353640
t26_640,259740,6393600,269730,6403590
t26_642,259740,6413580,269730,6423570
t26_646,259740,6453540,269730,6463530
t26_647,259740,6463530,269730,6473520
t26_651,259740,6503490,269730,6513480
t26_652,259740,6513480,269730,6523470
t26_656,259740,6553440,269730,6563430
t26_657,259740,6563430,269730,6573420
t26_661,259740,6603390,269730,6613380
t26_662,259740,6613380,269730,6623370
t26_666,259740,6653340,269730,6663330
t27_396,269730,3956040,279720,3966030
t27_400,269730,3996000,279720,4005990
t27_401,269730,4005990,279720,4015980
t27_405,269730,4045950,279720,4055940
t27_406,269730,4055940,279720,4065930
t27_410,269730,4095900,279720,4105890
t27_411,269730,4105890,279720,4115880
t27_415,269730,4145850,279720,4155840
t27_416,269730,4155840,279720,4165830
t27_420,269730,4195800,279720,4205790
t27_421,269730,4205790,279720,4215780
t27_425,269730,4245750,279720,4255740
t27_426,269730,4255740,279720,4265730
t27_431,269730,4305690,279720,4315680
t27_432,269730,4315680,279720,4325670
t27_475,269730,4745250,279720,4755240
t27_476,269730,4755240,279720,4765230
t27_480,269730,4795200,279720,4805190
t27_481,269730,4805190,279720,4815180
t27_485,269730,4845150,279720,4855140
t27_486,269730,4855140,279720,4865130
t27_490,269730,4895100,279720,4905090
t27_491,269730,4905090,279720,4915080
t27_495,269730,4945050,279720,4955040
t27_496,269730,4955040,279720,4965030
t27_500,269730,4995000,279720,5004990
t27_501,269730,5004990,279720,5014980
t27_506,269730,5054940,279720,5064930
t27_507,269730,5064930,279720,5074920
t27_511,269730,5104890,279720,5114880
t27_512,269730,5114880,279720,5124870
t27_516,269730,5154840,279720,5164830
t27_517,269730,5164830,279720,5174820
t27_533,269730,5324670,279720,5334660
t27_534,269730,5334660,279720,5344650
t27_553,269730,5524470,279720,5534460
t27_554,269730,5534460,279720,5544450
t27_559,269730,5584410,279720,5594400
t27_560,269730,5594400,279720,5604390
t27_564,269730,5634360,279720,5644350
t27_565,269730,5644350,279720,5654340
t27_569,269730,5684310,279720,5694300
t27_570,269730,5694300,279720,5704290
t27_574,269730,5734260,279720,5744250
t27_575,269730,5744250,279720,5754240
t27_579,269730,5784210,279720,5794200
t27_580,269730,5794200,279720,5804190
t27_584,269730,5834160,279720,5844150
t27_585,269730,5844150,279720,5854140
t27_589,269730,5884110,279720,5894100
t27_590,269730,5894100,279720,5904090
t27_594,269730,5934060,279720,5944050
t27_595,269730,5944050,279720,5954040
t27_599,269730,5984010,279720,5994000
t27_600,269730,5994000,279720,6003990
t27_604,269730,6033960,279720,6043950
t27_605,269730,6043950,279720,6053940
t27_609,269730,6083910,279720,6093900
t27_610,269730,6093900,279720,6103890
t27_614,269730,6133860,279720,6143850
t27_615,269730,6143850,279720,6153840
t27_619,269730,6183810,279720,6193800
t27_620,269730,6193800,279720,6203790
t27_624,269730,6233760,279720,6243750
t27_625,269730,6243750,279720,6253740
t27_629,269730,6283710,279720,6293700
t27_630,269730,6293700,279720,6303690
t27_634,269730,6333660,279720,6343650
t27_635,269730,6343650,279720,6353640
t27_639,269730,6383610,279720,6393600
t27_640,269730,6393600,279720,6403590
t27_644,269730,6433560,279720,6443550
t27_645,269730,6443550,279720,6453540
t27_649,269730,6483510,279720,6493500
t27_650,269730,6493500,279720,6503490
t27_654,269730,6533460,279720,6543450
t27_655,269730,6543450,279720,6553440
t27_659,269730,6583410,279720,6593400
t27_660,269730,6593400,279720,6603390
t27_664,269730,6633360,279720,6643350
t27_665,269730,6643350,279720,6653340
t28_397,279720,3966030,289710,3976020
t28_398,279720,3976020,289710,3986010
t28_402,279720,4015980,289710,4025970
t28_403,279720,4025970,289710,4035960
t28_407,279720,4065930,289710,4075920
t28_408,279720,4075920,289710,4085910
t28_412,279720,4115880,289710,4125870
t28_413,279720,4125870,289710,4135860
t28_417,279720,4165830,289710,4175820
t28_418,279720,4175820,289710,4185810
t28_422,279720,4215780,289710,4225770
t28_423,279720,4225770,289710,4235760
t28_477,279720,4765230,289710,4775220
t28_478,279720,4775220,289710,4785210
t28_484,279720,4835160,289710,4845150
t28_485,279720,4845150,289710,4855140
t28_489,279720,4885110,289710,4895100
t28_490,279720,4895100,289710,4905090
t28_494,279720,4935060,289710,4945050
t28_495,279720,4945050,289710,4955040
t28_499,279720,4985010,289710,4995000
t28_500,279720,4995000,289710,5004990
t28_505,279720,5044950,289710,5054940
t28_506,279720,5054940,289710,5064930
t28_513,279720,5124870,289710,5134860
t28_514,279720,5134860,289710,5144850
t28_561,279720,5604390,289710,5614380
t28_562,279720,5614380,289710,5624370
t28_566,279720,5654340,289710,5664330
t28_567,279720,5664330,289710,5674320
t28_571,279720,5704290,289710,5714280
t28_572,279720,5714280,289710,5724270
t28_576,279720,5754240,289710,5764230
t28_577,279720,5764230,289710,5774220
t28_581,279720,5804190,289710,5814180
t28_582,279720,5814180,289710,5824170
t28_586,279720,5854140,289710,5864130
t28_587,279720,5864130,289710,5874120
t28_591,279720,5904090,289710,5914080
t28_592,279720,5914080,289710,5924070
t28_596,279720,5954040,289710,5964030
t28_597,279720,5964030,289710,5974020
t28_601,279720,6003990,289710,6013980
t28_602,279720,6013980,289710,6023970
t28_606,279720,6053940,289710,6063930
t28_607,279720,6063930,289710,6073920
t28_611,279720,6103890,289710,6113880
t28_612,279720,6113880,289710,6123870
t28_616,279720,6153840,289710,6163830
t28_617,279720,6163830,289710,6173820
t28_621,279720,6203790,289710,6213780
t28_622,279720,6213780,289710,6223770
t28_626,279720,6253740,289710,6263730
t28_627,279720,6263730,289710,6273720
t28_631,279720,6303690,289710,6313680
t28_632,279720,6313680,289710,6323670
t28_636,279720,6353640,289710,6363630
t28_637,279720,6363630,289710,6373620
t28_641,279720,6403590,289710,6413580
t28_642,279720,6413580,289710,6423570
t28_646,279720,6453540,289710,6463530
t28_647,279720,6463530,289710,6473520
t28_651,279720,6503490,289710,6513480
t28_652,279720,6513480,289710,6523470
t28_656,279720,6553440,289710,6563430
t28_657,279720,6563430,289710,6573420
t28_661,279720,6603390,289710,6613380
t28_662,279720,6613380,289710,6623370
t28_666,279720,6653340,289710,6663330
t28_667,279720,6663330,289710,6673320
t29_399,289710,3986010,299700,3996000
t29_400,289710,3996000,299700,4005990
t29_404,289710,4035960,299700,4045950
t29_405,289710,4045950,299700,4055940
t29_409,289710,4085910,299700,4095900
t29_410,289710,4095900,299700,4105890
t29_414,289710,4135860,299700,4145850
t29_415,289710,4145850,299700,4155840
t29_419,289710,4185810,299700,4195800
t29_420,289710,4195800,299700,4205790
t29_424,289710,4235760,299700,4245750
t29_425,289710,4245750,299700,4255740
t29_484,289710,4835160,299700,4845150
t29_487,289710,4865130,299700,4875120
t29_492,289710,4915080,299700,4925070
t29_496,289710,4955040,299700,4965030
t29_500,289710,4995000,299700,5004990
t29_501,289710,5004990,299700,5014980
t29_506,289710,5054940,299700,5064930
t29_507,289710,5064930,299700,5074920
t29_564,289710,5634360,299700,5644350
t29_565,289710,5644350,299700,5654340
t29_569,289710,5684310,299700,5694300
t29_570,289710,5694300,299700,5704290
t29_574,289710,5734260,299700,5744250
t29_575,289710,5744250,299700,5754240
t29_579,289710,5784210,299700,5794200
t29_580,289710,5794200,299700,5804190
t29_584,289710,5834160,299700,5844150
t29_585,289710,5844150,299700,5854140
t29_589,289710,5884110,299700,5894100
t29_590,289710,5894100,299700,5904090
t29_594,289710,5934060,299700,5944050
t29_595,289710,5944050,299700,5954040
t29_599,289710,5984010,299700,5994000
t29_600,289710,5994000,299700,6003990
t29_604,289710,6033960,299700,6043950
t29_605,289710,6043950,299700,6053940
t29_609,289710,6083910,299700,6093900
t29_610,289710,6093900,299700,6103890
t29_614,289710,6133860,299700,6143850
t29_615,289710,6143850,299700,6153840
t29_619,289710,6183810,299700,6193800
t29_620,289710,6193800,299700,6203790
t29_624,289710,6233760,299700,6243750
t29_625,289710,6243750,299700,6253740
t29_629,289710,6283710,299700,6293700
t29_630,289710,6293700,299700,6303690
t29_634,289710,6333660,299700,6343650
t29_635,289710,6343650,299700,6353640
t29_639,289710,6383610,299700,6393600
t29_640,289710,6393600,299700,6403590
t29_644,289710,6433560,299700,6443550
t29_645,289710,6443550,299700,6453540
t29_649,289710,6483510,299700,6493500
t29_650,289710,6493500,299700,6503490
t29_654,289710,6533460,299700,6543450
t29_655,289710,6543450,299700,6553440
t29_659,289710,6583410,299700,6593400
t29_660,289710,6593400,299700,6603390
t29_664,289710,6633360,299700,6643350
t29_665,289710,6643350,299700,6653340
t30_394,299700,3936060,309690,3946050
t30_395,299700,3946050,309690,3956040
t30_399,299700,3986010,309690,3996000
t30_400,299700,3996000,309690,4005990
t30_404,299700,4035960,309690,4045950
t30_405,299700,4045950,309690,4055940
t30_409,299700,4085910,309690,4095900
t30_410,299700,4095900,309690,4105890
t30_414,299700,4135860,309690,4145850
t30_415,299700,4145850,309690,4155840
t30_419,299700,4185810,309690,4195800
t30_420,299700,4195800,309690,4205790
t30_496,299700,4955040,309690,4965030
t30_497,299700,4965030,309690,4975020
t30_501,299700,5004990,309690,5014980
t30_504,299700,5034960,309690,5044950
t30_508,299700,5074920,309690,5084910
t30_570,299700,5694300,309690,5704290
t30_574,299700,5734260,309690,5744250
t30_575,299700,5744250,309690,5754240
t30_579,299700,5784210,309690,5794200
t30_580,299700,5794200,309690,5804190
t30_584,299700,5834160,309690,5844150
t30_585,299700,5844150,309690,5854140
t30_589,299700,5884110,309690,5894100
t30_590,299700,5894100,309690,5904090
t30_594,299700,5934060,309690,5944050
t30_595,299700,5944050,309690,5954040
t30_599,299700,5984010,309690,5994000
t30_600,299700,5994000,309690,6003990
t30_604,299700,6033960,309690,6043950
t30_605,299700,6043950,309690,6053940
t30_609,299700,6083910,309690,6093900
t30_610,299700,6093900,309690,6103890
t30_614,299700,6133860,309690,6143850
t30_615,299700,6143850,309690,6153840
t30_619,299700,6183810,309690,6193800
t30_620,299700,6193800,309690,6203790
t30_624,299700,6233760,309690,6243750
t30_625,299700,6243750,309690,6253740
t30_629,299700,6283710,309690,6293700
t30_630,299700,6293700,309690,6303690
t30_634,299700,6333660,309690,6343650
t30_635,299700,6343650,309690,6353640
t30_639,299700,6383610,309690,6393600
t30_640,299700,6393600,309690,6403590
t30_644,299700,6433560,309690,6443550
t30_645,299700,6443550,309690,6453540
t30_649,299700,6483510,309690,6493500
t30_650,299700,6493500,309690,6503490
t30_654,299700,6533460,309690,6543450
t30_655,299700,6543450,309690,6553440
t30_659,299700,6583410,309690,6593400
t30_660,299700,6593400,309690,6603390
t30_664,299700,6633360,309690,6643350
t30_665,299700,6643350,309690,6653340
t31_394,309690,3936060,319680,3946050
t31_395,309690,3946050,319680,3956040
t31_399,309690,3986010,319680,3996000
t31_400,309690,3996000,319680,4005990
t31_404,309690,4035960,319680,4045950
t31_405,309690,4045950,319680,4055940
t31_409,309690,4085910,319680,4095900
t31_410,309690,4095900,319680,4105890
t31_415,309690,4145850,319680,4155840
t31_416,309690,4155840,319680,4165830
t31_420,309690,4195800,319680,4205790
t31_421,309690,4205790,319680,4215780
t31_498,309690,4975020,319680,4985010
t31_499,309690,4985010,319680,4995000
t31_507,309690,5064930,319680,5074920
t31_508,309690,5074920,319680,5084910
t31_573,309690,5724270,319680,5734260
t31_574,309690,5734260,319680,5744250
t31_578,309690,5774220,319680,5784210
t31_579,309690,5784210,319680,5794200
t31_585,309690,5844150,319680,5854140
t31_588,309690,5874120,319680,5884110
t31_593,309690,5924070,319680,5934060
t31_594,309690,5934060,319680,5944050
t31_598,309690,5974020,319680,5984010
t31_599,309690,5984010,319680,5994000
t31_603,309690,6023970,319680,6033960
t31_604,309690,6033960,319680,6043950
t31_608,309690,6073920,319680,6083910
t31_609,309690,6083910,319680,6093900
t31_613,309690,6123870,319680,6133860
t31_614,309690,6133860,319680,6143850
t31_618,309690,6173820,319680,6183810
t31_619,309690,6183810,319680,6193800
t31_623,309690,6223770,319680,6233760
t31_624,309690,6233760,319680,6243750
t31_628,309690,6273720,319680,6283710
t31_629,309690,6283710,319680,6293700
t31_633,309690,6323670,319680,6333660
t31_634,309690,6333660,319680,6343650
t31_638,309690,6373620,319680,6383610
t31_639,309690,6383610,319680,6393600
t31_643,309690,6423570,319680,6433560
t31_644,309690,6433560,319680,6443550
t31_648,309690,6473520,319680,6483510
t31_649,309690,6483510,319680,6493500
t31_653,309690,6523470,319680,6533460
t31_654,309690,6533460,319680,6543450
t31_658,309690,6573420,319680,6583410
t31_659,309690,6583410,319680,6593400
t31_663,309690,6623370,319680,6633360
t31_664,309690,6633360,319680,6643350
t32_393,319680,3926070,329670,3936060
t32_394,319680,3936060,329670,3946050
t32_398,319680,3976020,329670,3986010
t32_399,319680,3986010,329670,3996000
t32_403,319680,4025970,329670,4035960
t32_404,319680,4035960,329670,4045950
t32_408,319680,4075920,329670,4085910
t32_409,319680,4085910,329670,4095900
t32_415,319680,4145850,329670,4155840
t32_416,319680,4155840,329670,4165830
t32_420,319680,4195800,329670,4205790
t32_421,319680,4205790,329670,4215780
t32_505,319680,5044950,329670,5054940
t32_506,319680,5054940,329670,5064930
t32_572,319680,5714280,329670,5724270
t32_573,319680,5724270,329670,5734260
t32_577,319680,5764230,329670,5774220
t32_578,319680,5774220,329670,5784210
t32_598,319680,5974020,329670,5984010
t32_599,319680,5984010,329670,5994000
t32_603,319680,6023970,329670,6033960
t32_604,319680,6033960,329670,6043950
t32_608,319680,6073920,329670,6083910
t32_609,319680,6083910,329670,6093900
t32_613,319680,6123870,329670,6133860
t32_614,319680,6133860,329670,6143850
t32_618,319680,6173820,329670,6183810
t32_619,319680,6183810,329670,6193800
t32_623,319680,6223770,329670,6233760
t32_624,319680,6233760,329670,6243750
t32_628,319680,6273720,329670,6283710
t32_629,319680,6283710,329670,6293700
t32_633,319680,6323670,329670,6333660
t32_634,319680,6333660,329670,6343650
t32_638,319680,6373620,329670,6383610
t32_639,319680,6383610,329670,6393600
t32_643,319680,6423570,329670,6433560
t32_644,319680,6433560,329670,6443550
t32_648,319680,6473520,329670,6483510
t32_649,319680,6483510,329670,6493500
t32_653,319680,6523470,329670,6533460
t32_654,319680,6533460,329670,6543450
t32_658,319680,6573420,329670,6583410
t32_659,319680,6583410,329670,6593400
t32_663,319680,6623370,329670,6633360
t32_664,319680,6633360,329670,6643350
t33_393,329670,3926070,339660,3936060
t33_394,329670,3936060,339660,3946050
t33_398,329670,3976020,339660,3986010
t33_399,329670,3986010,339660,3996000
t33_403,329670,4025970,339660,4035960
t33_404,329670,4035960,339660,4045950
t33_408,329670,4075920,339660,4085910
t33_409,329670,4085910,339660,4095900
t33_415,329670,4145850,339660,4155840
t33_416,329670,4155840,339660,4165830
t33_420,329670,4195800,339660,4205790
t33_421,329670,4205790,339660,4215780
t33_506,329670,5054940,339660,5064930
t33_507,329670,5064930,339660,5074920
t33_574,329670,5734260,339660,5744250
t33_597,329670,5964030,339660,5974020
t33_601,329670,6003990,339660,6013980
t33_602,329670,6013980,339660,6023970
t33_606,329670,6053940,339660,6063930
t33_607,329670,6063930,339660,6073920
t33_611,329670,6103890,339660,6113880
t33_612,329670,6113880,339660,6123870
t33_616,329670,6153840,339660,6163830
t33_617,329670,6163830,339660,6173820
t33_621,329670,6203790,339660,6213780
t33_622,329670,6213780,339660,6223770
t33_626,329670,6253740,339660,6263730
t33_627,329670,6263730,339660,6273720
t33_631,329670,6303690,339660,6313680
t33_632,329670,6313680,339660,6323670
t33_636,329670,6353640,339660,6363630
t33_637,329670,6363630,339660,6373620
t33_641,329670,6403590,339660,6413580
t33_642,329670,6413580,339660,6423570
t33_646,329670,6453540,339660,6463530
t33_647,329670,6463530,339660,6473520
t33_651,329670,6503490,339660,6513480
t33_652,329670,6513480,339660,6523470
t33_656,329670,6553440,339660,6563430
t33_657,329670,6563430,339660,6573420
t33_661,329670,6603390,339660,6613380
t33_662,329670,6613380,339660,6623370
t33_666,329670,6653340,339660,6663330
t33_667,329670,6663330,339660,6673320
t34_394,339660,3936060,349650,3946050
t34_395,339660,3946050,349650,3956040
t34_399,339660,3986010,349650,3996000
t34_400,339660,3996000,349650,4005990
t34_404,339660,4035960,349650,4045950
t34_405,339660,4045950,349650,4055940
t34_409,339660,4085910,349650,4095900
t34_410,339660,4095900,349650,4105890
t34_416,339660,4155840,349650,4165830
t34_417,339660,4165830,349650,4175820
t34_421,339660,4205790,349650,4215780
t34_422,339660,4215780,349650,4225770
t34_597,339660,5964030,349650,5974020
t34_598,339660,5974020,349650,5984010
t34_602,339660,6013980,349650,6023970
t34_603,339660,6023970,349650,6033960
t34_607,339660,6063930,349650,6073920
t34_608,339660,6073920,349650,6083910
t34_612,339660,6113880,349650,6123870
t34_613,339660,6123870,349650,6133860
t34_617,339660,6163830,349650,6173820
t34_618,339660,6173820,349650,6183810
t34_622,339660,6213780,349650,6223770
t34_623,339660,6223770,349650,6233760
t34_627,339660,6263730,349650,6273720
t34_628,339660,6273720,349650,6283710
t34_632,339660,6313680,349650,6323670
t34_633,339660,6323670,349650,6333660
t34_637,339660,6363630,349650,6373620
t34_638,339660,6373620,349650,6383610
t34_642,339660,6413580,349650,6423570
t34_643,339660,6423570,349650,6433560
t34_647,339660,6463530,349650,6473520
t34_648,339660,6473520,349650,6483510
t34_652,339660,6513480,349650,6523470
t34_653,339660,6523470,349650,6533460
t34_657,339660,6563430,349650,6573420
t34_658,339660,6573420,349650,6583410
t34_662,339660,6613380,349650,6623370
t34_663,339660,6623370,349650,6633360
t34_667,339660,6663330,349650,6673320
t35_390,349650,3896100,359640,3906090
t35_394,349650,3936060,359640,3946050
t35_395,349650,3946050,359640,3956040
t35_399,349650,3986010,359640,3996000
t35_400,349650,3996000,359640,4005990
t35_405,349650,4045950,359640,4055940
t35_406,349650,4055940,359640,4065930
t35_410,349650,4095900,359640,4105890
t35_411,349650,4105890,359640,4115880
t35_415,349650,4145850,359640,4155840
t35_416,349650,4155840,359640,4165830
t35_420,349650,4195800,359640,4205790
t35_421,349650,4205790,359640,4215780
t35_599,349650,5984010,359640,5994000
t35_600,349650,5994000,359640,6003990
t35_604,349650,6033960,359640,6043950
t35_605,349650,6043950,359640,6053940
t35_609,349650,6083910,359640,6093900
t35_610,349650,6093900,359640,6103890
t35_614,349650,6133860,359640,6143850
t35_615,349650,6143850,359640,6153840
t35_619,349650,6183810,359640,6193800
t35_620,349650,6193800,359640,6203790
t35_624,349650,6233760,359640,6243750
t35_625,349650,6243750,359640,6253740
t35_629,349650,6283710,359640,6293700
t35_630,349650,6293700,359640,6303690
t35_634,349650,6333660,359640,6343650
t35_635,349650,6343650,359640,6353640
t35_639,349650,6383610,359640,6393600
t35_640,349650,6393600,359640,6403590
t35_644,349650,6433560,359640,6443550
t35_645,349650,6443550,359640,6453540
t35_649,349650,6483510,359640,6493500
t35_650,349650,6493500,359640,6503490
t35_654,349650,6533460,359640,6543450
t35_655,349650,6543450,359640,6553440
t35_659,349650,6583410,359640,6593400
t35_660,349650,6593400,359640,6603390
t35_664,349650,6633360,359640,6643350
t35_665,349650,6643350,359640,6653340
t36_391,359640,3906090,369630,3916080
t36_392,359640,3916080,369630,3926070
t36_396,359640,3956040,369630,3966030
t36_397,359640,3966030,369630,3976020
t36_401,359640,4005990,369630,4015980
t36_403,359640,4025970,369630,4035960
t36_407,359640,4065930,369630,4075920
t36_408,359640,4075920,369630,4085910
t36_412,359640,4115880,369630,4125870
t36_413,359640,4125870,369630,4135860
t36_417,359640,4165830,369630,4175820
t36_418,359640,4175820,369630,4185810
t36_422,359640,4215780,369630,4225770
t36_423,359640,4225770,369630,4235760
t36_602,359640,6013980,369630,6023970
t36_603,359640,6023970,369630,6033960
t36_607,359640,6063930,369630,6073920
t36_608,359640,6073920,369630,6083910
t36_613,359640,6123870,369630,6133860
t36_614,359640,6133860,369630,6143850
t36_618,359640,6173820,369630,6183810
t36_619,359640,6183810,369630,6193800
t36_623,359640,6223770,369630,6233760
t36_624,359640,6233760,369630,6243750
t36_628,359640,6273720,369630,6283710
t36_629,359640,6283710,369630,6293700
t36_633,359640,6323670,369630,6333660
t36_634,359640,6333660,369630,6343650
t36_638,359640,6373620,369630,6383610
t36_639,359640,6383610,369630,6393600
t36_643,359640,6423570,369630,6433560
t36_644,359640,6433560,369630,6443550
t36_648,359640,6473520,369630,6483510
t36_655,359640,6543450,369630,6553440
t36_659,359640,6583410,369630,6593400
t36_660,359640,6593400,369630,6603390
t36_664,359640,6633360,369630,6643350
t36_665,359640,6643350,369630,6653340
t37_390,369630,3896100,379620,3906090
t37_391,369630,3906090,379620,3916080
t37_395,369630,3946050,379620,3956040
t37_396,369630,3956040,379620,3966030
t37_400,369630,3996000,379620,4005990
t37_401,369630,4005990,379620,4015980
t37_405,369630,4045950,379620,4055940
t37_406,369630,4055940,379620,4065930
t37_411,369630,4105890,379620,4115880
t37_412,369630,4115880,379620,4125870
t37_416,369630,4155840,379620,4165830
t37_417,369630,4165830,379620,4175820
t37_421,369630,4205790,379620,4215780
t37_422,369630,4215780,379620,4225770
t37_603,369630,6023970,379620,6033960
t37_604,369630,6033960,379620,6043950
t37_612,369630,6113880,379620,6123870
t37_613,369630,6123870,379620,6133860
t37_617,369630,6163830,379620,6173820
t37_618,369630,6173820,379620,6183810
t37_622,369630,6213780,379620,6223770
t37_623,369630,6223770,379620,6233760
t37_627,369630,6263730,379620,6273720
t37_628,369630,6273720,379620,6283710
t37_632,369630,6313680,379620,6323670
t37_633,369630,6323670,379620,6333660
t37_637,369630,6363630,379620,6373620
t37_638,369630,6373620,379620,6383610
t37_642,369630,6413580,379620,6423570
t37_643,369630,6423570,379620,6433560
t37_647,369630,6463530,379620,6473520
t37_656,369630,6553440,379620,6563430
t37_660,369630,6593400,379620,6603390
t37_661,369630,6603390,379620,6613380
t37_665,369630,6643350,379620,6653340
t37_666,369630,6653340,379620,6663330
t38_391,379620,3906090,389610,3916080
t38_392,379620,3916080,389610,3926070
t38_396,379620,3956040,389610,3966030
t38_397,379620,3966030,389610,3976020
t38_401,379620,4005990,389610,4015980
t38_402,379620,4015980,389610,4025970
t38_413,379620,4125870,389610,4135860
t38_414,379620,4135860,389610,4145850
t38_418,379620,4175820,389610,4185810
t38_419,379620,4185810,389610,4195800
t38_423,379620,4225770,389610,4235760
t38_424,379620,4235760,389610,4245750
t38_618,379620,6173820,389610,6183810
t38_619,379620,6183810,389610,6193800
t38_623,379620,6223770,389610,6233760
t38_624,379620,6233760,389610,6243750
t38_628,379620,6273720,389610,6283710
t38_629,379620,6283710,389610,6293700
t38_633,379620,6323670,389610,6333660
t38_634,379620,6333660,389610,6343650
t38_638,379620,6373620,389610,6383610
t38_639,379620,6383610,389610,6393600
t38_646,379620,6453540,389610,6463530
t38_647,379620,6463530,389610,6473520
t38_665,379620,6643350,389610,6653340
t38_666,379620,6653340,389610,6663330
t39_391,389610,3906090,399600,3916080
t39_392,389610,3916080,399600,3926070
t39_396,389610,3956040,399600,3966030
t39_397,389610,3966030,399600,3976020
t39_401,389610,4005990,399600,4015980
t39_402,389610,4015980,399600,4025970
t39_406,389610,4055940,399600,4065930
t39_414,389610,4135860,399600,4145850
t39_419,389610,4185810,399600,4195800
t39_420,389610,4195800,399600,4205790
t39_424,389610,4235760,399600,4245750
t39_618,389610,6173820,399600,6183810
t39_622,389610,6213780,399600,6223770
t39_623,389610,6223770,399600,6233760
t39_627,389610,6263730,399600,6273720
t39_628,389610,6273720,399600,6283710
t39_632,389610,6313680,399600,6323670
t39_633,389610,6323670,399600,6333660
t39_637,389610,6363630,399600,6373620
t39_638,389610,6373620,399600,6383610
t39_666,389610,6653340,399600,6663330
t39_667,389610,6663330,399600,6673320
t40_392,399600,3916080,409590,3926070
t40_393,399600,3926070,409590,3936060
t40_397,399600,3966030,409590,3976020
t40_398,399600,3976020,409590,3986010
t40_402,399600,4015980,409590,4025970
t40_403,399600,4025970,409590,4035960
t40_408,399600,4075920,409590,4085910
t40_409,399600,4085910,409590,4095900
t40_413,399600,4125870,409590,4135860
t40_415,399600,4145850,409590,4155840
t40_419,399600,4185810,409590,4195800
t40_420,399600,4195800,409590,4205790
t40_424,399600,4235760,409590,4245750
t40_619,399600,6183810,409590,6193800
t40_624,399600,6233760,409590,6243750
t40_625,399600,6243750,409590,6253740
t40_629,399600,6283710,409590,6293700
t40_630,399600,6293700,409590,6303690
t40_664,399600,6633360,409590,6643350
t40_665,399600,6643350,409590,6653340
t41_390,409590,3896100,419580,3906090
t41_391,409590,3906090,419580,3916080
t41_395,409590,3946050,419580,3956040
t41_396,409590,3956040,419580,3966030
t41_400,409590,3996000,419580,4005990
t41_401,409590,4005990,419580,4015980
t41_409,409590,4085910,419580,4095900
t41_410,409590,4095900,419580,4105890
t41_414,409590,4135860,419580,4145850
t41_415,409590,4145850,419580,4155840
t41_419,409590,4185810,419580,4195800
t41_420,409590,4195800,419580,4205790
t41_424,409590,4235760,419580,4245750
t41_621,409590,6203790,419580,6213780
t41_625,409590,6243750,419580,6253740
t41_626,409590,6253740,419580,6263730
t41_630,409590,6293700,419580,6303690
t41_631,409590,6303690,419580,6313680
t42_390,419580,3896100,429570,3906090
t42_391,419580,3906090,429570,3916080
t42_395,419580,3946050,429570,3956040
t42_396,419580,3956040,429570,3966030
t42_402,419580,4015980,429570,4025970
t42_403,419580,4025970,429570,4035960
t42_409,419580,4085910,429570,4095900
t42_410,419580,4095900,429570,4105890
t42_414,419580,4135860,429570,4145850
t42_415,419580,4145850,429570,4155840
t42_419,419580,4185810,429570,4195800
t42_420,419580,4195800,429570,4205790
t42_424,419580,4235760,429570,4245750
t42_621,419580,6203790,429570,6213780
t43_390,429570,3896100,439560,3906090
t43_391,429570,3906090,439560,3916080
t43_396,429570,3956040,439560,3966030
t43_397,429570,3966030,439560,3976020
t43_401,429570,4005990,439560,4015980
t43_402,429570,4015980,439560,4025970
t43_408,429570,4075920,439560,4085910
t43_409,429570,4085910,439560,4095900
t43_413,429570,4125870,439560,4135860
t43_414,429570,4135860,439560,4145850
t43_420,429570,4195800,439560,4205790
t43_421,429570,4205790,439560,4215780
t44_389,439560,3886110,449550,3896100
t44_390,439560,3896100,449550,3906090
t44_394,439560,3936060,449550,3946050
t44_395,439560,3946050,449550,3956040
t44_399,439560,3986010,449550,3996000
t44_400,439560,3996000,449550,4005990
t44_404,439560,4035960,449550,4045950
t44_405,439560,4045950,449550,4055940
t44_411,439560,4105890,449550,4115880
t44_412,439560,4115880,449550,4125870
t44_418,439560,4175820,449550,4185810
t44_419,439560,4185810,449550,4195800
t44_423,439560,4225770,449550,4235760
t45_389,449550,3886110,459540,3896100
t45_393,449550,3926070,459540,3936060
t45_394,449550,3936060,459540,3946050
t45_398,449550,3976020,459540,3986010
t45_399,449550,3986010,459540,3996000
t45_403,449550,4025970,459540,4035960
t45_404,449550,4035960,459540,4045950
t45_410,449550,4095900,459540,4105890
t45_411,449550,4105890,459540,4115880
t45_415,449550,4145850,459540,4155840
t45_416,449550,4155840,459540,4165830
t45_420,449550,4195800,459540,4205790
t45_421,449550,4205790,459540,4215780
t46_390,459540,3896100,469530,3906090
t46_391,459540,3906090,469530,3916080
t46_396,459540,3956040,469530,3966030
t46_397,459540,3966030,469530,3976020
t46_401,459540,4005990,469530,4015980
t46_402,459540,4015980,469530,4025970
t46_406,459540,4055940,469530,4065930
t46_409,459540,4085910,469530,4095900
t46_413,459540,4125870,469530,4135860
t46_414,459540,4135860,469530,4145850
t46_418,459540,4175820,469530,4185810
t46_419,459540,4185810,469530,4195800
t47_389,469530,3886110,479520,3896100
t47_390,469530,3896100,479520,3906090
t47_394,469530,3936060,479520,3946050
t47_395,469530,3946050,479520,3956040
t47_399,469530,3986010,479520,3996000
t47_400,469530,3996000,479520,4005990
t47_404,469530,4035960,479520,4045950
t47_405,469530,4045950,479520,4055940
t47_409,469530,4085910,479520,4095900
t47_410,469530,4095900,479520,4105890
t47_414,469530,4135860,479520,4145850
t47_415,469530,4145850,479520,4155840
t47_419,469530,4185810,479520,4195800
t47_421,469530,4205790,479520,4215780
t48_391,479520,3906090,489510,3916080
t48_392,479520,3916080,489510,3926070
t48_397,479520,3966030,489510,3976020
t48_398,479520,3976020,489510,3986010
t48_402,479520,4015980,489510,4025970
t48_403,479520,4025970,489510,4035960
t48_407,479520,4065930,489510,4075920
t48_408,479520,4075920,489510,4085910
t48_412,479520,4115880,489510,4125870
t48_413,479520,4125870,489510,4135860
t48_417,479520,4165830,489510,4175820
t48_421,479520,4205790,489510,4215780
t49_391,489510,3906090,499500,3916080
t49_392,489510,3916080,499500,3926070
t49_396,489510,3956040,499500,3966030
t49_397,489510,3966030,499500,3976020
t49_401,489510,4005990,499500,4015980
t49_402,489510,4015980,499500,4025970
t49_406,489510,4055940,499500,4065930
t49_407,489510,4065930,499500,4075920
t49_411,489510,4105890,499500,4115880
t49_412,489510,4115880,499500,4125870
t49_416,489510,4155840,499500,4165830
t49_421,489510,4205790,499500,4215780
t50_391,499500,3906090,509490,3916080
t50_392,499500,3916080,509490,3926070
t50_396,499500,3956040,509490,3966030
t50_397,499500,3966030,509490,3976020
t50_401,499500,4005990,509490,4015980
t50_402,499500,4015980,509490,4025970
t50_406,499500,4055940,509490,4065930
t50_407,499500,4065930,509490,4075920
t50_411,499500,4105890,509490,4115880
t50_412,499500,4115880,509490,4125870
t50_416,499500,4155840,509490,4165830
t50_417,499500,4165830,509490,4175820
t51_389,509490,3886110,519480,3896100
t51_390,509490,3896100,519480,3906090
t51_394,509490,3936060,519480,3946050
t51_395,509490,3946050,519480,3956040
t51_399,509490,3986010,519480,3996000
t51_400,509490,3996000,519480,4005990
t51_404,509490,4035960,519480,4045950
t51_405,509490,4045950,519480,4055940
t51_409,509490,4085910,519480,4095900
t51_410,509490,4095900,519480,4105890
t51_414,509490,4135860,519480,4145850
t51_415,509490,4145850,519480,4155840
t51_420,509490,4195800,519480,4205790
t51_421,509490,4205790,519480,4215780
t52_392,519480,3916080,529470,3926070
t52_393,519480,3926070,529470,3936060
t52_397,519480,3966030,529470,3976020
t52_398,519480,3976020,529470,3986010
t52_402,519480,4015980,529470,4025970
t52_403,519480,4025970,529470,4035960
t52_407,519480,4065930,529470,4075920
t52_408,519480,4075920,529470,4085910
t52_412,519480,4115880,529470,4125870
t52_413,519480,4125870,529470,4135860
t52_417,519480,4165830,529470,4175820
t52_420,519480,4195800,529470,4205790
t53_391,529470,3906090,539460,3916080
t53_420,529470,4195800,539460,4205790
t54_420,539460,4195800,549450,4205790
t55_389,549450,3886110,559440,3896100
t56_389,559440,3886110,569430,3896100
t56_390,559440,3896100,569430,3906090
t57_390,569430,3896100,579420,3906090
t57_391,569430,3906090,579420,3916080
t59_389,589410,3886110,599400,3896100
t59_390,589410,3896100,599400,3906090
t60_391,599400,3906090,609390,3916080
t61_389,609390,3886110,619380,3896100
t62_390,619380,3896100,629370,3906090
