row,scheme,agg,spec,index,question,minutes,hill_q0,hill_q1,hill_q2,lcbd_pa,pcoa1_pa,pcoa2_pa,lcbd_cover,pcoa1_cover,pcoa2_cover,R2_beta,R2_beta_sd,R2_alpha,R2_beta_cover,n_features
X00,kfold5_owner,median,composite_all,,compuesto anual solo: cuanto da sin nada de forma ni fecha,2.36,-0.2705831815873816,-0.674361502163332,-1.0408543448230352,0.0458401582845377,0.2873648740815777,0.1369663618392478,-0.22657474271091,-0.0371187791845771,-0.0568604789105413,0.1567237980684544,0.0194813426857409,-0.6619330095245829,-0.1068513336020095,60
X00,kfold5_window,median,composite_all,,compuesto anual solo: cuanto da sin nada de forma ni fecha,2.78,0.4698708047649164,0.1630965319483359,0.0552066553462226,0.3584506190310914,0.4804398307530233,0.3765638121048837,0.23487188550093,0.2435963385294603,0.2422608852940342,0.4051514206296662,0.0042794310327519,0.2293913306864916,0.2402430364414749,60
X01,kfold5_owner,median,composite_all+topo+area,,el control no fenologico completo,3.01,-0.2793809693415623,-0.7602276022380471,-0.9667290831315144,0.0650761948594162,0.3916498840987527,0.1566518405252043,-0.308150523258839,0.0109808428254668,-0.0202409222207669,0.2044593064944577,0.0163064228836033,-0.6687792182370412,-0.1058035342180463,81
X01,kfold5_window,median,composite_all+topo+area,,el control no fenologico completo,4.04,0.5774632142875676,0.3297491215389113,0.2538176694603021,0.4549635904677309,0.5584626701092658,0.4573915090594787,0.276002016954748,0.3804454654644467,0.3226606347677114,0.4902725898788251,0.0041714338348009,0.3870100017622603,0.3263693723956354,81
X02,kfold5_owner,median,lsp+topo+area,kndvi,"LSP actual, la linea base del campo (= RF01)",2.17,-0.150902603525338,-0.4677629183994782,-0.64531316754132,0.1479946719551642,0.4050296120915055,0.1640396900318755,-0.2220271180641379,0.1006413004074597,0.049124194900733,0.2390213246928484,0.0178172189423322,-0.4213262298220454,-0.024087207585315,39
X02,kfold5_window,median,lsp+topo+area,kndvi,"LSP actual, la linea base del campo (= RF01)",2.11,0.6097354993410902,0.374662125589179,0.2975331635407979,0.4802732933846821,0.5638980032437617,0.4862308423521784,0.2778622934601528,0.3629022871741088,0.3193219918845974,0.5101340463268741,0.003504808277987,0.427310262823689,0.3200288575062863,39
X03,kfold5_owner,median,curve+topo+area,kndvi,LA REFERENCIA: la curva de 52 pasos (= RF03),2.45,-0.2447157105646932,-0.6325581958379146,-0.7928526550296958,0.1697737235007815,0.392863190878141,0.1887477677261119,-0.148598252989757,0.0432447876594496,0.0494564699724003,0.2504615607016781,0.0164067461008139,-0.5567088538107678,-0.018632331785969,73
X03,kfold5_window,median,curve+topo+area,kndvi,LA REFERENCIA: la curva de 52 pasos (= RF03),2.42,0.5941952234482907,0.4133953242097004,0.3371289313277416,0.4868922055137523,0.5574036554534544,0.47602432751058,0.2880438342415022,0.3666997937369185,0.3252943169239791,0.5067733961592623,0.0038961634984034,0.4482398263285775,0.3266793149674666,73
X04,kfold5_owner,median,composite_all+curve+topo+area,kndvi,EL CONTRASTE CENTRAL: la forma aporta SOBRE el compuesto?,3.2,-0.249617534148498,-0.6719490123842239,-0.885247106160462,0.1538299176861721,0.3986282170712028,0.1829473821500294,-0.153768175107258,0.0100912682570315,0.0061570003922086,0.2451351723024681,0.0179325463382372,-0.6022712175643946,-0.0458399688193393,133
X04,kfold5_window,median,composite_all+curve+topo+area,kndvi,EL CONTRASTE CENTRAL: la forma aporta SOBRE el compuesto?,3.17,0.5955708181662182,0.3709920038192653,0.2820844701994811,0.482191947613786,0.5615315411627241,0.4691610419525133,0.3066391804635327,0.3727652853468615,0.3359692283354228,0.5042948435763411,0.0025522686914433,0.4162157640616548,0.3384578980486056,133
X05,kfold5_owner,median,svh+topo+area,,"heterogeneidad espectral entre pixeles, sola",4.67,-0.1957007930783251,-0.3359052451179203,-0.4210000832958203,0.1142400627658254,0.2977054787240282,0.0247637024196117,-0.2351032104288187,-0.0249275641041826,-0.0531140743466795,0.1455697479698217,0.0184627360082169,-0.3175353738306886,-0.104381616293227,241
X05,kfold5_window,median,svh+topo+area,,"heterogeneidad espectral entre pixeles, sola",4.62,0.5601325623333694,0.3074954480953289,0.2199887788381111,0.4287701765914083,0.5126250495843837,0.4133525270170402,0.2194831444910309,0.3091849806696981,0.2326031688017059,0.4515825843976107,0.0050384139328614,0.3625389297556032,0.2537570979874783,241
X06,kfold5_owner,median,composite_all+svh+topo+area,,la heterogeneidad aporta sobre el nivel?,5.54,-0.2020049444552382,-0.4877233714434891,-0.5843337763917301,0.0316883234343677,0.3619127100341071,0.1326744894970764,-0.2494687202821535,0.0159196774908419,-0.0704993375037301,0.1754251743218504,0.0208443247271964,-0.4246873640968192,-0.1013494600983472,301
X06,kfold5_window,median,composite_all+svh+topo+area,,la heterogeneidad aporta sobre el nivel?,5.53,0.5856818955216282,0.331817738658347,0.2352078311332195,0.4464253440421526,0.5496484109140134,0.4534691237139189,0.267105582083663,0.3568627165610105,0.3172886446173756,0.483180959556695,0.0036853419571654,0.3842358217710649,0.3137523144206831,301
X07,kfold5_owner,median,gm+topo+area,,geomediana + las tres MAD: composite sin forma temporal,2.09,-0.3391874587693753,-0.4960775887802515,-0.4483945214042721,0.1253685049353589,0.374801639731977,0.1659788676213297,-0.1958573021900284,0.0537727589924114,0.0138021705116386,0.2220496707628885,0.0144414286740538,-0.427886522984633,-0.0427607908953261,36
X07,kfold5_window,median,gm+topo+area,,geomediana + las tres MAD: composite sin forma temporal,2.1,0.604472894313628,0.4669355330615374,0.4599122487825826,0.4922706404594775,0.561182309579232,0.4989039376921553,0.288856656665404,0.3818906638579349,0.3040815168363868,0.5174522959102883,0.0042370844842888,0.510440225385916,0.3249429457865753,36
X08,kfold5_owner,median,gm+curve+topo+area,kndvi,fenologia sobre geomediana,2.57,-0.2651145983663943,-0.5135905775165501,-0.5370737534878257,0.1797223868574551,0.39745320871784,0.1924607240848341,-0.1350212712914832,0.0610459744782894,0.0373795434252741,0.2565454398867098,0.0142069344847257,-0.4385929764569233,-0.0121985844626398,88
X08,kfold5_window,median,gm+curve+topo+area,kndvi,fenologia sobre geomediana,2.56,0.6094024136568641,0.4850988937757561,0.4588820820155249,0.5118101740244557,0.5673574499366346,0.4973624002466101,0.3120373496374984,0.3845121234006936,0.341844911068786,0.5255100080692335,0.0042912600786602,0.5177944631493817,0.3461314613689927,88
X09,kfold5_owner,median,obscomp_all+topo+area,,"composites sobre observaciones reales, sin el suavizado",5.98,-0.2908604894882223,-0.4124848860211633,-0.3968326442452567,0.0603825434586609,0.3697232573627352,0.1899458852324336,-0.1992347140280746,0.0578427761627764,-0.0449763731231964,0.2066838953512766,0.0132378988304658,-0.3667260065848808,-0.0621227703294982,86
X09,kfold5_window,median,obscomp_all+topo+area,,"composites sobre observaciones reales, sin el suavizado",7.67,0.6114184442444679,0.4737614773858896,0.4740649663063738,0.4987880808258056,0.5663683982990104,0.5063867547651532,0.3141026359834555,0.3899832383659698,0.3314364360275432,0.5238477446299897,0.0030154146189662,0.5197482959789105,0.3451741034589895,86
X10,kfold5_owner,median,seas_all+topo+area,,fenologia reducida a 4 numeros: mediana por estacion austral,5.06,-0.2494379412263966,-0.8180388557234289,-1.0035456145707593,0.1300145687235988,0.3701245410567824,0.1559795238493108,-0.1970581047292207,0.0310344036666498,-0.0096301645488956,0.2187062112098974,0.0187535014894393,-0.6903408038401949,-0.0585512885371555,51
X10,kfold5_window,median,seas_all+topo+area,,fenologia reducida a 4 numeros: mediana por estacion austral,5.07,0.6053618739704153,0.351645933447082,0.2714239547158703,0.4861503575727222,0.5611736742552703,0.4747310294647582,0.2978355449902906,0.3757043637388002,0.3049770759253581,0.5073516870975836,0.0032827504461816,0.4094772540444558,0.3261723282181497,51
X11,kfold5_owner,median,contrast+topo+area,,contrastes entre indices (ndvi-savi mide exposicion de suelo),5.11,-0.3155400273906976,-0.3835767792706929,-0.4622718025969266,0.1493818641424686,0.4002058667614492,0.0928728144539389,-0.3859655897075338,0.0758271534138427,-0.0454359835532142,0.2141535151192856,0.0205210238479639,-0.3871295364194391,-0.1185248066156351,51
X11,kfold5_window,median,contrast+topo+area,,contrastes entre indices (ndvi-savi mide exposicion de suelo),5.07,0.5706280901443365,0.3361328710294136,0.2571118474668267,0.4596883712666981,0.5554790366872936,0.4667376251779018,0.2472427367347552,0.3860005881159071,0.3183864069992158,0.4939683443772979,0.0041150823800401,0.3879576028801922,0.317209910616626,51
X12,kfold5_owner,median,gm+obscomp_all+seas_all+contrast+topo+area,,"todo lo que NO tiene forma, junto",12.76,-0.2798680938435808,-0.406353213748473,-0.4237748087215023,0.0848011459553029,0.3515673109447633,0.1550667950456703,-0.2192777394792292,0.0244053064178794,-0.0496795943422584,0.1971450839819122,0.0129195304332669,-0.3699987054378521,-0.0815173424678693,161
X12,kfold5_window,median,gm+obscomp_all+seas_all+contrast+topo+area,,"todo lo que NO tiene forma, junto",12.86,0.6132087807806721,0.4668367511120213,0.4649008563027598,0.5048883198794637,0.558777021355516,0.4989997312660723,0.3343959855542442,0.3820157430431181,0.3433626956419637,0.5208883575003507,0.0044716858986004,0.5149821293984844,0.3532581414131087,161
X13,kfold5_owner,median,curve_all+topo+area,,"las 5 curvas apiladas (= RF06, el mejor publicado)",20.76,-0.2461536855500804,-0.6936567398139241,-0.8641227746125776,0.2026307489701743,0.4089943755188147,0.1929494801252897,-0.1062309843840834,0.0603374982737216,-0.0135399231643968,0.2681915348714263,0.0164370465980304,-0.6013110666588607,-0.0198111364249195,281
X13,kfold5_window,median,curve_all+topo+area,,"las 5 curvas apiladas (= RF06, el mejor publicado)",20.81,0.5955011761794369,0.395349256602673,0.302595354287446,0.4935722443654631,0.562731931399188,0.4912735494746227,0.3223242903443852,0.3717386689145132,0.3400029850591238,0.5158592417464246,0.0038520140774382,0.431148595689852,0.3446886481060074,281
X14,kfold5_owner,median,lsp+curve+composite_all+gm+obscomp_all+seas_all+contrast+svh+topo+area,kndvi,todo junto: el techo empirico,37.12,-0.2165266284521048,-0.2947300853332139,-0.322757705062828,0.1214988700674536,0.3481855856598524,0.1460878383509224,-0.249019590883659,0.0135921045384192,-0.0566749079605261,0.2052574313594095,0.0182783759374767,-0.2780048062827156,-0.0973674647685886,511
X14,kfold5_window,median,lsp+curve+composite_all+gm+obscomp_all+seas_all+contrast+svh+topo+area,kndvi,todo junto: el techo empirico,36.29,0.6030528871553194,0.4608084537962325,0.4441359423833356,0.4932890097032293,0.5419075914233727,0.4976180524648315,0.3074785643011858,0.3500168288379692,0.3368459396079257,0.5109382178638112,0.0046188671370195,0.5026657611116291,0.3314471109156935,511
X15,kfold5_owner,median,clim+area,,clima solo: normales bioclimaticas 1971-2000,2.42,-0.0885682821391286,-0.6353151018683444,-1.1452131093772857,0.1669475747957097,0.1646126486186724,0.2003818141072594,0.1206502493597978,-0.0903836702517216,0.0516714856315358,0.1773140125072138,0.024969369033016,-0.6230321644615863,0.0273126882465373,18
X15,kfold5_window,median,clim+area,,clima solo: normales bioclimaticas 1971-2000,2.37,0.7563061139567612,0.5181592362265209,0.4703718621791457,0.5250978708683941,0.5074662526991418,0.5153155183111578,0.4183245964931157,0.3969932339453965,0.3138214525067389,0.5159598806262312,0.0019788566645192,0.5816124041208093,0.3763797609817503,18
X16,kfold5_owner,median,clim+topo+area,,"clima + topografia, sin nada de teledeteccion",2.97,-0.1300821704747194,-0.623617244222006,-0.9369384358563336,0.1761804010208878,0.203810404234646,0.2265143640487756,0.0032575389444954,-0.0098925506440445,0.0795802054659334,0.2021683897681031,0.0241958929128567,-0.563545950184353,0.0243150645887947,35
X16,kfold5_window,median,clim+topo+area,,"clima + topografia, sin nada de teledeteccion",3.1,0.7509283315735438,0.5217155278434559,0.469987657504497,0.5381699094400872,0.5582807793510097,0.5281206431229611,0.4184393369927421,0.4198633174975191,0.3270853019351369,0.541523777304686,0.0041052020268447,0.5808771723071656,0.3884626521417993,35
X17,kfold5_owner,median,curve+clim+topo+area,kndvi,EL CONTRASTE: la fenologia aporta SOBRE el clima?,4.82,-0.1418258438811067,-0.6985451052073414,-0.9625489474665426,0.2480892701496979,0.3576191718378878,0.3210574116589169,-0.000706292481854,0.0614365142386896,0.1080703944787978,0.3089219512155008,0.0135266689772409,-0.6009732988516636,0.0562668720785444,87
X17,kfold5_window,median,curve+clim+topo+area,kndvi,EL CONTRASTE: la fenologia aporta SOBRE el clima?,4.98,0.7172144772781914,0.5188071133678118,0.4696524826049884,0.5444936925691853,0.5801346245952699,0.5606658607742924,0.4095721911702601,0.433364012908178,0.3676420370387719,0.5617647259795825,0.0031024398808563,0.5685580244169972,0.4035260803724034,87
X18,kfold5_owner,median,curve_all+clim+topo+area,,las 5 curvas + clima,9.75,-0.1853805548515793,-0.7665035996356778,-1.017676531960931,0.25464905396505,0.3852228871570308,0.2862444889691811,-0.0157863125425141,0.0466010538658621,0.0424046972531276,0.3087054766970873,0.0124148129692237,-0.6565202288160628,0.0244064795254918,295
X18,kfold5_window,median,curve_all+clim+topo+area,,las 5 curvas + clima,8.95,0.7080653986748379,0.5079356284318969,0.4548266400939822,0.5351504772721843,0.5776745363793917,0.5427460849115834,0.4057593223257347,0.4212788660748653,0.3746548949238259,0.5518570328543865,0.0037732766547421,0.5569425557335723,0.400564361108142,295
X19,kfold5_owner,median,lsp+curve+gm+seas_all+contrast+clim+topo+area,kndvi,el mejor candidato completo,5.86,-0.1291842048713436,-0.6093742689324274,-0.7210523748947698,0.2281655620456637,0.3469518591192201,0.2943268611290164,-0.0573357340591635,0.0370877015310302,0.0795673686799439,0.2898147607646335,0.0137532374340708,-0.4865369495661802,0.0197731120506035,180
X19,kfold5_window,median,lsp+curve+gm+seas_all+contrast+clim+topo+area,kndvi,el mejor candidato completo,5.88,0.699689555036172,0.5143287973778116,0.4702672809480441,0.5465290009652003,0.5703129619921486,0.5449445777072718,0.4067884324121811,0.4209904968465858,0.3830697530083302,0.553928846888207,0.0045780433318411,0.5614285444540092,0.4036162274223657,180
X07,kfold5_owner,mean,gm+topo+area,,geomediana + las tres MAD: composite sin forma temporal,2.25,-0.3208357983684238,-0.4739260930884073,-0.4406035092355514,0.1360788919594528,0.3862902806337221,0.1604495179962824,-0.1911261342013452,0.0532849783664221,-0.0096624007267187,0.2276062301964857,0.0121050136745743,-0.4117884668974609,-0.0491678521872139,36
X12,kfold5_owner,mean,gm+obscomp_all+seas_all+contrast+topo+area,,"todo lo que NO tiene forma, junto",5.59,-0.2734883156020962,-0.4160739929895815,-0.4213235698721618,0.1042574760211308,0.3656950383122567,0.1539073599338269,-0.2037902881871175,0.0227704686340954,-0.0660896613935914,0.2079532914224048,0.0142002773909947,-0.3702952928212799,-0.0823698269822045,161
X07,kfold5_owner,trimmed,gm+topo+area,,geomediana + las tres MAD: composite sin forma temporal,2.3,-0.3252367936143657,-0.469483238376794,-0.421077382365832,0.1210462292852948,0.3801050579336686,0.1629032485592508,-0.1846306999340058,0.0448557941577082,0.0024118444287,0.2213515119260714,0.0107294457413952,-0.4052658047856639,-0.0457876871158658,36
X12,kfold5_owner,trimmed,gm+obscomp_all+seas_all+contrast+topo+area,,"todo lo que NO tiene forma, junto",5.53,-0.2807331063829033,-0.4120792879127815,-0.4386259385791324,0.0864950483356642,0.3546196481192532,0.1552723379896265,-0.2154929146272937,0.0242741291374936,-0.0495241477568328,0.1987956781481813,0.0133999424080042,-0.3771461109582724,-0.0802476444155443,161
X07,kfold5_owner,center,gm+topo+area,,geomediana + las tres MAD: composite sin forma temporal,2.25,-0.28909348737980406,-0.33477516868537477,-0.30056375160071247,0.1572245616983837,0.408817987775768,0.1369966654372531,-0.19299667193022074,0.06674700225456857,0.06855586917801611,0.23434640497046824,0.015680040472252646,-0.30814413588863043,-0.01923126683254535,36
X12,kfold5_owner,center,gm+obscomp_all+seas_all+contrast+topo+area,,"todo lo que NO tiene forma, junto",5.61,-0.28037947611678077,-0.37151896503715043,-0.3674134107264586,0.07166749747134527,0.36887113197466315,0.14819014009194,-0.25186897306392325,0.03773893379049553,0.01241562242519112,0.19624292317931613,0.01701668008475383,-0.3397706172934633,-0.0672381389494122,161
