run_id,scheme,family,substrate,index,fusion,R2_main,R2_main_sd,R2_main_ens,R2_alpha,R2_beta,R2_beta_cover,dark_n,hill_q0,hill_q1,hill_q2,lcbd_cover,lcbd_pa,mntd,mpd,pcoa1_cover,pcoa1_pa,pcoa2_cover,pcoa2_pa,ses_mntd,ses_mpd,ses_pd
B03_coords,kfold5_random,BASE,,,none,0.5624556013648346,0.004381981699360517,0.5650404038280256,0.5564150874616219,0.5684961152680472,0.3923777342107866,,0.7645114849460518,0.4908396798684274,0.4138940975703864,0.4411129465820534,0.5686095262463722,,,0.4150360425804013,0.5638694375361785,0.3209842134699051,0.5730093820215911,,,
RF06_curve_all-topo-area,kfold5_random,RF,,,none,0.518408464157399,0.006914101707172983,0.5209677516826573,0.4871154421919281,0.5497014861228701,0.37268065886581025,,0.6831207794257049,0.4332512741392932,0.3449742730107861,0.3426826437512105,0.5102638217603538,,,0.4024224083428175,0.6070279274079833,0.3729369245034027,0.531812709200273,,,
RF03_curve-topo-area_savi,kfold5_random,RF,,savi,none,0.511584668496718,0.006840685228365649,0.5143145281942553,0.4778785042717677,0.5452908327216682,0.3536132731000887,,0.6855245369803349,0.4224805555646069,0.3256304202703613,0.3196668804889828,0.5164226019201559,,,0.4043321691013687,0.6032282424738522,0.3368407697099146,0.5162216537709968,,,
RF03_curve-topo-area_evi,kfold5_random,RF,,evi,none,0.5125965345668496,0.006991178403124133,0.5151786923511964,0.4801023841691959,0.5450906849645031,0.3583952550992149,,0.6871702909951828,0.4257952637910147,0.3273415977213903,0.3192227556459364,0.5132719499743085,,,0.4135654744601054,0.6007160998005164,0.342397535191603,0.5212840051186846,,,
RF03_curve-topo-area_nbr,kfold5_random,RF,,nbr,none,0.5065854941414186,0.006029339379243083,0.5094360652027642,0.4747900698092955,0.5383809184735417,0.3536060850948936,,0.6971563750770574,0.408693397288236,0.3185204370625931,0.3227431120851105,0.498011714631384,,,0.4083463738971657,0.6015196791860401,0.3297287693024046,0.515611361603201,,,
RF01_lsp-topo-area_nbr,kfold5_random,RF,,nbr,none,0.495212483413745,0.006452555310853683,0.49785408861409053,0.452291814092216,0.538133152735274,0.3622341531879267,,0.6938660461438978,0.3810529864155348,0.2819564097172155,0.3389256576332286,0.5138464608689397,,,0.4228513143787032,0.591297838227396,0.3249254875518482,0.5092551591094862,,,
RF01_lsp-topo-area_kndvi,kfold5_random,RF,,kndvi,none,0.49878790985672716,0.005709960591170717,0.5017347670049565,0.46098565555540283,0.5365901641580515,0.3554745409911418,,0.6874577384937806,0.3933784345160173,0.3021207936564107,0.3249074315174351,0.501434622233719,,,0.3972167139693722,0.5993495666485248,0.3442994774866181,0.5089863035919105,,,
RF03_curve-topo-area_kndvi,kfold5_random,RF,,kndvi,none,0.5110987719932333,0.006972270286652,0.5137799622059558,0.48640195199469094,0.5357955919917757,0.3597814597888021,,0.672686872272022,0.4286884380226715,0.3578305456893793,0.3319324196117192,0.5028493481561833,,,0.3882167361286221,0.5938056050232633,0.3591952236260651,0.5107318227958805,,,
RF01_lsp-topo-area_ndvi,kfold5_random,RF,,ndvi,none,0.4934262425127059,0.007018463265860467,0.4963600755670277,0.4550097930630071,0.5318426919624047,0.3544131913741025,,0.6800351919982054,0.3830437863730266,0.3019504008177893,0.3171591711059299,0.5015455259645468,,,0.3929572068998783,0.5931387489574869,0.3531231961164994,0.5008438009651806,,,
RF03_curve-topo-area_ndvi,kfold5_random,RF,,ndvi,none,0.5047074668504633,0.00602693887456555,0.5074188670686587,0.47924416229234373,0.5301707714085829,0.35539945050740335,,0.6722036390107653,0.4165403984538671,0.3489884494123988,0.3287986187023837,0.4957870680392033,,,0.3884864487823574,0.588566496516337,0.3489132840374688,0.5061587496702084,,,
RF01_lsp-topo-area_evi,kfold5_random,RF,,evi,none,0.48383187516544157,0.005696855985779417,0.48668602177297293,0.4394354340003206,0.5282283163305627,0.35684642484778667,,0.6747057522589742,0.3689824289762746,0.2746181207657129,0.3485927709411102,0.5117974149698239,,,0.400736533296482,0.5895292404229887,0.3212099703057678,0.4833582935988752,,,
RF01_lsp-topo-area_savi,kfold5_random,RF,,savi,none,0.47975196915415214,0.007468582835231617,0.482715602553298,0.43569807127183147,0.5238058670364728,0.34972725264139964,,0.6772722694505551,0.3639411775990313,0.2658807667659081,0.3379687588447512,0.5058782303642456,,,0.3879289274015165,0.5865829040480106,0.3232840716779311,0.4789564666971621,,,
RF06_curve_all-topo-area,kfold5_window,RF,,,none,0.4734845490188389,0.0035657303343529997,0.4755781060066661,0.4313293788578704,0.5156397191798074,0.3441162354055775,0.3935640194697812,0.5962452535824715,0.3933853384751737,0.304357544515966,0.3206458384306198,0.4934505159122448,0.1234850711780298,0.117873896988145,0.3718235699368353,0.5629748333926732,0.3398792978492773,0.4904938082345042,0.1496967101386027,0.181112796242522,0.1796059594325388
RF01_lsp-topo-area_kndvi,kfold5_window,RF,,kndvi,none,0.46825633176019044,0.004668051501635916,0.47050527852131013,0.42621587727056093,0.5102967862498199,0.31976270960876435,0.3883186960047728,0.6083686054402752,0.374700380287813,0.2955786460835946,0.2768328955939658,0.4807519129876248,0.1884106409608507,0.1440026984547017,0.3623700786687797,0.5635962941633791,0.3200851545635477,0.486542151598456,0.1576482607827528,0.1959778905403288,0.1848558636345796
RF02_lsp-qc-topo-area_kndvi,kfold5_window,RF,,kndvi,none,0.46535552720714035,0.0037870845799006,0.46752488554838284,0.42176100989092236,0.5089500445233583,0.32756131689552787,0.3875377450473568,0.6081548524419323,0.3678427465243447,0.28928543070649,0.2932783251654416,0.4790913854916605,0.187256191309668,0.1518707559385622,0.3613512194498908,0.5615199911006714,0.3280544060712513,0.486238756977743,0.1652263525831787,0.2021566771654246,0.1937197187803664
RF04_lsp-curve-topo-area_kndvi,kfold5_window,RF,,kndvi,none,0.4743101908074307,0.0036627993791477505,0.47660899198531537,0.44054791506890245,0.508072466545959,0.32477210387407945,0.3830182708199269,0.5954072727308156,0.4043350525442593,0.3219014199316324,0.2899496119623572,0.4839572390402456,0.1722819227271508,0.1511834877233152,0.3576247848081466,0.5528463454048578,0.3267419148517346,0.4874138151927735,0.1599241988792782,0.2086923706118229,0.2000697622926214
B03_coords,kfold5_window,BASE,,,none,0.4987095379872993,0.0042421894313069,0.5004566018538459,0.489623211545982,0.5077958644286166,0.34390255054425406,0.3820516381795187,0.6632576923927324,0.4329291006786198,0.3726828415665939,0.411305849841959,0.507049176579632,0.1443447551018601,-0.0151330783154672,0.3733758827561272,0.512682424712478,0.247025919034676,0.5036559919937398,0.0957325807321021,0.1086124538085732,0.1158191690648433
RF03_curve-topo-area_evi,kfold5_window,RF,,evi,none,0.4742418868420248,0.004000107177407533,0.4763842577685457,0.44098336953776346,0.507500404146286,0.32334507177535726,0.3768252927494211,0.629297808317857,0.3874557036940252,0.3061965966014082,0.2918493273423759,0.4866023038494684,0.1636283894518101,0.1037580162679731,0.3888252618923357,0.5737832742348173,0.2893606260913603,0.4621156343545724,0.1607200000511338,0.1790991398919083,0.1784976533637758
RF03_curve-topo-area_kndvi,kfold5_window,RF,,kndvi,none,0.47704982233422344,0.004223901502285617,0.47933872363637636,0.44676338793207354,0.5073362567363734,0.327109688944334,0.3730756024339905,0.594130867708648,0.4140049232483191,0.3321543728392534,0.2876587589883077,0.4861654609690464,0.1787198041198676,0.1286990138603054,0.36672659308871,0.5576713838735978,0.3269437147559844,0.478171925366476,0.1613486877570843,0.2046895685748471,0.1962284161844443
RF04_lsp-curve-topo-area_evi,kfold5_window,RF,,evi,none,0.46875705465436973,0.005215731086539051,0.47099038056158754,0.4309288011334194,0.5065853081753199,0.33313003906656263,0.372637509984965,0.6278354121565544,0.3758056733372427,0.2891453179064613,0.3104318978679192,0.4915019668945783,0.1584170282095624,0.1014723424464934,0.3891577952043382,0.5710437021607081,0.2998004241274306,0.4572102554706734,0.1571137401770096,0.1778722766288475,0.1767414916243156
RF04_lsp-curve-topo-area_savi,kfold5_window,RF,,savi,none,0.46357135603536165,0.005372310670260384,0.4658394576664069,0.4228385112527156,0.5043042008180078,0.3276584896391486,0.3742341190138543,0.6240784401812663,0.3645004722544674,0.2799366213224131,0.3016148544204279,0.4863558510537615,0.1707785432083421,0.0989622577336095,0.3878475490808751,0.5735880500294511,0.2935130654161428,0.4529687013708107,0.1691186181786178,0.1829502158799359,0.1848425780940694
RF03_curve-topo-area_savi,kfold5_window,RF,,savi,none,0.47009132771306067,0.0041176368036244665,0.4722199782923973,0.4368414309752773,0.5033412244508441,0.3198149449363748,0.3744695066821449,0.6287266702970596,0.3842755396730187,0.2975220829557535,0.2936105215577653,0.482621563700315,0.1742026364622011,0.1029630410303541,0.3862325138384621,0.5727479025787209,0.279601799412897,0.4546542070734964,0.1684468074695867,0.1845983137370374,0.1919117561872432
MLP07_curve_all,kfold5_window,MLP,tabular,,late,0.4825049164221829,0.015670640128056385,0.5155023223326554,0.46180665496725243,0.5032031778771134,0.33080559385172004,0.3941675199001432,0.5573936946954752,0.4463398889372061,0.381686381269076,0.3762776640560077,0.4866088997940687,0.2046605632277739,0.1383020124796306,0.3549510477599114,0.5363533183045822,0.2611880697392411,0.4866473155326895,0.1564721829285792,0.1855080886045896,0.1800993307747377
RF03_curve-topo-area_ndvi,kfold5_window,RF,,ndvi,none,0.4703611185966163,0.004544597695997983,0.47282456552262975,0.4381306313981405,0.502591605795092,0.32454565604209934,0.3651927831362602,0.589385638428145,0.4011317661579094,0.3238744896083672,0.2884924180256,0.4764628287076856,0.1722718280133355,0.1307128165068559,0.3628781650136519,0.5550690310309505,0.3222663850870462,0.4762429576466398,0.1603918370753139,0.2043367100611487,0.1985333510412785
RF02_lsp-qc-topo-area_nbr,kfold5_window,RF,,nbr,none,0.46487055324451537,0.0038413468603498003,0.46712251084367856,0.4271893590607471,0.5025517474282837,0.3179850433941973,0.3610344395985136,0.6389252698561266,0.3680647157370691,0.2745780915890455,0.3103040642904632,0.4776426031073768,0.1524431037452186,0.1212658423761805,0.3835511311295589,0.5532632959875533,0.2600999347625698,0.4767493431899209,0.1675268214373493,0.1916208791458646,0.1893276951788861
RF04_lsp-curve-topo-area_ndvi,kfold5_window,RF,,ndvi,none,0.4661965005428832,0.004118553991462783,0.4685425544797667,0.4311865254505058,0.5012064756352607,0.32406174241802205,0.3852139854847736,0.5898824727137612,0.3935012758369784,0.3101758278007778,0.2907143728041166,0.477048718143076,0.1809567980868167,0.1590959353023724,0.3570640164819318,0.5482569487116615,0.3244068379680177,0.4783137600510442,0.1614462900550566,0.1991415166980189,0.1898031868147036
RF05_lsp_all-topo-area,kfold5_window,RF,,,none,0.45606813430811627,0.0042227185790287836,0.45821171223120966,0.4118403365874726,0.50029593202876,0.3350693549656692,0.3901708733122932,0.6208327879629428,0.3526150029939205,0.2620732188055545,0.3132867869664875,0.4831718432447329,0.1777885130906612,0.1484372874993819,0.369962422482483,0.5536032882500402,0.3219588554480371,0.4641126645915067,0.1652004866124362,0.1823818714243924,0.1786289829823359
RF01_lsp-topo-area_ndvi,kfold5_window,RF,,ndvi,none,0.45972979848019113,0.0041657521888277165,0.4619296433865958,0.4197756906271371,0.49968390633324516,0.31768017122682596,0.3905020015516811,0.6064630515344492,0.3607281264725361,0.292135893874426,0.2778672093267449,0.4783345077397323,0.1940249296442383,0.1442088966924778,0.3563786658350489,0.5525543336284157,0.318794638518684,0.4681628776315876,0.1551017676005559,0.1832740511169797,0.1794460452676549
RF02_lsp-qc-topo-area_ndvi,kfold5_window,RF,,ndvi,none,0.45611089957470635,0.0035030754182818497,0.4582772617188957,0.4137299965266589,0.4984918026227539,0.32542742840333067,0.3911282628174589,0.6037330464767982,0.3541240976087242,0.2833328454944543,0.2963078475583408,0.4772938164591846,0.1934294399562015,0.1343217522834193,0.3580300776656147,0.551973806939106,0.3219443599860366,0.4662077844699709,0.1638322988946996,0.1829270043904957,0.1790107000258506
RF01_lsp-topo-area_nbr,kfold5_window,RF,,nbr,none,0.46321962703132824,0.005579155430752884,0.4655499731584418,0.4286506762366267,0.49778857782602975,0.3145086250955313,0.3634800652929279,0.641521099171491,0.3668978029119896,0.2775331266263995,0.3051038009675578,0.4718823790248169,0.1553886627030501,0.1260592118158473,0.3778520333512046,0.5500199889036321,0.2605700409678314,0.4714633655496401,0.1725320815920872,0.1930242423574882,0.1931825318348392
MLP06_curve_kndvi,kfold5_window,MLP,tabular,kndvi,late,0.4954376180466726,0.016602506173084414,0.5310742912599107,0.4936749876239334,0.49720024846941174,0.3453201645216531,0.4142288840713733,0.612672033862664,0.4605567220492374,0.4077962069598988,0.370167157213671,0.4596928981954424,0.1964167615398467,0.1429424051738566,0.386377862057866,0.5386377164006921,0.2794154742934224,0.4932701308121007,0.1532519872709173,0.2104190382121276,0.1886060905312157
RF04_lsp-curve-topo-area_nbr,kfold5_window,RF,,nbr,none,0.4662398000681362,0.0047652654953247,0.4686790525167844,0.43540472660982515,0.497074873526447,0.3286087541232606,0.3698184877751626,0.6527031322608142,0.3799757278852452,0.2735353196834161,0.3088861439718801,0.4636144128976725,0.1234116106762727,0.1129707825742407,0.3931497406810845,0.5539079425263495,0.2837903777168173,0.4737022651553193,0.145843454048537,0.1869792926142302,0.1774692390896764
RF03_curve-topo-area_nbr,kfold5_window,RF,,nbr,none,0.468011990980751,0.0036392157450739833,0.4704512373906493,0.43900989288846654,0.4970140890730356,0.32576921343898807,0.374927499157994,0.6529228117008623,0.3772152067718856,0.2868916601926517,0.2900960794912419,0.4588059553074579,0.1232034802780171,0.1018847180545587,0.3925635740368308,0.5561012849464779,0.2946479867888916,0.4761350269651709,0.1232349095123881,0.1791893877592867,0.1687281343239278
MLP04_curve_all,kfold5_window,MLP,tabular,,late,0.44941005941389006,0.0127016093363614,0.47870478373885433,0.40787026713687763,0.49094985169090255,0.3060306993389759,0.3546645747843485,0.5157358168772737,0.4003434576797022,0.3075315268536571,0.3467706950049833,0.4743661474376279,0.1922477920224703,0.1317092501348616,0.331594687713578,0.5394882837305874,0.2397267152983664,0.4589951239044922,0.1651703166063785,0.1882306962425366,0.1818043205356398
C2D02_serpentine_kndvi_ctxclim-topo-area,kfold5_window,C2D,serpentine,kndvi,late,0.4764251025519369,0.015905126110496368,0.5057528987564008,0.4637344770136302,0.4891157280902436,0.3080334991496277,0.3804705180659308,0.5902324693334897,0.4313583249460621,0.3696126367613386,0.358348296474655,0.4759889581934158,0.2060241094374169,0.128288814551898,0.3217070939385957,0.5220126215886137,0.2440451070356324,0.4693456044887013,0.1581393492607593,0.1723588519593501,0.1727366785881884
MLP02_curve_kndvi,kfold5_random,MLP,tabular,kndvi,late,0.4691162245353373,0.02330232282309498,0.5251855898411241,0.44959336629011304,0.48863908278056156,0.3252360191839239,,0.5653441414674164,0.4150599310719746,0.3683760263309482,0.3525457520761667,0.4746364417870318,,,0.3694552647004014,0.5407473025052806,0.2537070407752037,0.4505335040493724,,,
C2D01_reshape_kndvi_ctxclim-topo-area,kfold5_window,C2D,reshape,kndvi,late,0.4712066015315006,0.0171544306806822,0.5022757538805591,0.4553224503495826,0.4870907527134187,0.3042595643722881,0.3795134881995807,0.5799174282861407,0.4227029752224954,0.3633469475401118,0.3393667723383858,0.4758021201423378,0.1955754643508299,0.1304991914063673,0.3239037957229024,0.5206717572057699,0.2495081250555761,0.4647983807921482,0.1474674080368883,0.1768699401798784,0.1684222279751481
RF01_lsp-topo-area_evi,kfold5_window,RF,,evi,none,0.43888061262312705,0.0040135369623502,0.4411362137733284,0.39318585457219296,0.4845753706740612,0.31334865500223386,0.3557241305226857,0.5962335775123323,0.3271535744896721,0.2561704117145745,0.3011703529653717,0.4704065990471799,0.1667066990773059,0.106243938994718,0.3682969329498051,0.5476009092006487,0.2705786790915248,0.435718603774355,0.1559556792731524,0.1588628477822181,0.1580374534532843
RF08_lsp-curve-topo_kndvi,kfold5_window,RF,,kndvi,none,0.4257801342164998,0.00397781900861385,0.4283785360414199,0.36746472056398544,0.4840955478690141,0.3105649651356824,0.3760991605395415,0.5277138585208799,0.3365508179544805,0.238129485216596,0.2626935489478876,0.4482654917391122,0.1632008699230283,0.1513389835913987,0.3507741808613757,0.5339317156093943,0.3182271655977838,0.4700894362585358,0.1596943322095425,0.1970800068173835,0.1911885791007183
RF02_lsp-qc-topo-area_evi,kfold5_window,RF,,evi,none,0.4308708987318524,0.004118224285649267,0.43321900764089366,0.37766164346178543,0.48408015400191945,0.3154246767018596,0.356763711622508,0.5923630444669922,0.3125821932335194,0.2280396926848447,0.3055222595964602,0.4674261397325643,0.1649084065699541,0.1039375005796527,0.3675781405764313,0.5502760429222769,0.2731736299326873,0.4345382793509171,0.1563653859522877,0.1600864821364348,0.1605609696871663
C1D01_curve1d_kndvi_ctxclim-topo-area,kfold5_window,C1D,curve1d,kndvi,late,0.47422294190621833,0.010124592379650884,0.5016553602723661,0.46462797656784166,0.4838179072445951,0.3005566198937389,0.3677817535154453,0.5938341018096329,0.4315965503917507,0.3684532775021413,0.3295301469920664,0.4640864116807975,0.211330198004283,0.1373551564643579,0.3147423072963293,0.5211243719934954,0.2573974053928209,0.4662429380594924,0.1651521342476446,0.1852058636753956,0.183709707070405
RF02_lsp-qc-topo-area_savi,kfold5_window,RF,,savi,none,0.4290945544674041,0.003421370880786267,0.43135264313806904,0.3746523013132193,0.4835368076215889,0.3108154376856157,0.3631588813218847,0.5890252024814683,0.3053172975948627,0.229614403863327,0.2979675510191706,0.4626200726949561,0.183473964913066,0.1062430370856317,0.357956036403056,0.5538060929994427,0.2765227256346205,0.4341842571703679,0.1712616056430031,0.1684830838079713,0.1651459363381975
MLP05c_curve_kndvi,kfold5_window,MLP,tabular,kndvi,late,0.4620810016838977,0.01180879657746775,0.49610675716132974,0.44160093340119455,0.4825610699666008,0.31334199551890335,0.3832887430940768,0.5739402607481962,0.4037984594880499,0.3470640799673376,0.3370778166695489,0.4589953712781613,0.1773611797905865,0.1241176946671903,0.3541131603059426,0.5332853417620461,0.2488350095812185,0.4554024968595951,0.1496162560542584,0.1835492104258488,0.1647867732871129
RF01_lsp-topo-area_savi,kfold5_window,RF,,savi,none,0.4319798190245813,0.004299923770203167,0.434201278554674,0.3821804072866464,0.48177923076251633,0.31092421353852306,0.3663253507883908,0.5911976025491424,0.314361645112676,0.2409819741981207,0.297037581372188,0.4649307199694146,0.1840792693726179,0.1115003168858418,0.3608035476576732,0.5507348681742164,0.274931511585708,0.4296721041439179,0.1677865113099978,0.1685545300833169,0.1706969283464567
MLP02_curve_ndvi,kfold5_window,MLP,tabular,ndvi,late,0.45738143680109017,0.01561721051682235,0.4903414222219169,0.43506988452639267,0.47969298907578767,0.29750423303307016,0.3632458172521021,0.5678316080729408,0.4052028600012158,0.3321751855050215,0.3271744137400721,0.4558287322055466,0.1795494812360824,0.1279209189569689,0.3265859302184747,0.5131303548120879,0.2387523551406637,0.4701198802097284,0.1585738900123404,0.1999351796950646,0.1793543678823028
RF08_lsp-curve-topo_ndvi,kfold5_window,RF,,ndvi,none,0.4217860728996792,0.0040175261226765005,0.42440196778594746,0.36546654253379846,0.4781056032655598,0.3061076985276597,0.3744269349247438,0.5260146809685643,0.3317065989958506,0.2386783476369805,0.2564814805819426,0.4397827193243994,0.1648103211565731,0.1536481007767992,0.3491876762825856,0.5322466828383664,0.3126539387184509,0.4622874076339136,0.1578690827277484,0.1898244975608434,0.1821109922538367
MLP05a_curve_kndvi,kfold5_window,MLP,tabular,kndvi,late,0.4492883878488067,0.01997041350144445,0.4812403571797122,0.42392986748466394,0.47464690821294936,0.30418043447910154,0.3618905093160459,0.5382958779212551,0.4009462480823101,0.3325474764504266,0.3375262684294466,0.4523170977533668,0.166621587758747,0.1267330864258453,0.3296803083997987,0.5260629953035743,0.2453347266080593,0.445560631581907,0.1531270428576671,0.1946191288127449,0.1747984192680222
MLP02_curve_nbr,kfold5_window,MLP,tabular,nbr,late,0.44002315703947054,0.021110786647096664,0.4758045077493131,0.40638655704140914,0.4736597570375319,0.3078578177125032,0.3518475487758561,0.5632726225275122,0.3639675342930765,0.2919195143036387,0.3378036403880236,0.4566873260979758,0.1863467221213288,0.1306736670370541,0.3621444520214298,0.5278685889012411,0.2236253607280562,0.4364233561133788,0.1497130218454053,0.2032002683365414,0.1819851066072463
C2D07_hilbert_kndvi_wC,kfold5_window,C2D,hilbert,kndvi,late,0.4317783687176817,0.014681366101821516,0.4716823215733112,0.3905081122894267,0.47304862514593676,0.2930875036180997,0.3768569227479417,0.5074337205032805,0.3659578055509238,0.2981328108140759,0.3096204455713708,0.4644289455087224,0.1617361100203709,0.12526570400183,0.3081294270380891,0.5083897192544656,0.2615126382448393,0.4463272106746223,0.1363840163927966,0.1676863291398939,0.1584272765070206
RF08_lsp-curve-topo_evi,kfold5_window,RF,,evi,none,0.40654061745546194,0.0049025196422206666,0.4088959296020773,0.34087443576760273,0.47220679914332114,0.326113177839139,0.3650081226633079,0.5217044065951036,0.297184863915188,0.2037340367925166,0.2824791661368281,0.4394130402371091,0.1429690262930335,0.0982767091585632,0.3897616825734124,0.5303776840257943,0.3060986848071765,0.44682967316706,0.1588751846424398,0.176120304871918,0.1728854465675385
C2D07_hilbert_kndvi_wX,kfold5_window,C2D,hilbert,kndvi,late,0.42952518673811735,0.02289567721242068,0.4807030531195111,0.3876393528637905,0.4714110206124443,0.30301118452624415,0.3786425352465388,0.5097884441752454,0.3525870960271711,0.3005425183889549,0.2939592430786485,0.4459769661799744,0.165861438263508,0.0965882371215707,0.3443054017124504,0.5068204268959967,0.2707689087876335,0.4614356687613617,0.1144320615647856,0.1383292271025666,0.1324521378752039
MLP02_curve_kndvi,kfold5_window,MLP,tabular,kndvi,late,0.4504456585996657,0.023499490134437,0.48355032065526465,0.42949780035906393,0.4713935168402674,0.3107496126812938,0.3799697629128474,0.5458371030740158,0.4020319033523568,0.3406243946508192,0.3239859664010736,0.4492614212174939,0.1645273442637048,0.1250631352136449,0.3453743279191872,0.5155094742802578,0.2628885437236205,0.4494096550230504,0.1448672294503235,0.1932147474410035,0.1684847912443987
RF08_lsp-curve-topo_savi,kfold5_window,RF,,savi,none,0.4037560278461205,0.0038382526121969666,0.406098622034287,0.33651474850921576,0.47099730718302535,0.31833336731070344,0.3676647426347997,0.5232590737597372,0.291310744640853,0.1949744271270571,0.2795442091516145,0.4342907037154859,0.1560439927401992,0.1001356813934486,0.3826359846760087,0.5343301959465648,0.2928199081044872,0.4443710218870254,0.1658445907002858,0.1809363616740827,0.1817200409088798
MLP02_curve_evi,kfold5_window,MLP,tabular,evi,late,0.43859128031209743,0.0183767258056553,0.4682985181643849,0.4088408308349869,0.468341729789208,0.2999656931701189,0.3433361292927239,0.5703488013594105,0.3730127601156143,0.2831609310299359,0.3296229949143994,0.4584221094684064,0.1840212147866774,0.1222604682346087,0.3477048578581674,0.5019716986283176,0.2225692267377899,0.4446313812708999,0.1546925235362216,0.1774359784380285,0.1731788148424048
MLP03_lsp-curve-qc_kndvi,kfold5_window,MLP,tabular,kndvi,late,0.44841532054048994,0.024548677328824833,0.48755323545127704,0.42878549383829206,0.4680451472426878,0.31466555712371796,0.3559851908532828,0.5729144755904121,0.4021585542664028,0.3112834516580614,0.3275894692120079,0.4351087055963589,0.1722256049463766,0.1260891286988386,0.3730521834385673,0.5169190087023673,0.2433550187205788,0.4521077274293372,0.1238330783882529,0.1639629144159728,0.1512639171632371
RF08_lsp-curve-topo_nbr,kfold5_window,RF,,nbr,none,0.41322097309751865,0.004564633858215483,0.41591807110560036,0.3585625160025941,0.4678794301924432,0.32087086290776146,0.3646864230698911,0.5743027919170337,0.3075217787550167,0.193862977335732,0.2872358611464525,0.4279048260154875,0.1034272129225341,0.1116478531136051,0.3909617498781036,0.5192070037758715,0.2844149776987282,0.4565264607859706,0.1429422737601867,0.1809826589740709,0.1769087591865246
C2D02_serpentine_kndvi_noaug,kfold5_window,C2D,serpentine,kndvi,late,0.45035773627431225,0.010282991275538384,0.4861621187555065,0.4336522994368072,0.4670631731118173,0.29954481272978634,0.341571750766354,0.5378269873077689,0.4106450996802427,0.35248481132241,0.3233392858347022,0.4588261698679831,0.1805368936706935,0.1148970983628128,0.3136940859451023,0.5069214512159692,0.2616010664095545,0.4354418982514995,0.1450065989740822,0.1464095296213569,0.1463029342630297
C2D02_serpentine_ndvi,kfold5_window,C2D,serpentine,ndvi,late,0.4311570216187342,0.014581579036297282,0.456618711292083,0.3992098189989013,0.46310422423856723,0.26958493244423465,0.323005806785272,0.5360491720544909,0.3665884397475129,0.2949918451947002,0.3170128668613343,0.455717589563519,0.1755683639555721,0.1222154386464538,0.2552475599624135,0.4958066808160559,0.2364943705089562,0.4377884023361267,0.1450904887492032,0.1698465344875273,0.1601485354592238
C2D07_hilbert_ndvi,kfold5_window,C2D,hilbert,ndvi,late,0.43086732927848076,0.015338275634081534,0.45961783912463794,0.40007776756123264,0.4616568909957289,0.26927027911727447,0.3513879977135262,0.5535906639892091,0.3573247296545843,0.2893179090399047,0.2959414663157265,0.4483658109031268,0.1810460524810551,0.1263603036287408,0.2829913500957997,0.495899564898775,0.2288780209402972,0.4407052971852848,0.1531219879147579,0.1729099799125546,0.1677090841737281
C2D07_hilbert_kndvi_calendar,kfold5_window,C2D,hilbert,kndvi,late,0.4368026565799676,0.013119823111747001,0.4633188651934282,0.41304474279389725,0.4605605703660378,0.273374336549797,0.3400577912855171,0.5431203387340413,0.3807001380132156,0.3153137516344349,0.3050200035293926,0.4431443302209651,0.1945455656869383,0.1328481834367127,0.2848683289859312,0.5083830163762515,0.2302346771340672,0.4301543645008968,0.1648974841747461,0.1807146497577597,0.1840918522752935
MLP02_curve_savi,kfold5_window,MLP,tabular,savi,late,0.4276352606670546,0.017976867713360316,0.4580680651829711,0.3961253440563965,0.4591451772777127,0.283494413908797,0.3723395181738491,0.5619517902209777,0.355703840955704,0.2707204009925076,0.3173348346878263,0.4456249447516274,0.1940940997854761,0.1197954420371556,0.3344242148561502,0.4938404907855005,0.1987241921824145,0.4379700962960102,0.1602511678682406,0.1641352165138526,0.165823417742441
C2D02_serpentine_kndvi,kfold5_window,C2D,serpentine,kndvi,late,0.43161775065389013,0.011068151975806767,0.4591335707357093,0.40469269290835524,0.45854280839942496,0.2742965896514474,0.3313320035124622,0.5291046419558034,0.376133644743945,0.3088397920253174,0.3180166824292479,0.4503651472747563,0.1885133332190859,0.1265770208724069,0.2799573485909003,0.5047075834416717,0.2249157379341938,0.420555694481847,0.1584394239273998,0.1670992066412146,0.1715808154846483
C2D01_reshape_ndvi,kfold5_window,C2D,reshape,ndvi,late,0.4276169181457044,0.020126169208349483,0.4577188717888334,0.3971802239227646,0.4580536123686443,0.26331275582989483,0.3190500654310679,0.5479102081589761,0.3572635725968755,0.2863668910124421,0.314112514054879,0.4540078807772987,0.1806953270655157,0.1254697549120749,0.2718610679837879,0.5079869990080631,0.2039646854510175,0.412165957320571,0.1568788231780008,0.1652267399847216,0.1643949754136013
C2D02_serpentine_kndvi_wX,kfold5_window,C2D,serpentine,kndvi,late,0.4141204805475731,0.016710308076605816,0.4657140449080615,0.3720592630714368,0.4561816980237095,0.2812975218458708,0.3550908011747924,0.5196224933319894,0.3339037031869501,0.2626515926953707,0.3052602208608135,0.4330272760934069,0.1634870583633756,0.1125380166664851,0.2948704764093685,0.4859419484721619,0.2437618682674304,0.4495758695055598,0.1040440510475824,0.1234403984908896,0.1147198736885584
C2D07_hilbert_kndvi,kfold5_window,C2D,hilbert,kndvi,late,0.4262284008450594,0.011897831378738517,0.4538420942200296,0.3996266646353072,0.45283013705481157,0.2723673122353079,0.3423568928614474,0.5216661735547617,0.3724705802202197,0.3047432401309402,0.2806444307886431,0.4328657551480073,0.1833151350371679,0.1298375211184016,0.2973482666988959,0.5015271686555791,0.2391092392183847,0.4240974873608484,0.1597681660481385,0.1798782988177252,0.1762732051240532
C2D02_serpentine_kndvi_wC,kfold5_window,C2D,serpentine,kndvi,late,0.42500289296632693,0.015981863932305117,0.461477069079186,0.3985788557003201,0.4514269302323337,0.28187706336585056,0.3651761029810188,0.5456962606163214,0.3585169802636219,0.2915233262210171,0.3075797687035996,0.4383308905608404,0.1625166458872145,0.1330998621161312,0.2913447007484874,0.4897195997992498,0.2467067206454647,0.4262303003369109,0.145142245617031,0.1673580155823823,0.1601751460288028
C2D02_serpentine_kndvi_calendar,kfold5_window,C2D,serpentine,kndvi,late,0.4262454948104608,0.013374864150999317,0.45181938373793734,0.40236945757530923,0.4501215320456123,0.26183489041178787,0.3481018900839438,0.5428480601944133,0.3651123065257557,0.2991480060057588,0.293716208679428,0.4389030297979386,0.1781790963450595,0.1304691637342732,0.2818868800464706,0.5042621072014589,0.209901582509465,0.4071994591374393,0.1714195649596954,0.1904699607009831,0.1894006120805036
C2D07_hilbert_evi,kfold5_window,C2D,hilbert,evi,late,0.40635124414856416,0.012264585314633118,0.4337777197229338,0.36292762909917625,0.449774859197952,0.2492935032178347,0.3241050355872388,0.5441439313448101,0.3141839226678333,0.2304550332848853,0.295895378823216,0.4450688772223041,0.19487287986438,0.1215246273611995,0.2635649771675831,0.4858152046666417,0.188420153662705,0.4184404957049104,0.1573181910896962,0.1823757720542802,0.1740119341045773
C2D02_serpentine_kndvi_mixup,kfold5_window,C2D,serpentine,kndvi,late,0.4323818400013482,0.0155984411077075,0.45692080827501597,0.4150107438516917,0.44975293615100487,0.27507831517508885,0.3381122288768023,0.546382331588989,0.3802097604470444,0.3184401395190416,0.3049933100927793,0.4398353893609064,0.1850131913119004,0.1235132876515445,0.2885628303768382,0.5005153703597117,0.231678805055649,0.4089080487323966,0.1522684122474011,0.1666016752980182,0.1649858096333584
C2D07_hilbert_savi,kfold5_window,C2D,hilbert,savi,late,0.40493061834112076,0.012650794054781483,0.43074076920961785,0.36164054282869923,0.44822069385354224,0.25370479086056863,0.3396595449917067,0.5316594213578821,0.3169787863995852,0.2362834207286303,0.2981245220992873,0.4427383857433791,0.1881643989823364,0.1221651569197368,0.2736516604962161,0.4840466377743991,0.1893381899862025,0.4178770580428486,0.1570428734168777,0.1658828381182892,0.1654985286004826
C2D01_reshape_kndvi,kfold5_window,C2D,reshape,kndvi,late,0.4110150445373673,0.01435153195861215,0.44033931408119603,0.373892827250699,0.4481372618240356,0.26414094696491286,0.3214955953324224,0.5212636601171571,0.3338613313300225,0.2665534903049175,0.2823302252688844,0.4358938925247717,0.1755752556397593,0.129173382916449,0.3002661354813,0.5050482489373226,0.2098264801445542,0.4034696440100127,0.1565334980015068,0.1746831112898161,0.1697582283476633
C1D02_curve5,kfold5_window,C1D,curve5,,late,0.4124798574275519,0.025222507786543318,0.45091553088923564,0.37703984115628403,0.4479198736988197,0.27821166152378113,0.3223753855506691,0.5429839893781644,0.3378433201452201,0.2502922139454676,0.2705986361505985,0.4171997116633182,0.1704973572838213,0.1112256976350397,0.3203570132611772,0.5028648843573619,0.2436793351595676,0.423695025075779,0.1391463867733139,0.1500774361239804,0.1527205515488338
C2D01_reshape_nbr,kfold5_window,C2D,reshape,nbr,late,0.43185517734360396,0.01726840877364193,0.46232271950105824,0.4160828339829652,0.44762752070424267,0.2974882495286258,0.3046614362096677,0.574628883403964,0.3715310219325025,0.3020885966124292,0.3406388018248082,0.4284079370758031,0.1827829554411291,0.1424706676357735,0.3404129799068904,0.4994694662446702,0.2114129668541788,0.4150051587922547,0.1609484311302265,0.1971580733799919,0.1936226712305444
C2D09_spectrogram_kndvi,kfold5_window,C2D,spectrogram,kndvi,late,0.418913341248676,0.009160248021780067,0.4468116394968556,0.39330085073472637,0.44452583176262556,0.25392273140142485,0.3176340205945122,0.5304302684897402,0.3559554200977883,0.2935168636166507,0.2653804047829218,0.4306038222105573,0.1786319740428381,0.1271183874595289,0.2877485305833778,0.5014567273745496,0.208639258837975,0.4015169457027698,0.1562113257423139,0.1721039370562804,0.173658510304626
C2D02_serpentine_nbr,kfold5_window,C2D,serpentine,nbr,late,0.42288259424369407,0.017050992164478466,0.45167488415705886,0.4013218039260575,0.44444338456133065,0.2843353831334739,0.2966706238376904,0.5724485058267585,0.3578386174968762,0.2736782884545377,0.320624581711988,0.4301019189331643,0.1752217100591652,0.1331284845330636,0.3397960433115153,0.4983134780021964,0.1925855243769183,0.4049147567486313,0.1553439743455154,0.1935514044017517,0.191996618425404
C2D07_hilbert_kndvi_wA,kfold5_window,C2D,hilbert,kndvi,late,0.4105994291128159,0.015411290405894701,0.4338234029046606,0.37819199684331384,0.44300686138231793,0.25272213485174455,0.3062142255091097,0.4895441269699012,0.3549593549315744,0.290072508628466,0.2858579156211977,0.4305127554150282,0.1867276064423069,0.1177369453120121,0.2591148868061795,0.4984360661950719,0.2131936021278564,0.4000717625368538,0.1606000569081681,0.1701776607491223,0.1719884481897389
C2D01_reshape_savi,kfold5_window,C2D,reshape,savi,late,0.40360123208541765,0.014894798327623984,0.42794011022258766,0.36467177820124874,0.44253068596958656,0.2503959242057749,0.3348321992719228,0.5403221085488373,0.3122765717662347,0.2414166542886742,0.2949175011249285,0.4450526069216844,0.1674485560995415,0.1229905999377362,0.2675995252575233,0.4881005843280546,0.1886707462348728,0.3944388666590206,0.1534679630351617,0.1724682580521895,0.1669430543633148
C2D02_serpentine_kndvi_film,kfold5_window,C2D,serpentine,kndvi,film,0.41988123453730647,0.02412016236962013,0.46845687505917405,0.39724777568475494,0.44251469338985805,0.26421783046500186,0.3332273870530503,0.5169985661756699,0.365816087543894,0.3089286733347008,0.2788265205849786,0.4248343934671128,0.1424511647874724,0.109614936819999,0.3067253184784004,0.4880732313327228,0.2071016523316265,0.4146364553697385,0.1393142495768239,0.1838506813740404,0.165788578754822
C1D01_curve1d_nbr,kfold5_window,C1D,curve1d,nbr,late,0.4117963709289269,0.012543047942516683,0.4379273257819458,0.38143400508854425,0.4421587367693096,0.2515895166207005,0.3043966692545441,0.5328843810426813,0.3428475867166643,0.268570047506287,0.2649745049914662,0.4173234572215305,0.1677474888825214,0.1212706109871166,0.3082417568450651,0.4966178406342014,0.1815522880255702,0.4125349124521968,0.1369498168857211,0.1695540722252133,0.1505405539440147
C2D07_hilbert_nbr,kfold5_window,C2D,hilbert,nbr,late,0.4238322711191864,0.019837735809680283,0.45458448415697483,0.4064259619235801,0.4412385803147927,0.283217488239774,0.3167395394784331,0.5690974690311931,0.3661866825484847,0.2839937341910626,0.3251765105488983,0.4295233271833904,0.1762572472575025,0.1348140996711131,0.3301039100470905,0.491228364366149,0.1943720441233332,0.4029640493948387,0.1468683881028908,0.1940764153646009,0.1827377267364537
C2D02_serpentine_savi,kfold5_window,C2D,serpentine,savi,late,0.40164927570034575,0.016382741939465168,0.42917504511542987,0.3623400077210275,0.4409585436796639,0.25043047848762534,0.3294403146501927,0.5407224564678331,0.3138542378678791,0.2324433288273702,0.3037919828338687,0.4355501146809344,0.1733886079013311,0.1241243584326706,0.2627860547805238,0.4751661918101988,0.1847133978484835,0.4121593245478586,0.1556584340692492,0.166744359914669,0.1632949773010716
MLP01_lsp_kndvi,kfold5_window,MLP,tabular,kndvi,late,0.4208470464114744,0.01939553243269977,0.45276853981129245,0.40117867227262444,0.44051542055032433,0.2610469290759074,0.3267348727002487,0.5631139617491883,0.3617654206322736,0.2786566344364113,0.2710923866182896,0.4146394701368014,0.1613126695755675,0.1146169696841039,0.3220798663717998,0.4941128784336908,0.1899685342376328,0.4127939130804809,0.1188972222599516,0.1599209791272833,0.1522221779728261
MLP01_lsp_nbr,kfold5_window,MLP,tabular,nbr,late,0.4198846332841874,0.018392407248511617,0.4550908922438568,0.40194271476823024,0.4378265518001445,0.27960101346130833,0.3230681662738008,0.5860275637264398,0.3594750012393639,0.2603255793388871,0.2886516128764667,0.419479630447299,0.1880474873465178,0.1317169023393512,0.3458245053010566,0.4997093388994103,0.2043269222064017,0.3942906860537241,0.1611234258456927,0.2051058073996378,0.1937286257586016
C2D02_serpentine_evi,kfold5_window,C2D,serpentine,evi,late,0.40294556675749177,0.017722160189117483,0.43169999398901143,0.3680755487085799,0.43781558480640376,0.25028872372466343,0.3107354260010461,0.5449453118082751,0.3233549227069306,0.235926411610534,0.3166657195381094,0.4336637690768141,0.1844664429704786,0.1253289219682272,0.2493483828596369,0.4732665949251882,0.1848520687762441,0.4065163904172089,0.1510479938255303,0.1734456131006241,0.1667001135433386
C1D01_curve1d_ndvi,kfold5_window,C1D,curve1d,ndvi,late,0.40356193089505266,0.017960465935953115,0.4295444842843395,0.37012708278867285,0.43699677900143247,0.23434711731780347,0.2856759008448623,0.5314642262685492,0.3271890148536084,0.2517280072438609,0.2391264067937597,0.41211920135116,0.1824821861234989,0.1139705836845906,0.2469532005237564,0.4868818197818798,0.2169617446358943,0.4119893158712577,0.1592143110097385,0.1701090957798351,0.1674346947831463
C2D01_reshape_evi,kfold5_window,C2D,reshape,evi,late,0.3966773026940058,0.01681249739493175,0.42652055110700643,0.35648122063145143,0.43687338475656023,0.24719980964946556,0.3143309043814647,0.5453416744768793,0.3064610901018923,0.2176408973155827,0.3030877143010187,0.4352403228390566,0.1715239479747526,0.1220303982530548,0.2513967409428554,0.4857323118586353,0.1871149737045225,0.3896475195719888,0.1489799196581809,0.1780105613313426,0.1653459444250123
C2D02_serpentine_kndvi_wA,kfold5_window,C2D,serpentine,kndvi,late,0.40220591290247754,0.016178287601546784,0.4236862733612922,0.369726795218922,0.4346850305860331,0.24083490280232397,0.2930760009650005,0.4645788644894879,0.3531501977667339,0.2914513234005441,0.2775232125122308,0.4276379215544633,0.1885870297575982,0.118178848213822,0.23388865108805,0.4853525827090236,0.2110928448066911,0.3910645874946123,0.1691958487270256,0.1722388048918203,0.1771811842463545
C2D10_stack5,kfold5_window,C2D,stack5,,late,0.38076507144638994,0.018066936473870383,0.4049501429239895,0.32798113198505696,0.43354901090772285,0.23613214437365473,0.2855330943135037,0.4907081528652644,0.2866534131768268,0.2065818299130797,0.2157390602026556,0.4030742074773845,0.1758930532033267,0.1139315775358632,0.2616205270256752,0.5057392604444054,0.2310368458926334,0.3918335648013786,0.1607672691306708,0.1660366494652888,0.1697907028810221
C2D07_hilbert_kndvi_none,kfold5_window,C2D,hilbert,kndvi,none,0.3558189458971979,0.02058358609741625,0.39315705737625833,0.2790192286078836,0.4326186631865123,0.24392373968145223,0.3083624391220366,0.369438224796506,0.264858965276892,0.2027604957502528,0.2718324458679559,0.4171392200151644,0.1332248587831829,0.1107373037556125,0.1950468107076219,0.4618711317788412,0.2648919624687789,0.4188456377655314,0.1291332917864836,0.124886975626283,0.1349963938631471
C2D11_pxcube_kndvi,kfold5_window,C2D,pxcube,kndvi,late,0.39590042401604086,0.011727684948487282,0.4190545288074535,0.3603254683646135,0.43147537966746824,0.22904552722137572,0.2799986250565448,0.4936370295608345,0.325628605520521,0.2617107700124849,0.2404237681500889,0.4164929846998336,0.1811260800104533,0.1244892818776058,0.2282095681347354,0.4994911445761953,0.2185032453793029,0.3784420097263758,0.1647491682375828,0.166800985889956,0.167617949731596
C1D01_curve1d_kndvi,kfold5_window,C1D,curve1d,kndvi,late,0.3862574054180505,0.02060947731201085,0.41828572406251263,0.34192807219693994,0.430586738639161,0.233432914505161,0.2890998847716444,0.5068202452977996,0.2995507930258982,0.2194131782671219,0.2113613733207468,0.3980042011512099,0.1723499871680093,0.1167409640798136,0.2605607465070597,0.4964405753878592,0.2283766236876765,0.3973154393784139,0.1500958718102347,0.1690482699760651,0.1587666956843403
C2D07_hilbert_kndvi_film,kfold5_window,C2D,hilbert,kndvi,film,0.40568381639600143,0.019740357405932683,0.45798009762992997,0.3844769029962786,0.42689072979572434,0.2614238632685086,0.3224370751520242,0.5400489898201415,0.3501434337999056,0.2632382853687886,0.2611870161253672,0.4055782905857568,0.1701161138062052,0.1105418235660231,0.308527525558688,0.4785591179853791,0.2145570481214705,0.3965347808160371,0.1549556986550273,0.1936328568842839,0.1789873391858192
MLP01_lsp_ndvi,kfold5_window,MLP,tabular,ndvi,late,0.4163165021034043,0.016564779766445385,0.4487748682293528,0.4070326480266598,0.42560035618014885,0.25240900832489915,0.3204227826907743,0.5741793172144285,0.368224312712264,0.278694314153287,0.2701823344547128,0.3912204447682355,0.1783179960310168,0.1178862012720125,0.3189546816963751,0.4919885056572011,0.1680900088236096,0.3935921181150099,0.1304008190954166,0.1566234472478607,0.1573919529398172
C2D06_cwt_kndvi,kfold5_window,C2D,cwt,kndvi,late,0.41173133787065824,0.014727662665795215,0.43098806197449946,0.39987879307517743,0.4235838826661391,0.22051350722143948,0.2908734380649679,0.5607537292685713,0.3548052477258351,0.2840774022311259,0.2459231891499876,0.4057700454794237,0.1763356507882911,0.1218132146174469,0.2204198924794455,0.4931741441847908,0.1951974400348854,0.3718074583342028,0.1664791354029969,0.1799396463948653,0.1820871751070903
C2D07_hilbert_kndvi_patch,kfold5_window,C2D,hilbert,kndvi,patch,0.37579063863290635,0.0218005257688268,0.4125304854349832,0.32870690304540057,0.42287437422041213,0.2452919880208215,0.3064048455516905,0.5011498573324763,0.2838251299637832,0.2011457218399423,0.2395667136649828,0.3932965550428169,0.1413937632262131,0.1031805167272205,0.2504778313239876,0.4636593803380154,0.245831419073494,0.4116671872804041,0.1301131882958684,0.1384626755589241,0.1467820961519175
C2D02_serpentine_kndvi_patch,kfold5_window,C2D,serpentine,kndvi,patch,0.37793391038913365,0.013834184867926683,0.4177161869198911,0.3332237796436576,0.4226440411346097,0.2506344318191343,0.31325696948871,0.5091107527715483,0.288935190630516,0.2016253955289087,0.2684447673315945,0.3969579737587872,0.1430877069888003,0.1033546213780412,0.2460887006232237,0.462607507909835,0.2373698275025848,0.4083666417352067,0.1253144321630457,0.1407086030608162,0.1368942455337158
B01_topo-area,kfold5_random,BASE,,,none,0.3711727962691114,0.006404578237363233,0.37486485859240465,0.3201139413247613,0.42223165121346157,0.2418584191956077,,0.5443802928188242,0.2382705815943439,0.1776909495611157,0.2364994897119854,0.4457623458942875,,,0.2582688686330627,0.4618468515698026,0.230806899241775,0.3590857561762946,,,
C2D07_hilbert_kndvi_nperSample,kfold5_window,C2D,hilbert,kndvi,late,0.3756591506699631,0.017860007559872618,0.4079038856480531,0.3308524049840884,0.4204658963558377,0.27507616753682024,0.344621771762842,0.3996248491036824,0.3185411764434803,0.2743911894051025,0.3033359282585903,0.4145831931490432,0.1709203765155364,0.1069521640901503,0.2865623011654619,0.4411866366375621,0.2353302731864085,0.4056278592809079,0.1313830384843447,0.1454916143550021,0.142023254638202
C1D01_curve1d_kndvi,kfold5_random,C1D,curve1d,kndvi,late,0.3746762254363794,0.041444893503789965,0.4359591219796184,0.3292089548724087,0.4201434960003502,0.23400342782303415,,0.4525201056595804,0.2933282645085457,0.2417784944490999,0.2200729486891767,0.384724705234139,,,0.256529610277825,0.5026400719813578,0.2254077245021007,0.3730657107855538,,,
C1D01_curve1d_evi,kfold5_window,C1D,curve1d,evi,late,0.3824771767510848,0.009880469144196618,0.40731827633448797,0.3473684033191062,0.41758595018306327,0.21605229112199553,0.2692942033468721,0.5115634203006266,0.3063888107574579,0.224152978899234,0.2255551787604991,0.4100289265979337,0.1887199947999875,0.108755041064304,0.2404497532357068,0.4705316455299008,0.1821519413697807,0.3721972784213553,0.1482753596846684,0.143208135445046,0.1523066750036024
C2D02_serpentine_kndvi_none,kfold5_window,C2D,serpentine,kndvi,none,0.3505386127248961,0.009595427030117483,0.38671508883985145,0.28373765981827953,0.4173395656315127,0.22010448231756485,0.3258161171570172,0.4146478638115708,0.2571221793383266,0.1794429363049411,0.2678099014107126,0.4030827541140592,0.117773070964268,0.1076382675324054,0.1697955092125632,0.4494585922213784,0.2227080363294187,0.3994773505591005,0.1272754906321461,0.1260678769073847,0.12848476114093
MLP01_lsp_evi,kfold5_window,MLP,tabular,evi,late,0.39603763650380097,0.013650188182466565,0.4311908285106205,0.3773192852056797,0.4147559878019223,0.24947883901337567,0.3092426744751415,0.5405658553063902,0.3311454824288661,0.2602465178817827,0.2759862392643532,0.4034843577661902,0.1572755837817141,0.1120586241802283,0.2854852640665854,0.4570486958125513,0.1869650137091884,0.3837349098270255,0.1369522827490623,0.155327686695267,0.1475461032728585
C2D02_serpentine_kndvi_nperSample,kfold5_window,C2D,serpentine,kndvi,late,0.3583175931687345,0.01725555176920872,0.3932985901036048,0.3021739849968315,0.4144612013406374,0.27468146799068033,0.3399478285610633,0.3643957007799883,0.2935519144390567,0.2485743397714496,0.3011868479458522,0.3967523840873576,0.1638539162081009,0.108161626718529,0.3127156484845892,0.4510747922004863,0.2101419075415996,0.3955564277340684,0.1427009992239517,0.1502568039625248,0.1468819844517594
MLP01_lsp_savi,kfold5_window,MLP,tabular,savi,late,0.40681319207246874,0.019126799415689,0.4410375903425865,0.399440062523939,0.41418632162099844,0.2589067512725273,0.3065987885345656,0.5588937993633007,0.3564075491134357,0.2830188390950807,0.286707556897037,0.4000391960025131,0.1544867011573935,0.110658357136671,0.2778953989526077,0.4571425038276531,0.2121172979679373,0.3853772650328292,0.1189968520671194,0.1451872039910569,0.1304054344616566
C1D01_curve1d_savi,kfold5_window,C1D,curve1d,savi,late,0.3781988238398239,0.0175916638003451,0.4056190610969632,0.3472732866297012,0.4091243610499466,0.20502578914288203,0.2670975104091766,0.5039753494431959,0.309417691147484,0.2284268192984236,0.2117044614624568,0.3976489657580996,0.184157072397944,0.108017655682025,0.2185135657017479,0.4616520509286175,0.1848593402644414,0.3680720664631227,0.147842440506872,0.15003387520337,0.1530165789646299
C2D11_pxcube_kndvi,kfold5_random,C2D,pxcube,kndvi,late,0.377740515482087,0.042937050900710504,0.43741824326997186,0.34710090073693395,0.4083801302272399,0.23601956087536544,,0.4742777861790871,0.3035763974009664,0.2634485186307483,0.2282866725914511,0.3767451910105525,,,0.2666653186635548,0.5135191469142698,0.2131066913710904,0.3348760527568975,,,
C2D10_stack5,kfold5_random,C2D,stack5,,late,0.356514338596603,0.045936120378505384,0.41258522225594324,0.30989307582824854,0.40313560136495735,0.2233766812609154,,0.4487727976678338,0.2648777400375247,0.2160286897793872,0.1977584268007425,0.3575391865108722,,,0.2736634546466091,0.5050351780546284,0.1987081623353946,0.3468324395293716,,,
RF06_curve_all-topo-area,kfold5_block20,RF,,,none,0.3086898406793557,0.008353563079772983,0.3111510332771739,0.22181300118628014,0.3955666801724312,0.24030636221516413,,0.3684141239890472,0.1372113677152353,0.159813511854558,0.247812589943569,0.3643958309081803,,,0.3160399171862071,0.4931914823801915,0.1570665795157163,0.3291127272289219,,,
RF03_curve-topo-area_evi,kfold5_block20,RF,,evi,none,0.30341039809608644,0.009818899788656667,0.30611714559060105,0.21542065075403827,0.3914001454381346,0.2369147246803146,,0.3823693671412445,0.1254577675117592,0.1384348176091111,0.2514424348026911,0.3555524640918354,,,0.3300533333627184,0.467518038233548,0.1292484058755343,0.3511299339890204,,,
RF03_curve-topo-area_kndvi,kfold5_block20,RF,,kndvi,none,0.34975427946427584,0.009954512659765984,0.35242128677535667,0.31258374007925027,0.38692481884930147,0.23341686492119318,,0.4923273331339076,0.2192477166522557,0.2261761704515875,0.2079602463698623,0.3523308898961986,,,0.3157200168044764,0.4715288519355942,0.1765703315892408,0.3369147147161116,,,
RF01_lsp-topo-area_kndvi,kfold5_block20,RF,,kndvi,none,0.32381802098552714,0.01152535202380775,0.32640523208101596,0.26478604570793723,0.38284999626311694,0.20625026585906567,,0.4698534721549407,0.1592709736723591,0.165233691296512,0.1634354266399236,0.3115875886293928,,,0.3076472141155236,0.4772849583387157,0.1476681568217498,0.3596774418212425,,,
RF03_curve-topo-area_savi,kfold5_block20,RF,,savi,none,0.3012096738012953,0.010608445708741998,0.30387906955418603,0.2222232502551613,0.3801960973474294,0.22596990550695092,,0.4042484269322529,0.1264801370059474,0.1359411868272836,0.2497566593752457,0.3450248120942579,,,0.3149192425203957,0.4525288676368044,0.1132338146252113,0.3430346123112258,,,
RF03_curve-topo-area_ndvi,kfold5_block20,RF,,ndvi,none,0.33904468447477804,0.010147748578834917,0.34169349193060966,0.29809718814211567,0.3799921808074404,0.22908124533232252,,0.4834018884403225,0.203016550951238,0.2078731250347865,0.2056056931771424,0.3392448305167419,,,0.307080564531083,0.4562024573497501,0.1745574782887421,0.3445292545558291,,,
B01_topo-area,kfold5_window,BASE,,,none,0.3372865169101995,0.005844341343070734,0.34019046629764954,0.2990438611757902,0.37552917264460883,0.20379599929011763,0.2689590282657934,0.4837108839975602,0.2271267957073165,0.1862939038224939,0.1783369526372734,0.3961500362297983,0.1511633287166539,0.0342872041249721,0.2450944263267309,0.415276814992551,0.1879566189063486,0.3151606667114773,0.0795073841960658,0.0802080197480566,0.0837903308849615
RF01_lsp-topo-area_evi,kfold5_block20,RF,,evi,none,0.3006170175222194,0.008721409578530168,0.3031449851828365,0.22773419815687757,0.37349983688756133,0.21575483168700474,,0.4275343196369016,0.1318722103619047,0.1237960644718264,0.2130589021822264,0.3232194346415695,,,0.2955103598972274,0.4634202760078101,0.1386952329815604,0.3338598000133045,,,
RF01_lsp-topo-area_ndvi,kfold5_block20,RF,,ndvi,none,0.3244441952730495,0.009333019968414,0.326927716146573,0.27553448593849805,0.37335390460760093,0.19769500705534648,,0.5097132236549653,0.1573422947683077,0.1595479393922212,0.1432445795890468,0.301280254993485,,,0.3079601976267491,0.468551839888627,0.1418802439502435,0.350229618940691,,,
RF03_curve-topo-area_nbr,kfold5_block20,RF,,nbr,none,0.32838657674045174,0.008901771571448017,0.330915799827537,0.2858126408971024,0.37096051258380097,0.22957867352656022,,0.4750902415280435,0.1971269813435435,0.1852206998197202,0.1992053482380735,0.3090882587141648,,,0.3122467376098066,0.4765022515343185,0.1772839347318006,0.3272910275029197,,,
RF01_lsp-topo-area_savi,kfold5_block20,RF,,savi,none,0.2964958960396451,0.007910002882403183,0.2990447084750137,0.2271064816613291,0.3658853104179611,0.20435250186407794,,0.4543927122041882,0.1217623568991531,0.105164375880646,0.2010407709896906,0.3130624649799949,,,0.2863848677763558,0.457133538729561,0.1256318668261874,0.3274599275443273,,,
RF01_lsp-topo-area_nbr,kfold5_block20,RF,,nbr,none,0.3305430528030306,0.00878768724478885,0.333023572356454,0.2987006438220776,0.3623854617839837,0.19192219487756682,,0.5319096004846039,0.1968602346484106,0.1673320963332183,0.1801402458464143,0.3321158113252529,,,0.2962375148932244,0.4868079422099287,0.0993888238930617,0.2682326318167693,,,
MLP02_curve_kndvi,kfold5_block20,MLP,tabular,kndvi,late,0.2843905508223268,0.06405134334408062,0.36120231202008585,0.21483114384481247,0.35394995779984106,0.21067362709096357,,0.3000991755370805,0.1818773057847984,0.1625169502125585,0.232168886571302,0.3487510899922574,,,0.2946466779217295,0.4251776990791425,0.1052053167798592,0.2879210843281233,,,
RF06_curve_all-topo-area,kfold5_location,RF,,,none,0.045642573493879755,0.0368913165727308,0.04991332849009006,-0.26088843906390474,0.3521735860516642,0.14473374011680462,,-0.1435616431909336,-0.3259978772679998,-0.3131057967327808,0.0866927327669217,0.2835329970037089,,,0.2571466458296733,0.4798105792017325,0.0903618417538189,0.2931771819495513,,,
RF06_curve_all-topo-area,kfold5_dataset,RF,,,none,-0.14964869668862849,0.03514003399300288,-0.14636105778380953,-0.6121192159800928,0.3128218226028358,0.036205156562064765,,-0.2763680400319841,-0.6990847907104639,-0.8609048171978303,-0.0475175645678283,0.2831022550184878,,,0.134439980193233,0.4080110715490675,0.0216930540607896,0.2473521412409521,,,
C2D08_cos2d_kndvi,kfold5_window,C2D,cos2d,kndvi,late,0.2765379337044413,0.017648023046358017,0.2996038926830534,0.24652387002497037,0.3065519973839122,0.17686919495789535,0.2230230965974616,0.4239697880280135,0.189978333869329,0.1256234881775686,0.1622138048893408,0.3276318757819408,0.1468093333996227,0.0699046280255666,0.2019578142631671,0.3560696573567368,0.1664359657211782,0.2359544590130591,0.1045484019372915,0.0801497087394201,0.0890303009566814
B02_area,kfold5_random,BASE,,,none,0.2533930493682328,0.003083806607020167,0.25668346111593016,0.2160063739904754,0.2907797247459902,0.07656154269867044,,0.5094935200738377,0.0985448793517,0.0399807225458885,0.2001484092374226,0.3562345830612031,,,0.014571198410616,0.3253797145276689,0.0149650204479727,0.1907248766490986,,,
B03_coords,kfold5_block20,BASE,,,none,0.2751241023608386,0.014506509322073516,0.2777962814017811,0.2729144529067427,0.2773337518149346,0.10556214127909501,,0.4036902491868213,0.2102598336790407,0.2047932758543661,0.257273391750215,0.293066090865867,,,0.0857450325963999,0.2292871141964874,-0.0263320005093299,0.3096480503824493,,,
RF06_curve_all-topo-area,kfold5_owner,RF,,,none,-0.16762521598179803,0.0396914564079216,-0.16362425702180844,-0.6038010146957354,0.2685505827321394,-0.019873603624186966,,-0.2474679848688933,-0.6894819151552123,-0.8744531440631008,-0.1059302947646332,0.2082395601277872,,,0.058138177806104,0.4078967626855379,-0.0118286939140317,0.1895154253830931,,,
RF06_curve_all-topo-area,lodo_owner,RF,,,none,-0.17292069800660362,0.027802086650763017,-0.1697647580773459,-0.6120293676709551,0.2661879716577478,0.029006625149875672,,-0.238851582346612,-0.7388195135132704,-0.8584170071529829,-0.0670037607742095,0.1993501895120764,,,0.1338038194463478,0.4106556975165187,0.0202198167774887,0.1885580279446484,,,
B02_area,kfold5_window,BASE,,,none,0.23551824950828773,0.0037583872673693833,0.23777403775072425,0.21207352408270475,0.2589629749338707,0.0703862111504039,0.2278246375996709,0.5145715440614544,0.1013106279947119,0.0203384001919479,0.1982508689780495,0.3351229646054268,0.186900121624318,0.0926852018254636,-0.003072037343939,0.2688933779793247,0.0159798018171012,0.1728725822168607,0.1318549111590626,0.1210801888217627,0.1300694851335785
C2D03_gaf_kndvi,kfold5_window,C2D,gaf,kndvi,late,0.19271833871446006,0.009690139399340233,0.21195034632513501,0.1276137903386567,0.25782288709026335,0.1853408236220634,0.157005087546799,0.0491812310404919,0.1626173892156059,0.1710427507598723,0.1597683013759394,0.2146661709215887,0.0549860388085763,0.0651464846778291,0.2369049066863235,0.3442481794402079,0.1593492628039273,0.2145543109089935,0.1000467335476202,0.0842384207727863,0.0897674534525706
MLP02_curve_kndvi,kfold5_location,MLP,tabular,kndvi,late,-0.09892537395696382,0.23506720818566207,0.0443636982099689,-0.45273090753710304,0.25488015962317534,0.1136499693714637,,-0.567168036861865,-0.3747540864620602,-0.4162705992873838,0.0917500648191364,0.2504308709933882,,,0.2356858736041436,0.3701961953124623,0.0135139696911111,0.1440134125636756,,,
RF03_curve-topo-area_kndvi,kfold5_owner,RF,,kndvi,none,-0.14986790295632363,0.036837658055097915,-0.1458269262502142,-0.5533217603181577,0.25358595440551046,-0.01840800571339183,,-0.2375145260697208,-0.6273645563135343,-0.7950861985712181,-0.1494079167542875,0.1728773978797854,,,0.0414103651854494,0.3947717980222959,0.0527735344286626,0.1931086673144501,,,
RF04_lsp-curve-topo-area_kndvi,kfold5_owner,RF,,kndvi,none,-0.14022771481446744,0.04101755345738397,-0.1362957339232573,-0.5312995841894045,0.25084415456046966,-0.006975467712898101,,-0.1979342067813436,-0.5889595851352082,-0.8070049606516617,-0.1332145388781086,0.1706557383029884,,,0.0723464155898814,0.3902773231396571,0.0399417201495329,0.1915994022387634,,,
RF08_lsp-curve-topo_kndvi,kfold5_owner,RF,,kndvi,none,-0.09820698169803325,0.04658621174680472,-0.0942682246602699,-0.4465631706683146,0.25014920727224804,-0.002736025082673769,,-0.1988804638610099,-0.4627097136131999,-0.6780993345307339,-0.1222877925088542,0.1683889948174961,,,0.0659180975518343,0.3708742968032337,0.0481616197089986,0.2111843301960143,,,
C2D11_pxcube_kndvi,kfold5_block20,C2D,pxcube,kndvi,late,0.2005900103755455,0.0769666742711987,0.27559736667033596,0.15602870497594698,0.24515131577514404,0.14219414066191602,,0.2331475630646797,0.1144575049423538,0.1204810469208074,0.1238107694883176,0.1857671297525883,,,0.1783365382706924,0.3787203872009583,0.1244351142267381,0.1709664303718855,,,
RF03_curve-topo-area_ndvi,kfold5_owner,RF,,ndvi,none,-0.15787177802824548,0.03766170155943523,-0.1538708804369491,-0.5571761338618164,0.24143257780532545,-0.03258492150858637,,-0.2188686914914644,-0.6408181468003945,-0.8118415632935904,-0.1612454876488506,0.1555259020737717,,,0.0403737536688064,0.3780714046299875,0.0231169694542851,0.1907004267122172,,,
RF03_curve-topo-area_evi,kfold5_owner,RF,,evi,none,-0.2097669476847097,0.03396261188749263,-0.20617023133531434,-0.6582065694991159,0.2386726741296966,-0.04203539924558816,,-0.2138043531007244,-0.7493887397223667,-1.0114266156742566,-0.1158120647598213,0.1656635580852007,,,0.0023976764301302,0.3605675163111083,-0.0126918094070734,0.1897869479927807,,,
RF01_lsp-topo-area_kndvi,kfold5_owner,RF,,kndvi,none,-0.09521590931976687,0.027438695386189333,-0.09172147316064028,-0.4282955974452754,0.2378637788057417,-0.024227791010075234,,-0.1604237259077202,-0.471623547696608,-0.652839518731498,-0.2220066721415973,0.1471390532035315,,,0.0998830926721984,0.4030388743755711,0.0494402064391732,0.1634134088381225,,,
RF02_lsp-qc-topo-area_kndvi,kfold5_owner,RF,,kndvi,none,-0.08763401091304344,0.029413741185185468,-0.08391276632069002,-0.4130037957030008,0.23773577387691383,-0.025790988280635068,,-0.1613370369813252,-0.4489538381121654,-0.6287205120155116,-0.2178424041400585,0.1515690821922365,,,0.100573719131698,0.4041720514672852,0.0398957201664553,0.1574661879712198,,,
RF04_lsp-curve-topo-area_ndvi,kfold5_owner,RF,,ndvi,none,-0.14518395908474455,0.040264545359602215,-0.14136007162606667,-0.5221262768992231,0.23175835872973397,-0.03548736347363687,,-0.1981387075402288,-0.5796524349907138,-0.7885876881667265,-0.1724276577037733,0.1394884088203264,,,0.0572288231746964,0.3742279277913678,0.0087367441081663,0.1815587395775077,,,
RF08_lsp-curve-topo_ndvi,kfold5_owner,RF,,ndvi,none,-0.09425916163834841,0.04547582281427007,-0.09018237688048653,-0.41714905672718583,0.22863073345048904,-0.029529460319875828,,-0.1879685915517635,-0.4235808401011669,-0.6398977385286272,-0.16811597005054,0.1365448777480801,,,0.0552789848058266,0.3454290414965182,0.0242486042850859,0.2039182811068688,,,
RF03_curve-topo-area_nbr,kfold5_owner,RF,,nbr,none,-0.20680719017361227,0.038443802679943836,-0.2024650018456288,-0.6419888605347954,0.2283744801875709,-0.06819446700091679,,-0.2308141444991635,-0.738353984531995,-0.9567984525732278,-0.2381968587628397,0.1331081673918996,,,0.046594125804669,0.3819376584850902,-0.0129806680445797,0.1700776146857229,,,
C1D01_curve1d_kndvi,kfold5_block20,C1D,curve1d,kndvi,late,0.19321731900234076,0.07762061535012245,0.27197845381201796,0.1587300507484164,0.22770458725626516,0.10471510038528764,,0.2302511245731789,0.1212280077423782,0.1247110199296921,0.0737244710896786,0.1774147635697078,,,0.1635319419810144,0.347016857670367,0.0768888880851699,0.1586821405287206,,,
RF03_curve-topo-area_savi,kfold5_owner,RF,,savi,none,-0.1918020560303191,0.03745847562535643,-0.18792586822228893,-0.6110529543383625,0.22744884227772422,-0.042827574277247066,,-0.2041502351349487,-0.7110339654593858,-0.917974662420753,-0.1031354743921933,0.1556502278939811,,,0.0059587238883693,0.3511803686272188,-0.0313059723279172,0.1755159303119728,,,
RF04_lsp-curve-topo-area_evi,kfold5_owner,RF,,evi,none,-0.18966059938059585,0.04381269053253309,-0.18587799017828144,-0.6061594328661528,0.22683823410496115,-0.035470418445264135,,-0.1849369986949073,-0.6707427242222561,-0.962798575681295,-0.0927672731610088,0.1487732587183449,,,-0.0138800100902335,0.3451097117139838,0.0002360279154499,0.1866317318825547,,,
RF08_lsp-curve-topo_nbr,kfold5_owner,RF,,nbr,none,-0.11000995220576226,0.05336920371835375,-0.10484253951340831,-0.44527278912505874,0.22525288471353425,-0.04419888333011776,,-0.1947151712199633,-0.4419701788729027,-0.6991330172823104,-0.1592548487354843,0.1386504553342536,,,0.0221922045073167,0.3465631061237064,0.0044659942378143,0.1905450926826428,,,
RF04_lsp-curve-topo-area_nbr,kfold5_owner,RF,,nbr,none,-0.1801143074529938,0.040420639970614486,-0.17600615032264547,-0.5853086919220433,0.2250800770160556,-0.053487750234027,,-0.2015595751134608,-0.6513478798932993,-0.9030186207593696,-0.1781792108974112,0.1273233197417501,,,0.0265924865062849,0.3737199563618041,-0.0088765263109547,0.1741969549446126,,,
B01_topo-area,kfold5_block20,BASE,,,none,0.1779257356998375,0.012150813193278284,0.18130012556161437,0.13682298794509296,0.21902848345458206,0.10222429459744176,,0.2935517171595233,0.0614710969575258,0.0554461497182298,0.0528242617076195,0.2477049325103882,,,0.1527785755888762,0.2387057819133816,0.1010700464958296,0.1706747359399764,,,
RF02_lsp-qc-topo-area_ndvi,kfold5_owner,RF,,ndvi,none,-0.0920608095335231,0.027292167693398803,-0.08842034560731343,-0.39935815782259126,0.21523653875554505,-0.05425819765358286,,-0.166371402700908,-0.4438333619845119,-0.5878697087823538,-0.261453563886211,0.1343370589714067,,,0.073273169057922,0.3768198833678262,0.0254058018675404,0.1345526739274023,,,
RF01_lsp-topo-area_ndvi,kfold5_owner,RF,,ndvi,none,-0.09770783291384784,0.03052652840992168,-0.09411482259315211,-0.40997758760836395,0.21456192178066827,-0.05715962439955147,,-0.162355902481964,-0.4571366619036756,-0.6104401984394523,-0.2721945896022266,0.1231493691435655,,,0.0729106418465703,0.3790408182867579,0.0278050745570019,0.1414955779116814,,,
RF04_lsp-curve-topo-area_savi,kfold5_owner,RF,,savi,none,-0.18960801293660964,0.03825859409588713,-0.18572072270105586,-0.5929879912451558,0.21377196537193646,-0.040883978455808635,,-0.18875248276845,-0.6711248653967266,-0.9190866255702907,-0.093726166324346,0.1302607532128883,,,-0.0078904089435692,0.3349819074939526,-0.0210353600995107,0.1760732354089685,,,
RF08_lsp-curve-topo_evi,kfold5_owner,RF,,evi,none,-0.14773080220513055,0.04135259936434738,-0.14388613068434966,-0.5055356414100485,0.21007403699978736,-0.013374464178640735,,-0.2196137196321845,-0.5383585042743605,-0.7586347003236004,-0.0386215920471043,0.1240802323171795,,,-0.0169426462600345,0.3058712788071717,0.0154408457712166,0.2002705998750109,,,
C2D10_stack5,kfold5_block20,C2D,stack5,,late,0.14483141111037953,0.07258643182758083,0.22728805188406365,0.08616231267438075,0.20350050954637833,0.10147121434675789,,0.1267386697028995,0.0662581060920117,0.0654901622282311,0.0453636698250082,0.1603196837782886,,,0.1770039697454831,0.3588991976629004,0.0820460034697824,0.091282647197946,,,
RF05_lsp_all-topo-area,kfold5_owner,RF,,,none,-0.09989994252696503,0.028692317499807166,-0.09627123349963047,-0.4020805115523709,0.2022806264984409,-0.04712143412809561,,-0.1399616481031943,-0.4409845082125497,-0.6252953783413687,-0.157037395327517,0.0959723351687701,,,0.0111271994740514,0.3666380548116042,0.0045458934691788,0.1442314895149483,,,
RF02_lsp-qc-topo-area_nbr,kfold5_owner,RF,,nbr,none,-0.1432187778664268,0.03457811272246325,-0.13904953410219337,-0.48670293669136555,0.2002653809585119,-0.07382427331136937,,-0.2039595850825419,-0.5254507841330479,-0.7306984408585068,-0.2350967027824811,0.097504277215627,,,0.0183793902188584,0.3828603654081745,-0.0047555073704854,0.1204315002517343,,,
RF01_lsp-topo-area_nbr,kfold5_owner,RF,,nbr,none,-0.14324262720089273,0.029040894023736868,-0.13950332751559727,-0.484359365983628,0.19787411158184254,-0.06759863674446366,,-0.2105521800314449,-0.5222264181315162,-0.7202994997879228,-0.2298377957086878,0.0952505921859403,,,0.022931495409023,0.3821232311010926,0.0041103900662738,0.1162485114584948,,,
RF08_lsp-curve-topo_savi,kfold5_owner,RF,,savi,none,-0.13658734018969554,0.04455477728420598,-0.13257790750388332,-0.4705784869566245,0.19740380657723336,-0.024398538746416603,,-0.2018575032190789,-0.5116661907378585,-0.6982117669129361,-0.055129767194338,0.1030755913214302,,,-0.0122652526854443,0.2964417874393411,-0.0058005963594675,0.1926940409709289,,,
C2D04_mtf_kndvi,kfold5_window,C2D,mtf,kndvi,late,0.16772532358750536,0.0148761712814616,0.18554266785182846,0.1415195677480234,0.1939310794269873,0.17256899487228475,0.2022076690270049,0.0812247505376975,0.1662150763030388,0.1771188764033339,0.1488679402446784,0.1546648985455666,0.0118897929602343,0.0491617679864712,0.1987537211144038,0.233712462714518,0.1700853232577721,0.1934158770208774,0.0568174012460989,0.0575125600587927,0.0584305911331146
C1D01_curve1d_kndvi,kfold5_location,C1D,curve1d,kndvi,late,-0.04777273815797517,0.17542743337567537,0.0706924604315104,-0.2834542339714846,0.18790875765553428,0.00024912304472012964,,-0.5306459896515969,-0.1891860152862592,-0.1305306969765977,-0.1085189277320529,0.1677935889385502,,,0.1242752351178222,0.3573412464583522,-0.0150089382516089,0.0385914375697004,,,
C2D11_pxcube_kndvi_none,kfold5_owner,C2D,pxcube,kndvi,none,-0.1717206521593486,0.2689021448375291,-0.017563367494238157,-0.5110816132974876,0.16764030897879045,-0.09643496821411472,,-0.3102617060524976,-0.5418252320699879,-0.6811579017699773,-0.1660637250091639,0.1372805030868692,,,-0.0842512250377199,0.3168499356016698,-0.0389899545954604,0.0487904882478323,,,
C2D11_pxcube_kndvi,kfold5_location,C2D,pxcube,kndvi,late,-0.05506458501792,0.2296049209216178,0.07681186704211536,-0.27161424123275874,0.16148507119691874,0.0114848670296019,,-0.4547982734529702,-0.1982636511994916,-0.1617807990458144,-0.1011968653445525,0.13199785409012,,,0.1144415173101335,0.3360605157838946,0.0212099491232247,0.0163968437167416,,,
C2D05_ndi_kndvi,kfold5_window,C2D,ndi,kndvi,late,0.11002851403207044,0.0176607545797213,0.12518944195610496,0.06458101377489538,0.1554760142892455,0.0813447559597875,0.097033232403398,0.0169935461048457,0.0780090700921018,0.0987404251277386,0.076853338892253,0.1332402814011806,0.0313538476888441,0.0052364027786083,0.1074210306760766,0.1775725525805077,0.0597598983110329,0.1556152088860482,0.0309194632061181,0.0054218567481975,0.0066945305192038
RF01_lsp-topo-area_evi,kfold5_owner,RF,,evi,none,-0.18780720103247658,0.028823821293595436,-0.1842576318697253,-0.5288694229450722,0.15325502088011914,-0.0628511550711797,,-0.189112016753002,-0.5687039805670315,-0.8287922715151833,-0.1897988673716314,0.0732685462639863,,,-0.0003536409511439,0.3243244887739734,0.0015990431092362,0.0621720276023977,,,
RF02_lsp-qc-topo-area_evi,kfold5_owner,RF,,evi,none,-0.18087806005214122,0.030734897477810802,-0.17692170529111917,-0.5098961104819065,0.14813999037762413,-0.07296629896209714,,-0.1968799660192695,-0.5538512041488413,-0.7789571612776088,-0.212330527603003,0.0630006591618184,,,-0.0064654899711791,0.3251584528237514,-0.0001028793121093,0.0562608591473026,,,
RF01_lsp-topo-area_savi,kfold5_owner,RF,,savi,none,-0.19577899011546088,0.036799231805323365,-0.19188629812967206,-0.534112065643568,0.14255408541264614,-0.07274721971484817,,-0.1888353136953725,-0.602570202889093,-0.8109306803462383,-0.1993706086142919,0.0611572707803734,,,0.0033692609527437,0.3062408238057139,-0.0222403114829963,0.0602641616518511,,,
RF02_lsp-qc-topo-area_savi,kfold5_owner,RF,,savi,none,-0.18870753069903853,0.03329641370147584,-0.18487213822306367,-0.5186812352480976,0.14126617385002055,-0.0749671571186917,,-0.2020975550939097,-0.5647656094575472,-0.789180541192836,-0.206279057480177,0.0533588232540658,,,-0.0011778471718002,0.3173252055589975,-0.0174445667040979,0.0531144927369983,,,
B03_coords,kfold5_owner,BASE,,,none,-0.2310928817076189,0.06616231190032672,-0.2266640018302328,-0.5997942082117523,0.13760844479651446,0.008620095107038333,,-0.2307304631071461,-0.6673218838007137,-0.9013302777273972,0.0552634984880983,0.0648853910471267,,,-0.0427854190250744,0.1658321604566317,0.0133822058580911,0.182107782885785,,,
C2D11_pxcube_kndvi_patch,kfold5_owner,C2D,pxcube,kndvi,patch,-0.24782832074895178,0.21349471445662746,-0.1233849116754393,-0.6247964080313064,0.1291397665334028,-0.10240099866430846,,-0.4072238456350521,-0.6421438159058976,-0.8250215625529694,-0.2443086624845978,0.1027012086790403,,,-0.0385807830779779,0.2532626535644491,-0.0243135504303497,0.031455437356719,,,
MLP02_curve_kndvi,kfold5_owner,MLP,tabular,kndvi,late,-0.25048509131975777,0.4184566561294516,-0.046727306241760684,-0.627113865746415,0.12614368310689952,-0.21429256279529982,,-0.3756570774022992,-0.8722291096574324,-0.6334554101795136,-0.5133115780910574,0.0745442715616223,,,-0.079233576461514,0.2586431133342489,-0.050332533833328,0.0452436644248274,,,
MLP02_curve_kndvi,kfold5_dataset,MLP,tabular,kndvi,late,-0.32385053274134673,0.29475739945598084,-0.0990761531777154,-0.7606037652893601,0.1129026998066668,-0.08781358647687991,,-0.7992201687728062,-0.7768589138760549,-0.7057322132192196,-0.2065831140934316,0.0856618463569697,,,-0.0717464780689252,0.1801271501235324,0.0148888327317171,0.0729191029394983,,,
C1D01_curve1d_kndvi,kfold5_dataset,C1D,curve1d,kndvi,late,-0.29012821636754366,0.24641494526752872,-0.06895795625742279,-0.6888008667134149,0.10854443397832768,-0.12335025851442383,,-0.7281450228845978,-0.7302549947143218,-0.6080025825413252,-0.2250897657865325,0.0998436539639726,,,-0.1616962607016367,0.1605583156013462,0.0167352509448977,0.0652313323696642,,,
C2D10_stack5,kfold5_location,C2D,stack5,,late,-0.06471550301714063,0.20128389777649747,0.057812252344198595,-0.2366277117885138,0.10719670575423253,-0.029269410740086405,,-0.4512390657275423,-0.1530090914704945,-0.1056349781675046,-0.1566344559129448,0.0909347874358408,,,0.087236800221522,0.3382297598553507,-0.0184105765288364,-0.1075744300284939,,,
MLP02_curve_ndvi,kfold5_owner,MLP,tabular,ndvi,late,-0.2516801958519624,0.4060482904019158,-0.03522037512613246,-0.6102447413119434,0.1068843496080187,-0.25136517267923003,,-0.4157665421300715,-0.7845978515077775,-0.6303698302979811,-0.5182601166090931,0.069085479733129,,,-0.1671042673794173,0.2416820356323809,-0.0687311340491797,0.0098855334585462,,,
B02_area,kfold5_block20,BASE,,,none,0.12411329015514976,0.008815249827641534,0.12706921635693835,0.1438937262883417,0.1043328540219578,-0.051312188415433925,,0.4494282624391352,-0.0021451922116443,-0.0156018913624658,0.0983240753129899,0.2063480400474258,,,-0.1436607491838112,0.1799117089880868,-0.1085998913754805,-0.0732611869696392,,,
C2D11_pxcube_nbr,kfold5_owner,C2D,pxcube,nbr,late,-0.3486324717900034,0.5491710556157036,-0.06443009271103733,-0.7998747460285957,0.10260980244858876,-0.2294182655219574,,-0.6723262908328581,-0.780175854914965,-0.9471220923379636,-0.5292485177973246,0.0963048524069941,,,-0.098484285897333,0.2499000458181841,-0.0605219928712146,-0.0383754908794119,,,
MLP05c_curve_kndvi,kfold5_owner,MLP,tabular,kndvi,late,-0.2424295994776354,0.4774480618884141,-0.020242504045159336,-0.5871961903002083,0.10233699134493751,-0.21051186637644712,,-0.3174782521607104,-0.6928674574956643,-0.7512428612442502,-0.5376001864481578,0.0961917119260041,,,-0.0615003683388947,0.1787093099378321,-0.0324350443422889,0.0321099521709763,,,
C2D11_pxcube_kndvi,kfold5_dataset,C2D,pxcube,kndvi,late,-0.2637803061884264,0.2801110586606575,-0.05683141441871392,-0.6286021136667714,0.10104150128991866,-0.15058486702312757,,-0.6503541009423707,-0.7003495835214856,-0.5351026565364582,-0.2763572653243645,0.0838134551530117,,,-0.1884426940136623,0.2040935566266367,0.0130453582686441,0.0152174920901076,,,
C2D11_pxcube_kndvi_wC,kfold5_owner,C2D,pxcube,kndvi,late,-0.29510874915499324,0.43692063423829297,-0.08339324747059812,-0.6885695827198859,0.09835208440989934,-0.23792105384151538,,-0.4993128496799355,-0.737229009202078,-0.8291668892776439,-0.5888506904238419,0.0349348842959701,,,-0.0965132594592158,0.1821197986558595,-0.0283992116414885,0.0780015702778684,,,
C1D01_curve1d_kndvi,lodo_owner,C1D,curve1d,kndvi,late,-0.14114618508375495,0.17772056289045537,0.01143487039624532,-0.3754635026366718,0.09317113246916187,-0.16464851877891437,,-0.4286892426126621,-0.3183845796442727,-0.3793166856530806,-0.3347450207433659,0.1048808342297781,,,-0.1309254343688585,0.1257955546045181,-0.0282751012245187,0.0488370085731894,,,
C1D01_curve1d_kndvi,kfold5_owner,C1D,curve1d,kndvi,late,-0.07551854827708475,0.21933610283223184,0.0689689447218571,-0.2440979504042832,0.0930608538501137,-0.25533641521588707,,-0.2247474299187323,-0.1921617308432347,-0.3153846904508826,-0.5755571228377182,0.1003939037790399,,,-0.1292430706672028,0.1623851960325996,-0.0612090521427402,0.0164034617387016,,,
MLP02_curve_kndvi,lodo_owner,MLP,tabular,kndvi,late,-0.23808846040729295,0.23136662679797393,-0.04230465205465872,-0.5684254179943689,0.09224849717978294,-0.12074560018676221,,-0.6179809650242392,-0.4542553626313935,-0.633039926327474,-0.2921253657048929,0.121916399411579,,,-0.0957192798452012,0.1525399716945554,0.0256078449898075,0.0022891204332144,,,
C2D02_serpentine_kndvi_nglobal,kfold5_window,C2D,serpentine,kndvi,late,0.06050147826629105,0.03285052116936058,0.08574230440919457,0.03345370557774843,0.08754925095483368,0.0024898639215254663,0.0508286262034156,0.0295845385044327,0.0424774280430387,0.0282991501857739,0.0197155477899338,0.0075485438585244,-0.002767536663195,0.0404830813066343,-0.007336774713007,0.1266966838286413,-0.0049091813123504,0.1284025251773353,0.0218519370309539,0.0548078760358585,0.0488035777066618
C2D11_pxcube_kndvi,kfold5_owner,C2D,pxcube,kndvi,late,-0.29379216850201056,0.4463309554145172,-0.0764206350207684,-0.6731733762116473,0.08558903920762617,-0.23934839927193696,,-0.5646920923894105,-0.6983852774310894,-0.7564427588144419,-0.4598800760123137,0.0562967752629227,,,-0.2099704892233637,0.1869938394506171,-0.0481946325801335,0.0134765029093387,,,
C2D11_pxcube_kndvi,lodo_owner,C2D,pxcube,kndvi,late,-0.19883467584811862,0.1993688032033328,-0.01704533481191832,-0.48095042594480136,0.08328107424856411,-0.16094968913136004,,-0.5435253886983202,-0.4347817307527776,-0.4645441583833061,-0.36273737179705,0.076745952370708,,,-0.0916993554634031,0.1806459723306519,-0.028412340133627,-0.0075487019556676,,,
MLP05a_curve_kndvi,kfold5_owner,MLP,tabular,kndvi,late,-0.2988225698617529,0.49286824650428307,-0.04020804628733149,-0.6798232571211408,0.08217811739763507,-0.1778229432708355,,-0.7594611953450308,-0.6417094702855493,-0.6382991057328423,-0.3826593146836993,0.0702994753895183,,,-0.0947636110559903,0.2259594691443184,-0.056045904072817,-0.0497245923409315,,,
C2D11_pxcube_kndvi_wA,kfold5_owner,C2D,pxcube,kndvi,late,-0.1423610855012262,0.30116913250439614,0.030286122339465635,-0.3638767703219677,0.0791545993195153,-0.2176380919623524,,-0.296725175138258,-0.3539091769649582,-0.4409959588626869,-0.4809758830727176,0.0759440843967166,,,-0.1452632886911827,0.1827995634490546,-0.0266751041231569,-0.0212798498872253,,,
C2D07_hilbert_kndvi_nglobal,kfold5_window,C2D,hilbert,kndvi,late,0.05154238501596722,0.03724123151871637,0.08328325859309683,0.0263974472103405,0.07668732282159395,0.0014798436602323998,0.0512815619817433,0.008151872484424,0.0386172311394241,0.0324232380071734,0.0180897629545922,-0.0095321113603213,-0.0009922958088412,0.0509614003747005,-0.0134278065516881,0.1143750814872769,-0.0002224254222069,0.1252189983378262,0.0303318935210178,0.0621535149926947,0.0471154586859051
C1D01_curve1d_nbr,kfold5_owner,C1D,curve1d,nbr,late,-0.12413406852593849,0.12762762485068838,-0.005222335460585961,-0.3229588800625888,0.07469074301071184,-0.2464534882187882,,-0.313855966410977,-0.3180312678143073,-0.3369894059624821,-0.5859455658757506,0.0279656645630879,,,-0.0884451072319951,0.2584281518388765,-0.0649697915486189,-0.0623215873698289,,,
MLP01_lsp_kndvi,kfold5_owner,MLP,tabular,kndvi,late,-0.17026004423044058,0.25760916599323175,-0.000444286855344501,-0.4139548007703669,0.07343471230948577,-0.23120122020925912,,-0.3704280934336181,-0.4490396467258493,-0.4223966621516333,-0.5940555837473073,0.0298555539867575,,,-0.0349018933729272,0.2001632854645489,-0.0646461835075429,-0.0097147025228491,,,
C1D01_curve1d_ndvi,kfold5_owner,C1D,curve1d,ndvi,late,-0.14905928425282575,0.18251327315651236,0.0015283314423531133,-0.3629471692977438,0.0648286007920923,-0.2245828368173534,,-0.4273283280821842,-0.3359406425167954,-0.3255725372942518,-0.5116733426877593,-0.0027831303512952,,,-0.1128943739201562,0.1720096819653467,-0.0491807938441447,0.0252592507622254,,,
C2D11_pxcube_kndvi_nperSample,kfold5_owner,C2D,pxcube,kndvi,late,-0.27396383317089074,0.4122947030213096,-0.06299693378095839,-0.6095221103652441,0.061594444023462626,-0.22878679760615564,,-0.4934152000806068,-0.6608023314266155,-0.6743487995885099,-0.4935965408157733,0.0211738431805132,,,-0.1654766569245236,0.1197535527727196,-0.02728719507817,0.0438559361171551,,,
MLP04_curve_all,kfold5_owner,MLP,tabular,,late,-0.20060068319734894,0.21778930932673038,-0.060143083289752326,-0.44931703303978726,0.04811566664508926,-0.20156338451850878,,-0.3275112662879006,-0.2476892886676151,-0.7727505441638459,-0.4913364398264822,-0.0208510336677612,,,-0.0325174689306996,0.1115965915446385,-0.0808362447983446,0.0536014420583905,,,
MLP02_curve_nbr,kfold5_owner,MLP,tabular,nbr,late,-0.37879776689536904,0.4383174865254403,-0.14425688484848168,-0.8026884596221618,0.04509292583142369,-0.23256224273466483,,-0.4792112269029536,-0.915422953059452,-1.0134311989040796,-0.5582609886366173,-0.0630596249152292,,,-0.0470229635009954,0.2278526522619343,-0.0924027760663817,-0.029514249852434,,,
C2D10_stack5,kfold5_dataset,C2D,stack5,,late,-0.31279515008715236,0.28118496460424736,-0.10556136159953307,-0.6689303721496449,0.043340071975340295,-0.11309690117808642,,-0.6109225368721575,-0.7476946840290738,-0.6481738955477037,-0.1924707219438421,0.009167797637939,,,-0.1377874459862579,0.1357628178334244,-0.0090325356041593,-0.0149103995453425,,,
C2D11_pxcube_kndvi_wX,kfold5_owner,C2D,pxcube,kndvi,late,-0.3203534310771609,0.2996389739491215,-0.15196139754313792,-0.6821011470417894,0.04139428488746757,-0.21688499431995056,,-0.4610719466785275,-0.6962059810805817,-0.8890255133662587,-0.5085770416666372,-0.0147198846882205,,,-0.0999288630968713,0.103905962674775,-0.0421490781963432,0.0349967766758482,,,
MLP03_lsp-curve-qc_kndvi,kfold5_owner,MLP,tabular,kndvi,late,-0.3402010793922719,0.5868872791784417,-0.07297748126302106,-0.7136400079735736,0.0332378491890298,-0.22916487180871115,,-0.5770820823045931,-0.5115161249516118,-1.052321816664516,-0.5907650602148601,0.0737732394844088,,,-0.0597909916677167,0.0233354734408524,-0.0369385635435566,0.0026048346418282,,,
C2D02_serpentine_kndvi,kfold5_owner,C2D,serpentine,kndvi,late,-0.14370917207046482,0.2297953560376668,0.008589290570022542,-0.31997834072171355,0.032559996580783936,-0.22808602616393955,,-0.3448700994387452,-0.2940478564379865,-0.321017066288409,-0.4950115788901628,0.00792574212363,,,-0.1814735621772191,0.0360180181244051,-0.0077729374244367,0.0537362294943167,,,
C2D10_stack5,lodo_owner,C2D,stack5,,late,-0.273875805131957,0.24329864769186138,-0.06982348559930983,-0.5770278197661546,0.029276209502240597,-0.15927556593696263,,-0.5622897254596093,-0.5623180841487325,-0.6064756496901219,-0.3583813587555197,0.0053352022587368,,,-0.0882380384860248,0.1535258644939291,-0.0312073005693434,-0.0710324382459441,,,
MLP01_lsp_nbr,kfold5_owner,MLP,tabular,nbr,late,-0.2853092705168899,0.3820890728181203,-0.033366500578873186,-0.5955866412206977,0.024968100186917804,-0.23498663190028066,,-0.6181310064716985,-0.6850947014280252,-0.4835342157623692,-0.573283621278558,-0.040709839950638,,,-0.0380909568607598,0.1510896293501337,-0.0935853175615241,-0.0354754888387423,,,
C1D01_curve1d_savi,kfold5_owner,C1D,curve1d,savi,late,-0.1841783412537,0.2374354198534848,-0.016179437322429848,-0.38439164187351754,0.016034959366117537,-0.23180952429457646,,-0.3883516962424194,-0.3734271734117653,-0.3913960559663678,-0.4446922456792971,0.0220063540850377,,,-0.2016583545373055,0.0531603237487324,-0.0490779726671268,-0.0270617997354175,,,
C2D11_pxcube_ndvi,kfold5_owner,C2D,pxcube,ndvi,late,-0.15219070334508086,0.24449453295091814,0.011143807537008133,-0.3182302954409257,0.013848888750763967,-0.22463379324666355,,-0.3008555189177742,-0.3323873794557288,-0.3214479879492741,-0.5026483827952627,-0.0162293087501886,,,-0.11785925044735,0.0910400717310245,-0.053393746497378,-0.033264096728544,,,
C2D11_pxcube_kndvi_calendar,kfold5_owner,C2D,pxcube,kndvi,late,-0.24346336092511475,0.4474795743799081,-0.005550808157664615,-0.49809670567617054,0.011169983825941069,-0.24046728325826763,,-0.4177132566303237,-0.5185896255080923,-0.5579872348900956,-0.4730726175438741,0.0279655921481058,,,-0.1827981461251794,0.0992066270281981,-0.0655310861057494,-0.0936622676984807,,,
C2D10_stack5,kfold5_owner,C2D,stack5,,late,-0.20237790428200744,0.3138906079723736,-0.038024748814224935,-0.41377450645414804,0.009018697890133133,-0.24242412096459387,,-0.3328017356771966,-0.4196795128788002,-0.4888422708064472,-0.4721102684803084,-0.0254819714468659,,,-0.2028750389498241,0.1116842149602456,-0.0522870554636491,-0.0591461498429803,,,
MLP01_lsp_ndvi,kfold5_owner,MLP,tabular,ndvi,late,-0.18732168873527863,0.19682747137807244,-0.022447229535344684,-0.37560067870052927,0.0009573012299720305,-0.23370350288690345,,-0.382793017385567,-0.3814298848088663,-0.3625791339071545,-0.5563892949767173,-0.0002751818728105,,,-0.0533792867958036,0.0798175776104927,-0.0913419268881894,-0.0766704920477661,,,
C2D02_serpentine_nbr,kfold5_owner,C2D,serpentine,nbr,late,-0.49989505755640473,0.7363580723933133,-0.2361991226561584,-0.9956602209869597,-0.004129894125849832,-0.21616563082099352,,-0.9057115230899208,-0.9527905236656028,-1.1284786162053555,-0.4643547003235656,-0.0320951230006765,,,-0.1116621436931834,0.0493025404564604,-0.0724800484462316,-0.0295970998333334,,,
B00_area,kfold5_random,BASE,,,none,-0.008045150721605018,0.00531341296062085,-0.00267890692236205,-0.005767637141728133,-0.010322664301481899,-0.0158910024162323,,-0.0073190959307364,-0.0047354165227531,-0.0052483989716949,-0.0218762832270581,-0.0148340468137417,,,-0.0149511169581799,-0.005501797599093,-0.0108456070634589,-0.010632148491611,,,
B00_area,kfold5_window,BASE,,,none,-0.010075183714153066,0.0050586976422740335,-0.006218709097385817,-0.0048154127576971,-0.015334954670609033,-0.017295664672853334,-0.0098589208638241,-0.0064801071370997,-0.0015976525853056,-0.006368478550686,-0.0181616552106824,-0.0155357935154214,-0.0063981169444861,-0.0044794477866734,-0.0216631525583175,-0.0196190401710287,-0.0120621862495601,-0.010850030325377,-0.0056405364054169,-0.0052347239677396,-0.0129724754893241
C2D07_hilbert_kndvi,kfold5_owner,C2D,hilbert,kndvi,late,-0.24408865422561968,0.3881599568339547,-0.03248370354025611,-0.45878333839237584,-0.029393970058863534,-0.25612063094157594,,-0.4127630702880112,-0.4501269510937318,-0.5134599937953845,-0.5208337439478955,-0.0535481332151496,,,-0.1890407505197967,0.0468393087031915,-0.0584873983570357,-0.0814730856646325,,,
C2D01_reshape_kndvi,kfold5_owner,C2D,reshape,kndvi,late,-0.3987425508699542,0.5828618746937021,-0.16240644148937003,-0.7590229741574456,-0.03846212758246273,-0.2755048364450183,,-0.7093644276588705,-0.7478948492810472,-0.819809645532419,-0.5243922662621399,-0.0553288849135385,,,-0.2698857010909319,-0.0864770710875442,-0.0322365419819831,0.0264195732536945,,,
MLP02_curve_evi,kfold5_owner,MLP,tabular,evi,late,-0.4486355339384897,0.618058032171132,-0.16200642555035472,-0.8577461779703331,-0.03952488990664623,-0.2622880187028887,,-0.4914895836346601,-1.0199583615460843,-1.0617905887302548,-0.5959719637974679,-0.0494597090834709,,,-0.0781543109466322,-0.0284733166075071,-0.1127377813645661,-0.0406416440289607,,,
C2D02_serpentine_ndvi,kfold5_owner,C2D,serpentine,ndvi,late,-0.3939729182444856,0.6466409398839155,-0.13693543907881675,-0.7471819395479266,-0.04076389694104463,-0.2572649355214803,,-0.6913840822954954,-0.7283704626982731,-0.8217912736500113,-0.4933841450408896,-0.0494271396018453,,,-0.2322658235140009,-0.0514944147792522,-0.0461448380095503,-0.0213701364420364,,,
MLP02_curve_savi,kfold5_owner,MLP,tabular,savi,late,-0.4430729859690301,0.6101885731340421,-0.16567711447784594,-0.8369906766152088,-0.049155295322851594,-0.2123006133518068,,-0.5417693854355629,-1.0095270156280205,-0.9596756287820426,-0.506946802894307,-0.082115934878812,,,-0.0957949439232253,-0.0738040556409544,-0.034160093237888,0.0084541045512116,,,
B00_area,kfold5_block20,BASE,,,none,-0.04363552794980411,0.012320224813689115,-0.039505223878888066,-0.025372311308811,-0.06189874459079723,-0.04346901966039973,,-0.0167312439625155,-0.0303075314513121,-0.0290781585126054,-0.0306488378861897,-0.0725897995753651,,,-0.0410505372122704,-0.0657511750901355,-0.0587076838827391,-0.0473552591068911,,,
C2D11_pxcube_evi,kfold5_owner,C2D,pxcube,evi,late,-0.29245959164426344,0.4461456408605411,-0.07190931637344047,-0.5132305230341171,-0.07168866025440973,-0.2760475782985506,,-0.4296066091583128,-0.5032856204374493,-0.6067993395065893,-0.582980431082088,-0.0663717135738185,,,-0.1955297674762079,-0.1056261836320551,-0.049632536337356,-0.0430680835573556,,,
C2D11_pxcube_savi,kfold5_owner,C2D,pxcube,savi,late,-0.3215339584686469,0.45057895099190515,-0.06975284080845985,-0.5655191274256176,-0.07754878951167626,-0.2659598370052872,,-0.4336876341927486,-0.5770941039011135,-0.6857756441829906,-0.5562780266251756,-0.0898062312996918,,,-0.1964507578549153,-0.0944574753708471,-0.0451507265357707,-0.0483826618644899,,,
MLP01_lsp_savi,kfold5_owner,MLP,tabular,savi,late,-0.19687988662858913,0.2565051118662141,-0.03307270287136187,-0.30828360857661924,-0.085476164680559,-0.23952112168461273,,-0.3048532110552298,-0.3305348854978092,-0.2894627291768188,-0.5986621064333798,-0.0945855319351034,,,-0.0833247560185317,-0.0089740954560414,-0.0365765026019267,-0.1528688666505322,,,
MLP01_lsp_evi,kfold5_owner,MLP,tabular,evi,late,-0.3334748536721008,0.36565288440057025,-0.10413529019432301,-0.5785907014516605,-0.08835900589254103,-0.22134379706841112,,-0.5174862750978547,-0.62242501018636,-0.5958608190707667,-0.4497938535510922,-0.141761504865483,,,-0.1537734429497957,-0.0174578705840704,-0.0604640947043455,-0.1058576422280697,,,
C1D01_curve1d_evi,kfold5_owner,C1D,curve1d,evi,late,-0.3222104002224384,0.4691865575581999,-0.057978311404952694,-0.5518491615134845,-0.09257163893139236,-0.2987227572630042,,-0.5357486354807615,-0.5813283386777547,-0.5384705103819372,-0.6461116280968429,-0.0820381639635616,,,-0.1564496829248959,-0.1017314626127342,-0.0936069607672738,-0.0939452902178813,,,
C2D06_cwt_kndvi,kfold5_owner,C2D,cwt,kndvi,late,-0.414431034720626,0.6108271756445263,-0.17366302758840116,-0.7300470432941921,-0.0988150261470598,-0.24962931212940775,,-0.5648195805823182,-0.7655736532116236,-0.8597478960886348,-0.5189993963892767,-0.1576641742843413,,,-0.1729562465051016,-0.1047683446940108,-0.0569322934938449,-0.0340125594628273,,,
C2D11_pxcube_kndvi_film,kfold5_owner,C2D,pxcube,kndvi,film,-0.3354114443700078,0.29874532369869544,-0.14010790607810739,-0.5686805905119868,-0.10214229822802878,-0.24650458440021963,,-0.4437587391449013,-0.5366622551494511,-0.725620777241608,-0.6762373813211143,-0.1770554552044797,,,0.0083720667252223,-0.0051855900498757,-0.0716484386047669,-0.1241858494297309,,,
C2D09_spectrogram_kndvi,kfold5_owner,C2D,spectrogram,kndvi,late,-0.2061758599742524,0.23753842422158758,-0.02618652622969818,-0.3050660675350286,-0.10728565241347622,-0.2869146305595846,,-0.3223294515809456,-0.3277081442982485,-0.2651606067258916,-0.6187773797767363,-0.1183527974538131,,,-0.1560711975934305,-0.0096700238308135,-0.0858953143085869,-0.1938341359558021,,,
C1D02_curve5,kfold5_owner,C1D,curve5,,late,-0.28827614962900167,0.39728831712119544,-0.059833577014349805,-0.45612895567207207,-0.1204233435859313,-0.30192460784292346,,-0.4130916199994126,-0.5045568795297893,-0.4507383674870143,-0.5977262246835658,-0.1504023665004371,,,-0.2850047432750478,-0.161296138377981,-0.0230428555701568,-0.0495715258793758,,,
C2D02_serpentine_savi,kfold5_owner,C2D,serpentine,savi,late,-0.40193472978445244,0.6506865896354112,-0.11838532284958676,-0.6753787261140607,-0.1284907334548442,-0.2512698549722942,,-0.5906090260473339,-0.6864692288473787,-0.7490579234474692,-0.4777808379822406,-0.1769458267745126,,,-0.262300658645003,-0.2236664409279354,-0.0137280682896391,0.0151400673379153,,,
B00_area,kfold5_owner,BASE,,,none,-0.08696255264840493,0.032044401538514365,-0.0820494886694217,-0.03957337486646124,-0.13435173043034862,-0.14614050448900082,,-0.0313345226846273,-0.0209987429167118,-0.0663868589980446,-0.1411970204119561,-0.1651804818144714,,,-0.2388430184441667,-0.1180966319778632,-0.0583814746108797,-0.1197780774987113,,,
C2D02_serpentine_evi,kfold5_owner,C2D,serpentine,evi,late,-0.3707942466783029,0.5560943259337616,-0.10117666772259166,-0.601015749154676,-0.14057274420192975,-0.24005336409478126,,-0.5124721574775782,-0.6223219298087072,-0.6682531601777429,-0.4636541728214295,-0.195783468402864,,,-0.1964577996919571,-0.2364984735212141,-0.0600481197709571,0.0105637093182889,,,
B01_topo-area,kfold5_owner,BASE,,,none,-0.3291768930365871,0.026485458311962782,-0.3253216191736656,-0.5006569932946442,-0.15769679277852997,-0.12044534903880783,,-0.6392224110456438,-0.4366615980297532,-0.4260869708085357,-0.291559737216553,-0.1670953717517089,,,-0.0777206063929228,-0.1711456018142058,0.0079442964930523,-0.1348494047696752,,,
C2D11_pxcube_kndvi_nglobal,kfold5_owner,C2D,pxcube,kndvi,late,-0.2431796935880988,0.331486483856934,-0.06095099116318303,-0.2773105415420496,-0.20904884563414802,-0.2252649454219445,,-0.1905372090717691,-0.3094989966828418,-0.3318954188715379,-0.4780055323663993,-0.2809105977747821,,,-0.1209586166347881,-0.1815643884387831,-0.0768306872646461,-0.1646715506888788,,,
C2D08_cos2d_kndvi,kfold5_owner,C2D,cos2d,kndvi,late,-0.2838439991109356,0.25609498437727135,-0.12868725341606788,-0.23582873170840543,-0.3318592665134658,-0.31004678538065295,,-0.2013334203275828,-0.2382795815670362,-0.2678731932305973,-0.636712257255946,-0.1859888136748924,,,-0.1973822445577132,-0.454638029661182,-0.0960458543282995,-0.3549509562043231,,,
C2D05_ndi_kndvi,kfold5_owner,C2D,ndi,kndvi,late,-0.3451711388397789,0.3789908074496396,-0.14338223492642815,-0.33163653929922016,-0.35870573838033765,-0.29729218543958064,,-0.206537524506142,-0.3667541894126787,-0.4216179039788397,-0.6166348928747821,-0.3996217892928906,,,-0.2007164253934921,-0.4828994809286765,-0.0745252380504677,-0.1935959449194459,,,
C2D04_mtf_kndvi,kfold5_owner,C2D,mtf,kndvi,late,-0.31151529848259496,0.31613032093988325,-0.13306866803338452,-0.245633812077746,-0.37739678488744394,-0.28622987325964666,,-0.2162235135387314,-0.2618086535122339,-0.2588692691822727,-0.6076512717962285,-0.3565413255279386,,,-0.1561526004401965,-0.5428210647379169,-0.094885747542515,-0.2328279643964762,,,
C2D03_gaf_kndvi,kfold5_owner,C2D,gaf,kndvi,late,-0.37198266466730884,0.3079848410115718,-0.16111201661752952,-0.36589921105215667,-0.378066118282461,-0.2718839278411291,,-0.3580886840519975,-0.3918471406076578,-0.3477618084968149,-0.5687516624163479,-0.4097125383182218,,,-0.1277836769862927,-0.5382226407698921,-0.1191164441207466,-0.186263175759269,,,
B02_area,kfold5_owner,BASE,,,none,-0.8212681102442673,0.06171820352172507,-0.8153646132498441,-1.1967526473979135,-0.44578357309062083,-0.28459524486726784,,-1.223503255404132,-1.1710573127043151,-1.1956973740852934,-0.309517719408875,-0.4560404957160744,,,-0.3829799606005458,-0.6810720379662637,-0.1612880545923827,-0.2002381855895245,,,
