run_id,target,kfold5_block20,kfold5_random,kfold5_window,gap_vs_owner,gap_vs_block20
B03_coords,hill_q0,0.4036902491868213,0.7645114849460518,0.6632576923927324,0.10125379255331945,0.36082123575923053
RF06_curve_all-topo-area,hill_q0,0.3684141239890472,0.6831207794257049,0.5962452535824715,0.08687552584323344,0.3147066554366577
RF01_lsp-topo-area_savi,hill_q0,0.4543927122041882,0.6772722694505551,0.5911976025491424,0.08607466690141263,0.22287955724636688
RF03_curve-topo-area_ndvi,hill_q0,0.4834018884403225,0.6722036390107653,0.589385638428145,0.08281800058262034,0.1888017505704428
RF01_lsp-topo-area_kndvi,hill_q0,0.4698534721549407,0.6874577384937806,0.6083686054402752,0.0790891330535054,0.21760426633883984
RF03_curve-topo-area_kndvi,hill_q0,0.4923273331339076,0.672686872272022,0.594130867708648,0.07855600456337397,0.18035953913811437
RF01_lsp-topo-area_evi,hill_q0,0.4275343196369016,0.6747057522589742,0.5962335775123323,0.07847217474664192,0.24717143262207264
B03_coords,pcoa2_cover,-0.0263320005093299,0.3209842134699051,0.247025919034676,0.07395829443522908,0.34731621397923496
RF01_lsp-topo-area_ndvi,hill_q0,0.5097132236549653,0.6800351919982054,0.6064630515344492,0.07357214046375615,0.1703219683432401
B03_coords,pcoa2_pa,0.3096480503824493,0.5730093820215911,0.5036559919937398,0.06935339002785135,0.2633613316391418
RF01_lsp-topo-area_nbr,pcoa2_cover,0.0993888238930617,0.3249254875518482,0.2605700409678314,0.06435544658401682,0.2255366636587865
RF03_curve-topo-area_savi,pcoa2_pa,0.3430346123112258,0.5162216537709968,0.4546542070734964,0.061567446697500416,0.17318704145977104
B03_coords,lcbd_pa,0.293066090865867,0.5686095262463722,0.507049176579632,0.06156034966674018,0.2755434353805052
B01_topo-area,hill_q0,0.2935517171595233,0.5443802928188242,0.4837108839975602,0.06066940882126398,0.2508285756593009
RF03_curve-topo-area_evi,pcoa2_pa,0.3511299339890204,0.5212840051186846,0.4621156343545724,0.05916837076411213,0.17015407112966413
B01_topo-area,lcbd_cover,0.0528242617076195,0.2364994897119854,0.1783369526372734,0.058162537074712,0.1836752280043659
B03_coords,hill_q1,0.2102598336790407,0.4908396798684274,0.4329291006786198,0.05791057918980763,0.2805798461893867
RF03_curve-topo-area_evi,hill_q0,0.3823693671412445,0.6871702909951828,0.629297808317857,0.05787248267732581,0.3048009238539383
RF03_curve-topo-area_savi,pcoa2_cover,0.1132338146252113,0.3368407697099146,0.279601799412897,0.05723897029701763,0.2236069550847033
RF03_curve-topo-area_savi,hill_q0,0.4042484269322529,0.6855245369803349,0.6287266702970596,0.056797866683275244,0.281276110048082
B02_area,pcoa1_pa,0.1799117089880868,0.3253797145276689,0.2688933779793247,0.056486336548344174,0.14546800553958208
RF03_curve-topo-area_evi,pcoa2_cover,0.1292484058755343,0.342397535191603,0.2893606260913603,0.05303690910024267,0.2131491293160687
RF01_lsp-topo-area_nbr,hill_q0,0.5319096004846039,0.6938660461438978,0.641521099171491,0.05234494697240677,0.1619564456592939
B03_coords,pcoa1_pa,0.2292871141964874,0.5638694375361785,0.512682424712478,0.05118701282370042,0.33458232333969107
RF01_lsp-topo-area_evi,pcoa2_cover,0.1386952329815604,0.3212099703057678,0.2705786790915248,0.050631291214243035,0.18251473732420742
B01_topo-area,lcbd_pa,0.2477049325103882,0.4457623458942875,0.3961500362297983,0.04961230966448921,0.1980574133838993
RF01_lsp-topo-area_savi,hill_q1,0.1217623568991531,0.3639411775990313,0.314361645112676,0.04957953248635527,0.24217882069987817
RF01_lsp-topo-area_savi,pcoa2_pa,0.3274599275443273,0.4789564666971621,0.4296721041439179,0.0492843625532442,0.15149653915283479
RF01_lsp-topo-area_savi,pcoa2_cover,0.1256318668261874,0.3232840716779311,0.274931511585708,0.04835256009222311,0.1976522048517437
RF01_lsp-topo-area_kndvi,lcbd_cover,0.1634354266399236,0.3249074315174351,0.2768328955939658,0.04807453592346933,0.1614720048775115
RF01_lsp-topo-area_evi,pcoa2_pa,0.3338598000133045,0.4833582935988752,0.435718603774355,0.047639689824520215,0.1494984935855707
RF01_lsp-topo-area_evi,lcbd_cover,0.2130589021822264,0.3485927709411102,0.3011703529653717,0.047422417975738484,0.1355338687588838
B01_topo-area,pcoa1_pa,0.2387057819133816,0.4618468515698026,0.415276814992551,0.04657003657725162,0.223141069656421
RF03_curve-topo-area_nbr,pcoa1_pa,0.4765022515343185,0.6015196791860401,0.5561012849464779,0.045418394239562176,0.12501742765172158
RF01_lsp-topo-area_nbr,pcoa1_cover,0.2962375148932244,0.4228513143787032,0.3778520333512046,0.04499928102749862,0.1266137994854788
RF03_curve-topo-area_kndvi,lcbd_cover,0.2079602463698623,0.3319324196117192,0.2876587589883077,0.04427366062341154,0.12397217324185691
RF03_curve-topo-area_nbr,hill_q0,0.4750902415280435,0.6971563750770574,0.6529228117008623,0.044233563376195106,0.2220661335490139
RF06_curve_all-topo-area,pcoa1_pa,0.4931914823801915,0.6070279274079833,0.5629748333926732,0.0440530940153101,0.11383644502779178
B01_topo-area,pcoa2_pa,0.1706747359399764,0.3590857561762946,0.3151606667114773,0.043925089464817324,0.18841102023631823
B01_topo-area,pcoa2_cover,0.1010700464958296,0.230806899241775,0.1879566189063486,0.0428502803354264,0.1297368527459454
RF01_lsp-topo-area_nbr,lcbd_pa,0.3321158113252529,0.5138464608689397,0.4718823790248169,0.041964081844122814,0.18173064954368678
RF01_lsp-topo-area_evi,pcoa1_pa,0.4634202760078101,0.5895292404229887,0.5476009092006487,0.041928331222339965,0.1261089644151786
RF01_lsp-topo-area_evi,hill_q1,0.1318722103619047,0.3689824289762746,0.3271535744896721,0.04182885448660251,0.2371102186143699
B03_coords,pcoa1_cover,0.0857450325963999,0.4150360425804013,0.3733758827561272,0.04166015982427407,0.3292910099840014
RF01_lsp-topo-area_evi,lcbd_pa,0.3232194346415695,0.5117974149698239,0.4704065990471799,0.041390815922643986,0.1885779803282544
RF06_curve_all-topo-area,pcoa2_pa,0.3291127272289219,0.531812709200273,0.4904938082345042,0.04131890096576879,0.20269998197135114
RF01_lsp-topo-area_nbr,pcoa1_pa,0.4868079422099287,0.591297838227396,0.5500199889036321,0.04127784932376388,0.10448989601746733
B03_coords,hill_q2,0.2047932758543661,0.4138940975703864,0.3726828415665939,0.041211256003792496,0.20910082171602032
RF01_lsp-topo-area_savi,lcbd_pa,0.3130624649799949,0.5058782303642456,0.4649307199694146,0.04094751039483102,0.19281576538425071
RF01_lsp-topo-area_savi,lcbd_cover,0.2010407709896906,0.3379687588447512,0.297037581372188,0.040931177472563196,0.1369279878550606
RF06_curve_all-topo-area,hill_q2,0.159813511854558,0.3449742730107861,0.304357544515966,0.040616728494820065,0.1851607611562281
RF01_lsp-topo-area_ndvi,pcoa1_pa,0.468551839888627,0.5931387489574869,0.5525543336284157,0.0405844153290712,0.12458690906885989
RF03_curve-topo-area_ndvi,lcbd_cover,0.2056056931771424,0.3287986187023837,0.2884924180256,0.0403062006767837,0.1231929255252413
RF06_curve_all-topo-area,hill_q1,0.1372113677152353,0.4332512741392932,0.3933853384751737,0.0398659356641195,0.2960399064240579
RF03_curve-topo-area_nbr,pcoa2_pa,0.3272910275029197,0.515611361603201,0.4761350269651709,0.039476334638030075,0.18832033410028126
RF01_lsp-topo-area_ndvi,lcbd_cover,0.1432445795890468,0.3171591711059299,0.2778672093267449,0.03929196177918498,0.1739145915168831
RF03_curve-topo-area_nbr,lcbd_pa,0.3090882587141648,0.498011714631384,0.4588059553074579,0.039205759323926115,0.1889234559172192
C2D11_pxcube_kndvi,pcoa1_cover,0.1783365382706924,0.2666653186635548,0.2282095681347354,0.038455750528819416,0.0883287803928624
RF03_curve-topo-area_evi,hill_q1,0.1254577675117592,0.4257952637910147,0.3874557036940252,0.03833956009698947,0.3003374962792555
RF03_curve-topo-area_savi,hill_q1,0.1264801370059474,0.4224805555646069,0.3842755396730187,0.0382050158915882,0.2960004185586595
RF01_lsp-topo-area_nbr,pcoa2_pa,0.2682326318167693,0.5092551591094862,0.4714633655496401,0.037791793559846076,0.24102252729271684
RF01_lsp-topo-area_ndvi,pcoa1_cover,0.3079601976267491,0.3929572068998783,0.3563786658350489,0.036578541064829384,0.0849970092731292
RF03_curve-topo-area_kndvi,pcoa1_pa,0.4715288519355942,0.5938056050232633,0.5576713838735978,0.03613422114966547,0.12227675308766911
RF01_lsp-topo-area_savi,pcoa1_pa,0.457133538729561,0.5865829040480106,0.5507348681742164,0.03584803587379426,0.12944936531844964
RF01_lsp-topo-area_kndvi,pcoa1_pa,0.4772849583387157,0.5993495666485248,0.5635962941633791,0.035753272485145704,0.12206460830980909
RF03_curve-topo-area_nbr,pcoa2_cover,0.1772839347318006,0.3297287693024046,0.2946479867888916,0.03508078251351299,0.15244483457060398
RF01_lsp-topo-area_kndvi,pcoa1_cover,0.3076472141155236,0.3972167139693722,0.3623700786687797,0.03484663530059251,0.0895694998538486
RF01_lsp-topo-area_ndvi,pcoa2_cover,0.1418802439502435,0.3531231961164994,0.318794638518684,0.03432855759781539,0.21124295216625588
RF01_lsp-topo-area_nbr,lcbd_cover,0.1801402458464143,0.3389256576332286,0.3051038009675578,0.033821856665670835,0.15878541178681432
RF03_curve-topo-area_savi,lcbd_pa,0.3450248120942579,0.5164226019201559,0.482621563700315,0.03380103821984087,0.17139778982589798
RF03_curve-topo-area_ndvi,pcoa1_pa,0.4562024573497501,0.588566496516337,0.5550690310309505,0.03349746548538646,0.13236403916658684
RF06_curve_all-topo-area,pcoa2_cover,0.1570665795157163,0.3729369245034027,0.3398792978492773,0.03305762665412543,0.21587034498768642
RF01_lsp-topo-area_ndvi,pcoa2_pa,0.350229618940691,0.5008438009651806,0.4681628776315876,0.03268092333359296,0.15061418202448956
RF03_curve-topo-area_nbr,lcbd_cover,0.1992053482380735,0.3227431120851105,0.2900960794912419,0.032647032593868586,0.12353776384703696
RF03_curve-topo-area_kndvi,pcoa2_pa,0.3369147147161116,0.5107318227958805,0.478171925366476,0.03255989742940446,0.17381710807976886
RF01_lsp-topo-area_evi,pcoa1_cover,0.2955103598972274,0.400736533296482,0.3682969329498051,0.03243960034667692,0.10522617339925461
RF03_curve-topo-area_kndvi,pcoa2_cover,0.1765703315892408,0.3591952236260651,0.3269437147559844,0.032251508870080714,0.1826248920368243
RF03_curve-topo-area_nbr,hill_q2,0.1852206998197202,0.3185204370625931,0.2868916601926517,0.031628776869941366,0.1332997372428729
RF03_curve-topo-area_nbr,hill_q1,0.1971269813435435,0.408693397288236,0.3772152067718856,0.031478190516350424,0.2115664159446925
RF06_curve_all-topo-area,pcoa1_cover,0.3160399171862071,0.4024224083428175,0.3718235699368353,0.03059883840598221,0.0863824911566104
RF03_curve-topo-area_savi,pcoa1_pa,0.4525288676368044,0.6032282424738522,0.5727479025787209,0.030480339895131325,0.15069937483704782
RF03_curve-topo-area_ndvi,pcoa2_pa,0.3445292545558291,0.5061587496702084,0.4762429576466398,0.029915792023568533,0.16162949511437924
B03_coords,lcbd_cover,0.257273391750215,0.4411129465820534,0.411305849841959,0.029807096740094408,0.1838395548318384
MLP02_curve_kndvi,lcbd_cover,0.232168886571302,0.3525457520761667,0.3239859664010736,0.028559785675093097,0.12037686550486468
RF03_curve-topo-area_savi,hill_q2,0.1359411868272836,0.3256304202703613,0.2975220829557535,0.028108337314607823,0.18968923344307773
MLP02_curve_kndvi,hill_q2,0.1625169502125585,0.3683760263309482,0.3406243946508192,0.027751631680129007,0.2058590761183897
RF03_curve-topo-area_evi,lcbd_cover,0.2514424348026911,0.3192227556459364,0.2918493273423759,0.027373428303560488,0.06778032084324531
RF01_lsp-topo-area_savi,pcoa1_cover,0.2863848677763558,0.3879289274015165,0.3608035476576732,0.027125379743843325,0.10154405962516072
RF03_curve-topo-area_evi,pcoa1_pa,0.467518038233548,0.6007160998005164,0.5737832742348173,0.026932825565699092,0.13319806156696845
RF03_curve-topo-area_evi,lcbd_pa,0.3555524640918354,0.5132719499743085,0.4866023038494684,0.026669646124840074,0.1577194858824731
RF03_curve-topo-area_ndvi,pcoa2_cover,0.1745574782887421,0.3489132840374688,0.3222663850870462,0.026646898950422604,0.1743558057487267
RF03_curve-topo-area_savi,lcbd_cover,0.2497566593752457,0.3196668804889828,0.2936105215577653,0.026056358931217494,0.0699102211137371
RF03_curve-topo-area_kndvi,hill_q2,0.2261761704515875,0.3578305456893793,0.3321543728392534,0.025676172850125856,0.13165437523779178
RF03_curve-topo-area_ndvi,pcoa1_cover,0.307080564531083,0.3884864487823574,0.3628781650136519,0.025608283768705498,0.08140588425127437
MLP02_curve_kndvi,lcbd_pa,0.3487510899922574,0.4746364417870318,0.4492614212174939,0.025375020569537887,0.1258853517947744
MLP02_curve_kndvi,pcoa1_pa,0.4251776990791425,0.5407473025052806,0.5155094742802578,0.02523782822502274,0.11556960342613809
RF03_curve-topo-area_ndvi,hill_q2,0.2078731250347865,0.3489884494123988,0.3238744896083672,0.025113959804031638,0.14111532437761232
RF01_lsp-topo-area_savi,hill_q2,0.105164375880646,0.2658807667659081,0.2409819741981207,0.024898792567787403,0.1607163908852621
RF03_curve-topo-area_evi,pcoa1_cover,0.3300533333627184,0.4135654744601054,0.3888252618923357,0.024740212567769704,0.08351214109738697
RF01_lsp-topo-area_kndvi,pcoa2_cover,0.1476681568217498,0.3442994774866181,0.3200851545635477,0.024214322923070408,0.1966313206648683
MLP02_curve_kndvi,pcoa1_cover,0.2946466779217295,0.3694552647004014,0.3453743279191872,0.0240809367812142,0.07480858677867191
RF01_lsp-topo-area_ndvi,lcbd_pa,0.301280254993485,0.5015455259645468,0.4783345077397323,0.023211018224814528,0.20026527097106184
RF01_lsp-topo-area_kndvi,pcoa2_pa,0.3596774418212425,0.5089863035919105,0.486542151598456,0.022444151993454564,0.14930886177066804
C1D01_curve1d_kndvi,hill_q2,0.1247110199296921,0.2417784944490999,0.2194131782671219,0.022365316181978012,0.11706747451940781
RF01_lsp-topo-area_ndvi,hill_q1,0.1573422947683077,0.3830437863730266,0.3607281264725361,0.022315659900490503,0.22570149160471892
RF06_curve_all-topo-area,lcbd_cover,0.247812589943569,0.3426826437512105,0.3206458384306198,0.022036805320590713,0.09487005380764149
RF03_curve-topo-area_kndvi,pcoa1_cover,0.3157200168044764,0.3882167361286221,0.36672659308871,0.021490143039912146,0.0724967193241457
RF03_curve-topo-area_evi,hill_q2,0.1384348176091111,0.3273415977213903,0.3061965966014082,0.021145001119982132,0.1889067801122792
B02_area,lcbd_pa,0.2063480400474258,0.3562345830612031,0.3351229646054268,0.021111618455776304,0.1498865430137773
RF01_lsp-topo-area_kndvi,lcbd_pa,0.3115875886293928,0.501434622233719,0.4807519129876248,0.020682709246094222,0.18984703360432625
B02_area,hill_q2,-0.0156018913624658,0.0399807225458885,0.0203384001919479,0.019642322353940596,0.0555826139083543
MLP02_curve_kndvi,hill_q0,0.3000991755370805,0.5653441414674164,0.5458371030740158,0.019507038393400622,0.2652449659303359
RF03_curve-topo-area_ndvi,lcbd_pa,0.3392448305167419,0.4957870680392033,0.4764628287076856,0.019324239331517723,0.15654223752246138
RF01_lsp-topo-area_kndvi,hill_q1,0.1592709736723591,0.3933784345160173,0.374700380287813,0.01867805422820429,0.2341074608436582
RF01_lsp-topo-area_evi,hill_q2,0.1237960644718264,0.2746181207657129,0.2561704117145745,0.018447709051138406,0.1508220562938865
RF03_curve-topo-area_savi,pcoa1_cover,0.3149192425203957,0.4043321691013687,0.3862325138384621,0.018099655262906633,0.089412926580973
B02_area,pcoa2_pa,-0.0732611869696392,0.1907248766490986,0.1728725822168607,0.017852294432237903,0.2639860636187378
B02_area,pcoa1_cover,-0.1436607491838112,0.014571198410616,-0.003072037343939,0.017643235754555,0.15823194759442719
RF06_curve_all-topo-area,lcbd_pa,0.3643958309081803,0.5102638217603538,0.4934505159122448,0.016813305848108973,0.1458679908521735
RF03_curve-topo-area_kndvi,lcbd_pa,0.3523308898961986,0.5028493481561833,0.4861654609690464,0.016683887187136925,0.15051845825998472
RF03_curve-topo-area_nbr,pcoa1_cover,0.3122467376098066,0.4083463738971657,0.3925635740368308,0.01578279986033493,0.09609963628735912
RF03_curve-topo-area_ndvi,hill_q1,0.203016550951238,0.4165403984538671,0.4011317661579094,0.01540863229595768,0.2135238475026291
RF03_curve-topo-area_kndvi,hill_q1,0.2192477166522557,0.4286884380226715,0.4140049232483191,0.014683514774352369,0.20944072137041578
RF01_lsp-topo-area_nbr,hill_q1,0.1968602346484106,0.3810529864155348,0.3668978029119896,0.014155183503545221,0.1841927517671242
B00_area,pcoa1_pa,-0.0657511750901355,-0.005501797599093,-0.0196190401710287,0.014117242571935699,0.060249377491042505
C2D11_pxcube_kndvi,pcoa1_pa,0.3787203872009583,0.5135191469142698,0.4994911445761953,0.014028002338074497,0.1347987597133115
B01_topo-area,pcoa1_cover,0.1527785755888762,0.2582688686330627,0.2450944263267309,0.013174442306331802,0.1054902930441865
MLP02_curve_kndvi,hill_q1,0.1818773057847984,0.4150599310719746,0.4020319033523568,0.013028027719617807,0.23318262528717618
C2D10_stack5,pcoa1_cover,0.1770039697454831,0.2736634546466091,0.2616205270256752,0.012042927620933896,0.09665948490112597
B01_topo-area,hill_q1,0.0614710969575258,0.2382705815943439,0.2271267957073165,0.011143785887027385,0.1767994846368181
RF01_lsp-topo-area_ndvi,hill_q2,0.1595479393922212,0.3019504008177893,0.292135893874426,0.009814506943363277,0.1424024614255681
C2D10_stack5,hill_q2,0.0654901622282311,0.2160286897793872,0.2065818299130797,0.0094468598663075,0.1505385275511561
C1D01_curve1d_kndvi,lcbd_cover,0.0737244710896786,0.2200729486891767,0.2113613733207468,0.008711575368429897,0.1463484775994981
B00_area,pcoa1_cover,-0.0410505372122704,-0.0149511169581799,-0.0216631525583175,0.006712035600137601,0.0260994202540905
RF01_lsp-topo-area_kndvi,hill_q2,0.165233691296512,0.3021207936564107,0.2955786460835946,0.006542147572816126,0.1368871023598987
C1D01_curve1d_kndvi,pcoa1_pa,0.347016857670367,0.5026400719813578,0.4964405753878592,0.006199496593498666,0.15562321431099085
RF01_lsp-topo-area_nbr,hill_q2,0.1673320963332183,0.2819564097172155,0.2775331266263995,0.004423283090815966,0.11462431338399717
B02_area,lcbd_cover,0.0983240753129899,0.2001484092374226,0.1982508689780495,0.0018975402593731094,0.10182433392443271
C2D11_pxcube_kndvi,hill_q2,0.1204810469208074,0.2634485186307483,0.2617107700124849,0.0017377486182634239,0.1429674717099409
B00_area,pcoa2_cover,-0.0587076838827391,-0.0108456070634589,-0.0120621862495601,0.001216579186101201,0.0478620768192802
MLP02_curve_kndvi,pcoa2_pa,0.2879210843281233,0.4505335040493724,0.4494096550230504,0.0011238490263220102,0.16261241972124912
B00_area,hill_q2,-0.0290781585126054,-0.0052483989716949,-0.006368478550686,0.0011200795789910994,0.0238297595409105
B00_area,lcbd_pa,-0.0725897995753651,-0.0148340468137417,-0.0155357935154214,0.0007017467016796983,0.0577557527616234
B00_area,pcoa2_pa,-0.0473552591068911,-0.010632148491611,-0.010850030325377,0.00021788183376600032,0.036723110615280094
C2D10_stack5,pcoa1_pa,0.3588991976629004,0.5050351780546284,0.5057392604444054,-0.0007040823897770387,0.14613598039172798
B00_area,hill_q0,-0.0167312439625155,-0.0073190959307364,-0.0064801071370997,-0.0008389887936366995,0.009412148031779102
B02_area,pcoa2_cover,-0.1085998913754805,0.0149650204479727,0.0159798018171012,-0.0010147813691285014,0.1235649118234532
B02_area,hill_q1,-0.0021451922116443,0.0985448793517,0.1013106279947119,-0.002765748643011892,0.10069007156334431
C1D01_curve1d_kndvi,pcoa2_cover,0.0768888880851699,0.2254077245021007,0.2283766236876765,-0.002968899185575802,0.1485188364169308
B00_area,hill_q1,-0.0303075314513121,-0.0047354165227531,-0.0015976525853056,-0.0031377639374475,0.025572114928559
B00_area,lcbd_cover,-0.0306488378861897,-0.0218762832270581,-0.0181616552106824,-0.0037146280163757005,0.008772554659131598
C1D01_curve1d_kndvi,pcoa1_cover,0.1635319419810144,0.256529610277825,0.2605607465070597,-0.0040311362292346775,0.09299766829681061
B02_area,hill_q0,0.4494282624391352,0.5094935200738377,0.5145715440614544,-0.005078023987616698,0.06006525763470255
C2D11_pxcube_kndvi,pcoa2_cover,0.1244351142267381,0.2131066913710904,0.2185032453793029,-0.005396554008212512,0.0886715771443523
C1D01_curve1d_kndvi,hill_q1,0.1212280077423782,0.2933282645085457,0.2995507930258982,-0.006222528517352499,0.17210025676616753
B01_topo-area,hill_q2,0.0554461497182298,0.1776909495611157,0.1862939038224939,-0.008602954261378193,0.12224479984288589
MLP02_curve_kndvi,pcoa2_cover,0.1052053167798592,0.2537070407752037,0.2628885437236205,-0.009181502948416853,0.14850172399534448
C2D11_pxcube_kndvi,lcbd_cover,0.1238107694883176,0.2282866725914511,0.2404237681500889,-0.01213709555863779,0.10447590310313351
C1D01_curve1d_kndvi,lcbd_pa,0.1774147635697078,0.384724705234139,0.3980042011512099,-0.013279495917070894,0.20730994166443117
C2D10_stack5,lcbd_cover,0.0453636698250082,0.1977584268007425,0.2157390602026556,-0.01798063340191311,0.1523947569757343
C2D11_pxcube_kndvi,hill_q0,0.2331475630646797,0.4742777861790871,0.4936370295608345,-0.019359243381747382,0.2411302231144074
C2D10_stack5,hill_q1,0.0662581060920117,0.2648777400375247,0.2866534131768268,-0.02177567313930212,0.19861963394551296
C2D11_pxcube_kndvi,hill_q1,0.1144575049423538,0.3035763974009664,0.325628605520521,-0.02205220811955455,0.18911889245861263
C1D01_curve1d_kndvi,pcoa2_pa,0.1586821405287206,0.3730657107855538,0.3973154393784139,-0.02424972859286012,0.2143835702568332
C2D10_stack5,pcoa2_cover,0.0820460034697824,0.1987081623353946,0.2310368458926334,-0.03232868355723881,0.1166621588656122
C2D11_pxcube_kndvi,lcbd_pa,0.1857671297525883,0.3767451910105525,0.4164929846998336,-0.03974779368928111,0.19097806125796418
C2D10_stack5,hill_q0,0.1267386697028995,0.4487727976678338,0.4907081528652644,-0.041935355197430635,0.3220341279649343
C2D11_pxcube_kndvi,pcoa2_pa,0.1709664303718855,0.3348760527568975,0.3784420097263758,-0.04356595696947829,0.16390962238501203
C2D10_stack5,pcoa2_pa,0.091282647197946,0.3468324395293716,0.3918335648013786,-0.045001125272007,0.2555497923314256
C2D10_stack5,lcbd_pa,0.1603196837782886,0.3575391865108722,0.4030742074773845,-0.045535020966512296,0.1972195027325836
C1D01_curve1d_kndvi,hill_q0,0.2302511245731789,0.4525201056595804,0.5068202452977996,-0.05430013963821917,0.2222689810864015
B00_area,dark_n,,,-0.0098589208638241,,
B00_area,mntd,,,-0.0063981169444861,,
B00_area,mpd,,,-0.0044794477866734,,
B00_area,ses_mntd,,,-0.0056405364054169,,
B00_area,ses_mpd,,,-0.0052347239677396,,
B00_area,ses_pd,,,-0.0129724754893241,,
B01_topo-area,dark_n,,,0.2689590282657934,,
B01_topo-area,mntd,,,0.1511633287166539,,
B01_topo-area,mpd,,,0.0342872041249721,,
B01_topo-area,ses_mntd,,,0.0795073841960658,,
B01_topo-area,ses_mpd,,,0.0802080197480566,,
B01_topo-area,ses_pd,,,0.0837903308849615,,
B02_area,dark_n,,,0.2278246375996709,,
B02_area,mntd,,,0.186900121624318,,
B02_area,mpd,,,0.0926852018254636,,
B02_area,ses_mntd,,,0.1318549111590626,,
B02_area,ses_mpd,,,0.1210801888217627,,
B02_area,ses_pd,,,0.1300694851335785,,
B03_coords,dark_n,,,0.3820516381795187,,
B03_coords,mntd,,,0.1443447551018601,,
B03_coords,mpd,,,-0.0151330783154672,,
B03_coords,ses_mntd,,,0.0957325807321021,,
B03_coords,ses_mpd,,,0.1086124538085732,,
B03_coords,ses_pd,,,0.1158191690648433,,
C1D01_curve1d_evi,dark_n,,,0.2692942033468721,,
C1D01_curve1d_evi,hill_q0,,,0.5115634203006266,,
C1D01_curve1d_evi,hill_q1,,,0.3063888107574579,,
C1D01_curve1d_evi,hill_q2,,,0.224152978899234,,
C1D01_curve1d_evi,lcbd_cover,,,0.2255551787604991,,
C1D01_curve1d_evi,lcbd_pa,,,0.4100289265979337,,
C1D01_curve1d_evi,mntd,,,0.1887199947999875,,
C1D01_curve1d_evi,mpd,,,0.108755041064304,,
C1D01_curve1d_evi,pcoa1_cover,,,0.2404497532357068,,
C1D01_curve1d_evi,pcoa1_pa,,,0.4705316455299008,,
C1D01_curve1d_evi,pcoa2_cover,,,0.1821519413697807,,
C1D01_curve1d_evi,pcoa2_pa,,,0.3721972784213553,,
C1D01_curve1d_evi,ses_mntd,,,0.1482753596846684,,
C1D01_curve1d_evi,ses_mpd,,,0.143208135445046,,
C1D01_curve1d_evi,ses_pd,,,0.1523066750036024,,
C1D01_curve1d_kndvi,dark_n,,,0.2890998847716444,,
C1D01_curve1d_kndvi,mntd,,,0.1723499871680093,,
C1D01_curve1d_kndvi,mpd,,,0.1167409640798136,,
C1D01_curve1d_kndvi,ses_mntd,,,0.1500958718102347,,
C1D01_curve1d_kndvi,ses_mpd,,,0.1690482699760651,,
C1D01_curve1d_kndvi,ses_pd,,,0.1587666956843403,,
C1D01_curve1d_kndvi_ctxclim-topo-area,dark_n,,,0.3677817535154453,,
C1D01_curve1d_kndvi_ctxclim-topo-area,hill_q0,,,0.5938341018096329,,
C1D01_curve1d_kndvi_ctxclim-topo-area,hill_q1,,,0.4315965503917507,,
C1D01_curve1d_kndvi_ctxclim-topo-area,hill_q2,,,0.3684532775021413,,
C1D01_curve1d_kndvi_ctxclim-topo-area,lcbd_cover,,,0.3295301469920664,,
C1D01_curve1d_kndvi_ctxclim-topo-area,lcbd_pa,,,0.4640864116807975,,
C1D01_curve1d_kndvi_ctxclim-topo-area,mntd,,,0.211330198004283,,
C1D01_curve1d_kndvi_ctxclim-topo-area,mpd,,,0.1373551564643579,,
C1D01_curve1d_kndvi_ctxclim-topo-area,pcoa1_cover,,,0.3147423072963293,,
C1D01_curve1d_kndvi_ctxclim-topo-area,pcoa1_pa,,,0.5211243719934954,,
C1D01_curve1d_kndvi_ctxclim-topo-area,pcoa2_cover,,,0.2573974053928209,,
C1D01_curve1d_kndvi_ctxclim-topo-area,pcoa2_pa,,,0.4662429380594924,,
C1D01_curve1d_kndvi_ctxclim-topo-area,ses_mntd,,,0.1651521342476446,,
C1D01_curve1d_kndvi_ctxclim-topo-area,ses_mpd,,,0.1852058636753956,,
C1D01_curve1d_kndvi_ctxclim-topo-area,ses_pd,,,0.183709707070405,,
C1D01_curve1d_nbr,dark_n,,,0.3043966692545441,,
C1D01_curve1d_nbr,hill_q0,,,0.5328843810426813,,
C1D01_curve1d_nbr,hill_q1,,,0.3428475867166643,,
C1D01_curve1d_nbr,hill_q2,,,0.268570047506287,,
C1D01_curve1d_nbr,lcbd_cover,,,0.2649745049914662,,
C1D01_curve1d_nbr,lcbd_pa,,,0.4173234572215305,,
C1D01_curve1d_nbr,mntd,,,0.1677474888825214,,
C1D01_curve1d_nbr,mpd,,,0.1212706109871166,,
C1D01_curve1d_nbr,pcoa1_cover,,,0.3082417568450651,,
C1D01_curve1d_nbr,pcoa1_pa,,,0.4966178406342014,,
C1D01_curve1d_nbr,pcoa2_cover,,,0.1815522880255702,,
C1D01_curve1d_nbr,pcoa2_pa,,,0.4125349124521968,,
C1D01_curve1d_nbr,ses_mntd,,,0.1369498168857211,,
C1D01_curve1d_nbr,ses_mpd,,,0.1695540722252133,,
C1D01_curve1d_nbr,ses_pd,,,0.1505405539440147,,
C1D01_curve1d_ndvi,dark_n,,,0.2856759008448623,,
C1D01_curve1d_ndvi,hill_q0,,,0.5314642262685492,,
C1D01_curve1d_ndvi,hill_q1,,,0.3271890148536084,,
C1D01_curve1d_ndvi,hill_q2,,,0.2517280072438609,,
C1D01_curve1d_ndvi,lcbd_cover,,,0.2391264067937597,,
C1D01_curve1d_ndvi,lcbd_pa,,,0.41211920135116,,
C1D01_curve1d_ndvi,mntd,,,0.1824821861234989,,
C1D01_curve1d_ndvi,mpd,,,0.1139705836845906,,
C1D01_curve1d_ndvi,pcoa1_cover,,,0.2469532005237564,,
C1D01_curve1d_ndvi,pcoa1_pa,,,0.4868818197818798,,
C1D01_curve1d_ndvi,pcoa2_cover,,,0.2169617446358943,,
C1D01_curve1d_ndvi,pcoa2_pa,,,0.4119893158712577,,
C1D01_curve1d_ndvi,ses_mntd,,,0.1592143110097385,,
C1D01_curve1d_ndvi,ses_mpd,,,0.1701090957798351,,
C1D01_curve1d_ndvi,ses_pd,,,0.1674346947831463,,
C1D01_curve1d_savi,dark_n,,,0.2670975104091766,,
C1D01_curve1d_savi,hill_q0,,,0.5039753494431959,,
C1D01_curve1d_savi,hill_q1,,,0.309417691147484,,
C1D01_curve1d_savi,hill_q2,,,0.2284268192984236,,
C1D01_curve1d_savi,lcbd_cover,,,0.2117044614624568,,
C1D01_curve1d_savi,lcbd_pa,,,0.3976489657580996,,
C1D01_curve1d_savi,mntd,,,0.184157072397944,,
C1D01_curve1d_savi,mpd,,,0.108017655682025,,
C1D01_curve1d_savi,pcoa1_cover,,,0.2185135657017479,,
C1D01_curve1d_savi,pcoa1_pa,,,0.4616520509286175,,
C1D01_curve1d_savi,pcoa2_cover,,,0.1848593402644414,,
C1D01_curve1d_savi,pcoa2_pa,,,0.3680720664631227,,
C1D01_curve1d_savi,ses_mntd,,,0.147842440506872,,
C1D01_curve1d_savi,ses_mpd,,,0.15003387520337,,
C1D01_curve1d_savi,ses_pd,,,0.1530165789646299,,
C1D02_curve5,dark_n,,,0.3223753855506691,,
C1D02_curve5,hill_q0,,,0.5429839893781644,,
C1D02_curve5,hill_q1,,,0.3378433201452201,,
C1D02_curve5,hill_q2,,,0.2502922139454676,,
C1D02_curve5,lcbd_cover,,,0.2705986361505985,,
C1D02_curve5,lcbd_pa,,,0.4171997116633182,,
C1D02_curve5,mntd,,,0.1704973572838213,,
C1D02_curve5,mpd,,,0.1112256976350397,,
C1D02_curve5,pcoa1_cover,,,0.3203570132611772,,
C1D02_curve5,pcoa1_pa,,,0.5028648843573619,,
C1D02_curve5,pcoa2_cover,,,0.2436793351595676,,
C1D02_curve5,pcoa2_pa,,,0.423695025075779,,
C1D02_curve5,ses_mntd,,,0.1391463867733139,,
C1D02_curve5,ses_mpd,,,0.1500774361239804,,
C1D02_curve5,ses_pd,,,0.1527205515488338,,
C2D01_reshape_evi,dark_n,,,0.3143309043814647,,
C2D01_reshape_evi,hill_q0,,,0.5453416744768793,,
C2D01_reshape_evi,hill_q1,,,0.3064610901018923,,
C2D01_reshape_evi,hill_q2,,,0.2176408973155827,,
C2D01_reshape_evi,lcbd_cover,,,0.3030877143010187,,
C2D01_reshape_evi,lcbd_pa,,,0.4352403228390566,,
C2D01_reshape_evi,mntd,,,0.1715239479747526,,
C2D01_reshape_evi,mpd,,,0.1220303982530548,,
C2D01_reshape_evi,pcoa1_cover,,,0.2513967409428554,,
C2D01_reshape_evi,pcoa1_pa,,,0.4857323118586353,,
C2D01_reshape_evi,pcoa2_cover,,,0.1871149737045225,,
C2D01_reshape_evi,pcoa2_pa,,,0.3896475195719888,,
C2D01_reshape_evi,ses_mntd,,,0.1489799196581809,,
C2D01_reshape_evi,ses_mpd,,,0.1780105613313426,,
C2D01_reshape_evi,ses_pd,,,0.1653459444250123,,
C2D01_reshape_kndvi,dark_n,,,0.3214955953324224,,
C2D01_reshape_kndvi,hill_q0,,,0.5212636601171571,,
C2D01_reshape_kndvi,hill_q1,,,0.3338613313300225,,
C2D01_reshape_kndvi,hill_q2,,,0.2665534903049175,,
C2D01_reshape_kndvi,lcbd_cover,,,0.2823302252688844,,
C2D01_reshape_kndvi,lcbd_pa,,,0.4358938925247717,,
C2D01_reshape_kndvi,mntd,,,0.1755752556397593,,
C2D01_reshape_kndvi,mpd,,,0.129173382916449,,
C2D01_reshape_kndvi,pcoa1_cover,,,0.3002661354813,,
C2D01_reshape_kndvi,pcoa1_pa,,,0.5050482489373226,,
C2D01_reshape_kndvi,pcoa2_cover,,,0.2098264801445542,,
C2D01_reshape_kndvi,pcoa2_pa,,,0.4034696440100127,,
C2D01_reshape_kndvi,ses_mntd,,,0.1565334980015068,,
C2D01_reshape_kndvi,ses_mpd,,,0.1746831112898161,,
C2D01_reshape_kndvi,ses_pd,,,0.1697582283476633,,
C2D01_reshape_kndvi_ctxclim-topo-area,dark_n,,,0.3795134881995807,,
C2D01_reshape_kndvi_ctxclim-topo-area,hill_q0,,,0.5799174282861407,,
C2D01_reshape_kndvi_ctxclim-topo-area,hill_q1,,,0.4227029752224954,,
C2D01_reshape_kndvi_ctxclim-topo-area,hill_q2,,,0.3633469475401118,,
C2D01_reshape_kndvi_ctxclim-topo-area,lcbd_cover,,,0.3393667723383858,,
C2D01_reshape_kndvi_ctxclim-topo-area,lcbd_pa,,,0.4758021201423378,,
C2D01_reshape_kndvi_ctxclim-topo-area,mntd,,,0.1955754643508299,,
C2D01_reshape_kndvi_ctxclim-topo-area,mpd,,,0.1304991914063673,,
C2D01_reshape_kndvi_ctxclim-topo-area,pcoa1_cover,,,0.3239037957229024,,
C2D01_reshape_kndvi_ctxclim-topo-area,pcoa1_pa,,,0.5206717572057699,,
C2D01_reshape_kndvi_ctxclim-topo-area,pcoa2_cover,,,0.2495081250555761,,
C2D01_reshape_kndvi_ctxclim-topo-area,pcoa2_pa,,,0.4647983807921482,,
C2D01_reshape_kndvi_ctxclim-topo-area,ses_mntd,,,0.1474674080368883,,
C2D01_reshape_kndvi_ctxclim-topo-area,ses_mpd,,,0.1768699401798784,,
C2D01_reshape_kndvi_ctxclim-topo-area,ses_pd,,,0.1684222279751481,,
C2D01_reshape_nbr,dark_n,,,0.3046614362096677,,
C2D01_reshape_nbr,hill_q0,,,0.574628883403964,,
C2D01_reshape_nbr,hill_q1,,,0.3715310219325025,,
C2D01_reshape_nbr,hill_q2,,,0.3020885966124292,,
C2D01_reshape_nbr,lcbd_cover,,,0.3406388018248082,,
C2D01_reshape_nbr,lcbd_pa,,,0.4284079370758031,,
C2D01_reshape_nbr,mntd,,,0.1827829554411291,,
C2D01_reshape_nbr,mpd,,,0.1424706676357735,,
C2D01_reshape_nbr,pcoa1_cover,,,0.3404129799068904,,
C2D01_reshape_nbr,pcoa1_pa,,,0.4994694662446702,,
C2D01_reshape_nbr,pcoa2_cover,,,0.2114129668541788,,
C2D01_reshape_nbr,pcoa2_pa,,,0.4150051587922547,,
C2D01_reshape_nbr,ses_mntd,,,0.1609484311302265,,
C2D01_reshape_nbr,ses_mpd,,,0.1971580733799919,,
C2D01_reshape_nbr,ses_pd,,,0.1936226712305444,,
C2D01_reshape_ndvi,dark_n,,,0.3190500654310679,,
C2D01_reshape_ndvi,hill_q0,,,0.5479102081589761,,
C2D01_reshape_ndvi,hill_q1,,,0.3572635725968755,,
C2D01_reshape_ndvi,hill_q2,,,0.2863668910124421,,
C2D01_reshape_ndvi,lcbd_cover,,,0.314112514054879,,
C2D01_reshape_ndvi,lcbd_pa,,,0.4540078807772987,,
C2D01_reshape_ndvi,mntd,,,0.1806953270655157,,
C2D01_reshape_ndvi,mpd,,,0.1254697549120749,,
C2D01_reshape_ndvi,pcoa1_cover,,,0.2718610679837879,,
C2D01_reshape_ndvi,pcoa1_pa,,,0.5079869990080631,,
C2D01_reshape_ndvi,pcoa2_cover,,,0.2039646854510175,,
C2D01_reshape_ndvi,pcoa2_pa,,,0.412165957320571,,
C2D01_reshape_ndvi,ses_mntd,,,0.1568788231780008,,
C2D01_reshape_ndvi,ses_mpd,,,0.1652267399847216,,
C2D01_reshape_ndvi,ses_pd,,,0.1643949754136013,,
C2D01_reshape_savi,dark_n,,,0.3348321992719228,,
C2D01_reshape_savi,hill_q0,,,0.5403221085488373,,
C2D01_reshape_savi,hill_q1,,,0.3122765717662347,,
C2D01_reshape_savi,hill_q2,,,0.2414166542886742,,
C2D01_reshape_savi,lcbd_cover,,,0.2949175011249285,,
C2D01_reshape_savi,lcbd_pa,,,0.4450526069216844,,
C2D01_reshape_savi,mntd,,,0.1674485560995415,,
C2D01_reshape_savi,mpd,,,0.1229905999377362,,
C2D01_reshape_savi,pcoa1_cover,,,0.2675995252575233,,
C2D01_reshape_savi,pcoa1_pa,,,0.4881005843280546,,
C2D01_reshape_savi,pcoa2_cover,,,0.1886707462348728,,
C2D01_reshape_savi,pcoa2_pa,,,0.3944388666590206,,
C2D01_reshape_savi,ses_mntd,,,0.1534679630351617,,
C2D01_reshape_savi,ses_mpd,,,0.1724682580521895,,
C2D01_reshape_savi,ses_pd,,,0.1669430543633148,,
C2D02_serpentine_evi,dark_n,,,0.3107354260010461,,
C2D02_serpentine_evi,hill_q0,,,0.5449453118082751,,
C2D02_serpentine_evi,hill_q1,,,0.3233549227069306,,
C2D02_serpentine_evi,hill_q2,,,0.235926411610534,,
C2D02_serpentine_evi,lcbd_cover,,,0.3166657195381094,,
C2D02_serpentine_evi,lcbd_pa,,,0.4336637690768141,,
C2D02_serpentine_evi,mntd,,,0.1844664429704786,,
C2D02_serpentine_evi,mpd,,,0.1253289219682272,,
C2D02_serpentine_evi,pcoa1_cover,,,0.2493483828596369,,
C2D02_serpentine_evi,pcoa1_pa,,,0.4732665949251882,,
C2D02_serpentine_evi,pcoa2_cover,,,0.1848520687762441,,
C2D02_serpentine_evi,pcoa2_pa,,,0.4065163904172089,,
C2D02_serpentine_evi,ses_mntd,,,0.1510479938255303,,
C2D02_serpentine_evi,ses_mpd,,,0.1734456131006241,,
C2D02_serpentine_evi,ses_pd,,,0.1667001135433386,,
C2D02_serpentine_kndvi,dark_n,,,0.3313320035124622,,
C2D02_serpentine_kndvi,hill_q0,,,0.5291046419558034,,
C2D02_serpentine_kndvi,hill_q1,,,0.376133644743945,,
C2D02_serpentine_kndvi,hill_q2,,,0.3088397920253174,,
C2D02_serpentine_kndvi,lcbd_cover,,,0.3180166824292479,,
C2D02_serpentine_kndvi,lcbd_pa,,,0.4503651472747563,,
C2D02_serpentine_kndvi,mntd,,,0.1885133332190859,,
C2D02_serpentine_kndvi,mpd,,,0.1265770208724069,,
C2D02_serpentine_kndvi,pcoa1_cover,,,0.2799573485909003,,
C2D02_serpentine_kndvi,pcoa1_pa,,,0.5047075834416717,,
C2D02_serpentine_kndvi,pcoa2_cover,,,0.2249157379341938,,
C2D02_serpentine_kndvi,pcoa2_pa,,,0.420555694481847,,
C2D02_serpentine_kndvi,ses_mntd,,,0.1584394239273998,,
C2D02_serpentine_kndvi,ses_mpd,,,0.1670992066412146,,
C2D02_serpentine_kndvi,ses_pd,,,0.1715808154846483,,
C2D02_serpentine_kndvi_calendar,dark_n,,,0.3481018900839438,,
C2D02_serpentine_kndvi_calendar,hill_q0,,,0.5428480601944133,,
C2D02_serpentine_kndvi_calendar,hill_q1,,,0.3651123065257557,,
C2D02_serpentine_kndvi_calendar,hill_q2,,,0.2991480060057588,,
C2D02_serpentine_kndvi_calendar,lcbd_cover,,,0.293716208679428,,
C2D02_serpentine_kndvi_calendar,lcbd_pa,,,0.4389030297979386,,
C2D02_serpentine_kndvi_calendar,mntd,,,0.1781790963450595,,
C2D02_serpentine_kndvi_calendar,mpd,,,0.1304691637342732,,
C2D02_serpentine_kndvi_calendar,pcoa1_cover,,,0.2818868800464706,,
C2D02_serpentine_kndvi_calendar,pcoa1_pa,,,0.5042621072014589,,
C2D02_serpentine_kndvi_calendar,pcoa2_cover,,,0.209901582509465,,
C2D02_serpentine_kndvi_calendar,pcoa2_pa,,,0.4071994591374393,,
C2D02_serpentine_kndvi_calendar,ses_mntd,,,0.1714195649596954,,
C2D02_serpentine_kndvi_calendar,ses_mpd,,,0.1904699607009831,,
C2D02_serpentine_kndvi_calendar,ses_pd,,,0.1894006120805036,,
C2D02_serpentine_kndvi_ctxclim-topo-area,dark_n,,,0.3804705180659308,,
C2D02_serpentine_kndvi_ctxclim-topo-area,hill_q0,,,0.5902324693334897,,
C2D02_serpentine_kndvi_ctxclim-topo-area,hill_q1,,,0.4313583249460621,,
C2D02_serpentine_kndvi_ctxclim-topo-area,hill_q2,,,0.3696126367613386,,
C2D02_serpentine_kndvi_ctxclim-topo-area,lcbd_cover,,,0.358348296474655,,
C2D02_serpentine_kndvi_ctxclim-topo-area,lcbd_pa,,,0.4759889581934158,,
C2D02_serpentine_kndvi_ctxclim-topo-area,mntd,,,0.2060241094374169,,
C2D02_serpentine_kndvi_ctxclim-topo-area,mpd,,,0.128288814551898,,
C2D02_serpentine_kndvi_ctxclim-topo-area,pcoa1_cover,,,0.3217070939385957,,
C2D02_serpentine_kndvi_ctxclim-topo-area,pcoa1_pa,,,0.5220126215886137,,
C2D02_serpentine_kndvi_ctxclim-topo-area,pcoa2_cover,,,0.2440451070356324,,
C2D02_serpentine_kndvi_ctxclim-topo-area,pcoa2_pa,,,0.4693456044887013,,
C2D02_serpentine_kndvi_ctxclim-topo-area,ses_mntd,,,0.1581393492607593,,
C2D02_serpentine_kndvi_ctxclim-topo-area,ses_mpd,,,0.1723588519593501,,
C2D02_serpentine_kndvi_ctxclim-topo-area,ses_pd,,,0.1727366785881884,,
C2D02_serpentine_kndvi_film,dark_n,,,0.3332273870530503,,
C2D02_serpentine_kndvi_film,hill_q0,,,0.5169985661756699,,
C2D02_serpentine_kndvi_film,hill_q1,,,0.365816087543894,,
C2D02_serpentine_kndvi_film,hill_q2,,,0.3089286733347008,,
C2D02_serpentine_kndvi_film,lcbd_cover,,,0.2788265205849786,,
C2D02_serpentine_kndvi_film,lcbd_pa,,,0.4248343934671128,,
C2D02_serpentine_kndvi_film,mntd,,,0.1424511647874724,,
C2D02_serpentine_kndvi_film,mpd,,,0.109614936819999,,
C2D02_serpentine_kndvi_film,pcoa1_cover,,,0.3067253184784004,,
C2D02_serpentine_kndvi_film,pcoa1_pa,,,0.4880732313327228,,
C2D02_serpentine_kndvi_film,pcoa2_cover,,,0.2071016523316265,,
C2D02_serpentine_kndvi_film,pcoa2_pa,,,0.4146364553697385,,
C2D02_serpentine_kndvi_film,ses_mntd,,,0.1393142495768239,,
C2D02_serpentine_kndvi_film,ses_mpd,,,0.1838506813740404,,
C2D02_serpentine_kndvi_film,ses_pd,,,0.165788578754822,,
C2D02_serpentine_kndvi_mixup,dark_n,,,0.3381122288768023,,
C2D02_serpentine_kndvi_mixup,hill_q0,,,0.546382331588989,,
C2D02_serpentine_kndvi_mixup,hill_q1,,,0.3802097604470444,,
C2D02_serpentine_kndvi_mixup,hill_q2,,,0.3184401395190416,,
C2D02_serpentine_kndvi_mixup,lcbd_cover,,,0.3049933100927793,,
C2D02_serpentine_kndvi_mixup,lcbd_pa,,,0.4398353893609064,,
C2D02_serpentine_kndvi_mixup,mntd,,,0.1850131913119004,,
C2D02_serpentine_kndvi_mixup,mpd,,,0.1235132876515445,,
C2D02_serpentine_kndvi_mixup,pcoa1_cover,,,0.2885628303768382,,
C2D02_serpentine_kndvi_mixup,pcoa1_pa,,,0.5005153703597117,,
C2D02_serpentine_kndvi_mixup,pcoa2_cover,,,0.231678805055649,,
C2D02_serpentine_kndvi_mixup,pcoa2_pa,,,0.4089080487323966,,
C2D02_serpentine_kndvi_mixup,ses_mntd,,,0.1522684122474011,,
C2D02_serpentine_kndvi_mixup,ses_mpd,,,0.1666016752980182,,
C2D02_serpentine_kndvi_mixup,ses_pd,,,0.1649858096333584,,
C2D02_serpentine_kndvi_nglobal,dark_n,,,0.0508286262034156,,
C2D02_serpentine_kndvi_nglobal,hill_q0,,,0.0295845385044327,,
C2D02_serpentine_kndvi_nglobal,hill_q1,,,0.0424774280430387,,
C2D02_serpentine_kndvi_nglobal,hill_q2,,,0.0282991501857739,,
C2D02_serpentine_kndvi_nglobal,lcbd_cover,,,0.0197155477899338,,
C2D02_serpentine_kndvi_nglobal,lcbd_pa,,,0.0075485438585244,,
C2D02_serpentine_kndvi_nglobal,mntd,,,-0.002767536663195,,
C2D02_serpentine_kndvi_nglobal,mpd,,,0.0404830813066343,,
C2D02_serpentine_kndvi_nglobal,pcoa1_cover,,,-0.007336774713007,,
C2D02_serpentine_kndvi_nglobal,pcoa1_pa,,,0.1266966838286413,,
C2D02_serpentine_kndvi_nglobal,pcoa2_cover,,,-0.0049091813123504,,
C2D02_serpentine_kndvi_nglobal,pcoa2_pa,,,0.1284025251773353,,
C2D02_serpentine_kndvi_nglobal,ses_mntd,,,0.0218519370309539,,
C2D02_serpentine_kndvi_nglobal,ses_mpd,,,0.0548078760358585,,
C2D02_serpentine_kndvi_nglobal,ses_pd,,,0.0488035777066618,,
C2D02_serpentine_kndvi_noaug,dark_n,,,0.341571750766354,,
C2D02_serpentine_kndvi_noaug,hill_q0,,,0.5378269873077689,,
C2D02_serpentine_kndvi_noaug,hill_q1,,,0.4106450996802427,,
C2D02_serpentine_kndvi_noaug,hill_q2,,,0.35248481132241,,
C2D02_serpentine_kndvi_noaug,lcbd_cover,,,0.3233392858347022,,
C2D02_serpentine_kndvi_noaug,lcbd_pa,,,0.4588261698679831,,
C2D02_serpentine_kndvi_noaug,mntd,,,0.1805368936706935,,
C2D02_serpentine_kndvi_noaug,mpd,,,0.1148970983628128,,
C2D02_serpentine_kndvi_noaug,pcoa1_cover,,,0.3136940859451023,,
C2D02_serpentine_kndvi_noaug,pcoa1_pa,,,0.5069214512159692,,
C2D02_serpentine_kndvi_noaug,pcoa2_cover,,,0.2616010664095545,,
C2D02_serpentine_kndvi_noaug,pcoa2_pa,,,0.4354418982514995,,
C2D02_serpentine_kndvi_noaug,ses_mntd,,,0.1450065989740822,,
C2D02_serpentine_kndvi_noaug,ses_mpd,,,0.1464095296213569,,
C2D02_serpentine_kndvi_noaug,ses_pd,,,0.1463029342630297,,
C2D02_serpentine_kndvi_none,dark_n,,,0.3258161171570172,,
C2D02_serpentine_kndvi_none,hill_q0,,,0.4146478638115708,,
C2D02_serpentine_kndvi_none,hill_q1,,,0.2571221793383266,,
C2D02_serpentine_kndvi_none,hill_q2,,,0.1794429363049411,,
C2D02_serpentine_kndvi_none,lcbd_cover,,,0.2678099014107126,,
C2D02_serpentine_kndvi_none,lcbd_pa,,,0.4030827541140592,,
C2D02_serpentine_kndvi_none,mntd,,,0.117773070964268,,
C2D02_serpentine_kndvi_none,mpd,,,0.1076382675324054,,
C2D02_serpentine_kndvi_none,pcoa1_cover,,,0.1697955092125632,,
C2D02_serpentine_kndvi_none,pcoa1_pa,,,0.4494585922213784,,
C2D02_serpentine_kndvi_none,pcoa2_cover,,,0.2227080363294187,,
C2D02_serpentine_kndvi_none,pcoa2_pa,,,0.3994773505591005,,
C2D02_serpentine_kndvi_none,ses_mntd,,,0.1272754906321461,,
C2D02_serpentine_kndvi_none,ses_mpd,,,0.1260678769073847,,
C2D02_serpentine_kndvi_none,ses_pd,,,0.12848476114093,,
C2D02_serpentine_kndvi_nperSample,dark_n,,,0.3399478285610633,,
C2D02_serpentine_kndvi_nperSample,hill_q0,,,0.3643957007799883,,
C2D02_serpentine_kndvi_nperSample,hill_q1,,,0.2935519144390567,,
C2D02_serpentine_kndvi_nperSample,hill_q2,,,0.2485743397714496,,
C2D02_serpentine_kndvi_nperSample,lcbd_cover,,,0.3011868479458522,,
C2D02_serpentine_kndvi_nperSample,lcbd_pa,,,0.3967523840873576,,
C2D02_serpentine_kndvi_nperSample,mntd,,,0.1638539162081009,,
C2D02_serpentine_kndvi_nperSample,mpd,,,0.108161626718529,,
C2D02_serpentine_kndvi_nperSample,pcoa1_cover,,,0.3127156484845892,,
C2D02_serpentine_kndvi_nperSample,pcoa1_pa,,,0.4510747922004863,,
C2D02_serpentine_kndvi_nperSample,pcoa2_cover,,,0.2101419075415996,,
C2D02_serpentine_kndvi_nperSample,pcoa2_pa,,,0.3955564277340684,,
C2D02_serpentine_kndvi_nperSample,ses_mntd,,,0.1427009992239517,,
C2D02_serpentine_kndvi_nperSample,ses_mpd,,,0.1502568039625248,,
C2D02_serpentine_kndvi_nperSample,ses_pd,,,0.1468819844517594,,
C2D02_serpentine_kndvi_patch,dark_n,,,0.31325696948871,,
C2D02_serpentine_kndvi_patch,hill_q0,,,0.5091107527715483,,
C2D02_serpentine_kndvi_patch,hill_q1,,,0.288935190630516,,
C2D02_serpentine_kndvi_patch,hill_q2,,,0.2016253955289087,,
C2D02_serpentine_kndvi_patch,lcbd_cover,,,0.2684447673315945,,
C2D02_serpentine_kndvi_patch,lcbd_pa,,,0.3969579737587872,,
C2D02_serpentine_kndvi_patch,mntd,,,0.1430877069888003,,
C2D02_serpentine_kndvi_patch,mpd,,,0.1033546213780412,,
C2D02_serpentine_kndvi_patch,pcoa1_cover,,,0.2460887006232237,,
C2D02_serpentine_kndvi_patch,pcoa1_pa,,,0.462607507909835,,
C2D02_serpentine_kndvi_patch,pcoa2_cover,,,0.2373698275025848,,
C2D02_serpentine_kndvi_patch,pcoa2_pa,,,0.4083666417352067,,
C2D02_serpentine_kndvi_patch,ses_mntd,,,0.1253144321630457,,
C2D02_serpentine_kndvi_patch,ses_mpd,,,0.1407086030608162,,
C2D02_serpentine_kndvi_patch,ses_pd,,,0.1368942455337158,,
C2D02_serpentine_kndvi_wA,dark_n,,,0.2930760009650005,,
C2D02_serpentine_kndvi_wA,hill_q0,,,0.4645788644894879,,
C2D02_serpentine_kndvi_wA,hill_q1,,,0.3531501977667339,,
C2D02_serpentine_kndvi_wA,hill_q2,,,0.2914513234005441,,
C2D02_serpentine_kndvi_wA,lcbd_cover,,,0.2775232125122308,,
C2D02_serpentine_kndvi_wA,lcbd_pa,,,0.4276379215544633,,
C2D02_serpentine_kndvi_wA,mntd,,,0.1885870297575982,,
C2D02_serpentine_kndvi_wA,mpd,,,0.118178848213822,,
C2D02_serpentine_kndvi_wA,pcoa1_cover,,,0.23388865108805,,
C2D02_serpentine_kndvi_wA,pcoa1_pa,,,0.4853525827090236,,
C2D02_serpentine_kndvi_wA,pcoa2_cover,,,0.2110928448066911,,
C2D02_serpentine_kndvi_wA,pcoa2_pa,,,0.3910645874946123,,
C2D02_serpentine_kndvi_wA,ses_mntd,,,0.1691958487270256,,
C2D02_serpentine_kndvi_wA,ses_mpd,,,0.1722388048918203,,
C2D02_serpentine_kndvi_wA,ses_pd,,,0.1771811842463545,,
C2D02_serpentine_kndvi_wC,dark_n,,,0.3651761029810188,,
C2D02_serpentine_kndvi_wC,hill_q0,,,0.5456962606163214,,
C2D02_serpentine_kndvi_wC,hill_q1,,,0.3585169802636219,,
C2D02_serpentine_kndvi_wC,hill_q2,,,0.2915233262210171,,
C2D02_serpentine_kndvi_wC,lcbd_cover,,,0.3075797687035996,,
C2D02_serpentine_kndvi_wC,lcbd_pa,,,0.4383308905608404,,
C2D02_serpentine_kndvi_wC,mntd,,,0.1625166458872145,,
C2D02_serpentine_kndvi_wC,mpd,,,0.1330998621161312,,
C2D02_serpentine_kndvi_wC,pcoa1_cover,,,0.2913447007484874,,
C2D02_serpentine_kndvi_wC,pcoa1_pa,,,0.4897195997992498,,
C2D02_serpentine_kndvi_wC,pcoa2_cover,,,0.2467067206454647,,
C2D02_serpentine_kndvi_wC,pcoa2_pa,,,0.4262303003369109,,
C2D02_serpentine_kndvi_wC,ses_mntd,,,0.145142245617031,,
C2D02_serpentine_kndvi_wC,ses_mpd,,,0.1673580155823823,,
C2D02_serpentine_kndvi_wC,ses_pd,,,0.1601751460288028,,
C2D02_serpentine_kndvi_wX,dark_n,,,0.3550908011747924,,
C2D02_serpentine_kndvi_wX,hill_q0,,,0.5196224933319894,,
C2D02_serpentine_kndvi_wX,hill_q1,,,0.3339037031869501,,
C2D02_serpentine_kndvi_wX,hill_q2,,,0.2626515926953707,,
C2D02_serpentine_kndvi_wX,lcbd_cover,,,0.3052602208608135,,
C2D02_serpentine_kndvi_wX,lcbd_pa,,,0.4330272760934069,,
C2D02_serpentine_kndvi_wX,mntd,,,0.1634870583633756,,
C2D02_serpentine_kndvi_wX,mpd,,,0.1125380166664851,,
C2D02_serpentine_kndvi_wX,pcoa1_cover,,,0.2948704764093685,,
C2D02_serpentine_kndvi_wX,pcoa1_pa,,,0.4859419484721619,,
C2D02_serpentine_kndvi_wX,pcoa2_cover,,,0.2437618682674304,,
C2D02_serpentine_kndvi_wX,pcoa2_pa,,,0.4495758695055598,,
C2D02_serpentine_kndvi_wX,ses_mntd,,,0.1040440510475824,,
C2D02_serpentine_kndvi_wX,ses_mpd,,,0.1234403984908896,,
C2D02_serpentine_kndvi_wX,ses_pd,,,0.1147198736885584,,
C2D02_serpentine_nbr,dark_n,,,0.2966706238376904,,
C2D02_serpentine_nbr,hill_q0,,,0.5724485058267585,,
C2D02_serpentine_nbr,hill_q1,,,0.3578386174968762,,
C2D02_serpentine_nbr,hill_q2,,,0.2736782884545377,,
C2D02_serpentine_nbr,lcbd_cover,,,0.320624581711988,,
C2D02_serpentine_nbr,lcbd_pa,,,0.4301019189331643,,
C2D02_serpentine_nbr,mntd,,,0.1752217100591652,,
C2D02_serpentine_nbr,mpd,,,0.1331284845330636,,
C2D02_serpentine_nbr,pcoa1_cover,,,0.3397960433115153,,
C2D02_serpentine_nbr,pcoa1_pa,,,0.4983134780021964,,
C2D02_serpentine_nbr,pcoa2_cover,,,0.1925855243769183,,
C2D02_serpentine_nbr,pcoa2_pa,,,0.4049147567486313,,
C2D02_serpentine_nbr,ses_mntd,,,0.1553439743455154,,
C2D02_serpentine_nbr,ses_mpd,,,0.1935514044017517,,
C2D02_serpentine_nbr,ses_pd,,,0.191996618425404,,
C2D02_serpentine_ndvi,dark_n,,,0.323005806785272,,
C2D02_serpentine_ndvi,hill_q0,,,0.5360491720544909,,
C2D02_serpentine_ndvi,hill_q1,,,0.3665884397475129,,
C2D02_serpentine_ndvi,hill_q2,,,0.2949918451947002,,
C2D02_serpentine_ndvi,lcbd_cover,,,0.3170128668613343,,
C2D02_serpentine_ndvi,lcbd_pa,,,0.455717589563519,,
C2D02_serpentine_ndvi,mntd,,,0.1755683639555721,,
C2D02_serpentine_ndvi,mpd,,,0.1222154386464538,,
C2D02_serpentine_ndvi,pcoa1_cover,,,0.2552475599624135,,
C2D02_serpentine_ndvi,pcoa1_pa,,,0.4958066808160559,,
C2D02_serpentine_ndvi,pcoa2_cover,,,0.2364943705089562,,
C2D02_serpentine_ndvi,pcoa2_pa,,,0.4377884023361267,,
C2D02_serpentine_ndvi,ses_mntd,,,0.1450904887492032,,
C2D02_serpentine_ndvi,ses_mpd,,,0.1698465344875273,,
C2D02_serpentine_ndvi,ses_pd,,,0.1601485354592238,,
C2D02_serpentine_savi,dark_n,,,0.3294403146501927,,
C2D02_serpentine_savi,hill_q0,,,0.5407224564678331,,
C2D02_serpentine_savi,hill_q1,,,0.3138542378678791,,
C2D02_serpentine_savi,hill_q2,,,0.2324433288273702,,
C2D02_serpentine_savi,lcbd_cover,,,0.3037919828338687,,
C2D02_serpentine_savi,lcbd_pa,,,0.4355501146809344,,
C2D02_serpentine_savi,mntd,,,0.1733886079013311,,
C2D02_serpentine_savi,mpd,,,0.1241243584326706,,
C2D02_serpentine_savi,pcoa1_cover,,,0.2627860547805238,,
C2D02_serpentine_savi,pcoa1_pa,,,0.4751661918101988,,
C2D02_serpentine_savi,pcoa2_cover,,,0.1847133978484835,,
C2D02_serpentine_savi,pcoa2_pa,,,0.4121593245478586,,
C2D02_serpentine_savi,ses_mntd,,,0.1556584340692492,,
C2D02_serpentine_savi,ses_mpd,,,0.166744359914669,,
C2D02_serpentine_savi,ses_pd,,,0.1632949773010716,,
C2D03_gaf_kndvi,dark_n,,,0.157005087546799,,
C2D03_gaf_kndvi,hill_q0,,,0.0491812310404919,,
C2D03_gaf_kndvi,hill_q1,,,0.1626173892156059,,
C2D03_gaf_kndvi,hill_q2,,,0.1710427507598723,,
C2D03_gaf_kndvi,lcbd_cover,,,0.1597683013759394,,
C2D03_gaf_kndvi,lcbd_pa,,,0.2146661709215887,,
C2D03_gaf_kndvi,mntd,,,0.0549860388085763,,
C2D03_gaf_kndvi,mpd,,,0.0651464846778291,,
C2D03_gaf_kndvi,pcoa1_cover,,,0.2369049066863235,,
C2D03_gaf_kndvi,pcoa1_pa,,,0.3442481794402079,,
C2D03_gaf_kndvi,pcoa2_cover,,,0.1593492628039273,,
C2D03_gaf_kndvi,pcoa2_pa,,,0.2145543109089935,,
C2D03_gaf_kndvi,ses_mntd,,,0.1000467335476202,,
C2D03_gaf_kndvi,ses_mpd,,,0.0842384207727863,,
C2D03_gaf_kndvi,ses_pd,,,0.0897674534525706,,
C2D04_mtf_kndvi,dark_n,,,0.2022076690270049,,
C2D04_mtf_kndvi,hill_q0,,,0.0812247505376975,,
C2D04_mtf_kndvi,hill_q1,,,0.1662150763030388,,
C2D04_mtf_kndvi,hill_q2,,,0.1771188764033339,,
C2D04_mtf_kndvi,lcbd_cover,,,0.1488679402446784,,
C2D04_mtf_kndvi,lcbd_pa,,,0.1546648985455666,,
C2D04_mtf_kndvi,mntd,,,0.0118897929602343,,
C2D04_mtf_kndvi,mpd,,,0.0491617679864712,,
C2D04_mtf_kndvi,pcoa1_cover,,,0.1987537211144038,,
C2D04_mtf_kndvi,pcoa1_pa,,,0.233712462714518,,
C2D04_mtf_kndvi,pcoa2_cover,,,0.1700853232577721,,
C2D04_mtf_kndvi,pcoa2_pa,,,0.1934158770208774,,
C2D04_mtf_kndvi,ses_mntd,,,0.0568174012460989,,
C2D04_mtf_kndvi,ses_mpd,,,0.0575125600587927,,
C2D04_mtf_kndvi,ses_pd,,,0.0584305911331146,,
C2D05_ndi_kndvi,dark_n,,,0.097033232403398,,
C2D05_ndi_kndvi,hill_q0,,,0.0169935461048457,,
C2D05_ndi_kndvi,hill_q1,,,0.0780090700921018,,
C2D05_ndi_kndvi,hill_q2,,,0.0987404251277386,,
C2D05_ndi_kndvi,lcbd_cover,,,0.076853338892253,,
C2D05_ndi_kndvi,lcbd_pa,,,0.1332402814011806,,
C2D05_ndi_kndvi,mntd,,,0.0313538476888441,,
C2D05_ndi_kndvi,mpd,,,0.0052364027786083,,
C2D05_ndi_kndvi,pcoa1_cover,,,0.1074210306760766,,
C2D05_ndi_kndvi,pcoa1_pa,,,0.1775725525805077,,
C2D05_ndi_kndvi,pcoa2_cover,,,0.0597598983110329,,
C2D05_ndi_kndvi,pcoa2_pa,,,0.1556152088860482,,
C2D05_ndi_kndvi,ses_mntd,,,0.0309194632061181,,
C2D05_ndi_kndvi,ses_mpd,,,0.0054218567481975,,
C2D05_ndi_kndvi,ses_pd,,,0.0066945305192038,,
C2D06_cwt_kndvi,dark_n,,,0.2908734380649679,,
C2D06_cwt_kndvi,hill_q0,,,0.5607537292685713,,
C2D06_cwt_kndvi,hill_q1,,,0.3548052477258351,,
C2D06_cwt_kndvi,hill_q2,,,0.2840774022311259,,
C2D06_cwt_kndvi,lcbd_cover,,,0.2459231891499876,,
C2D06_cwt_kndvi,lcbd_pa,,,0.4057700454794237,,
C2D06_cwt_kndvi,mntd,,,0.1763356507882911,,
C2D06_cwt_kndvi,mpd,,,0.1218132146174469,,
C2D06_cwt_kndvi,pcoa1_cover,,,0.2204198924794455,,
C2D06_cwt_kndvi,pcoa1_pa,,,0.4931741441847908,,
C2D06_cwt_kndvi,pcoa2_cover,,,0.1951974400348854,,
C2D06_cwt_kndvi,pcoa2_pa,,,0.3718074583342028,,
C2D06_cwt_kndvi,ses_mntd,,,0.1664791354029969,,
C2D06_cwt_kndvi,ses_mpd,,,0.1799396463948653,,
C2D06_cwt_kndvi,ses_pd,,,0.1820871751070903,,
C2D07_hilbert_evi,dark_n,,,0.3241050355872388,,
C2D07_hilbert_evi,hill_q0,,,0.5441439313448101,,
C2D07_hilbert_evi,hill_q1,,,0.3141839226678333,,
C2D07_hilbert_evi,hill_q2,,,0.2304550332848853,,
C2D07_hilbert_evi,lcbd_cover,,,0.295895378823216,,
C2D07_hilbert_evi,lcbd_pa,,,0.4450688772223041,,
C2D07_hilbert_evi,mntd,,,0.19487287986438,,
C2D07_hilbert_evi,mpd,,,0.1215246273611995,,
C2D07_hilbert_evi,pcoa1_cover,,,0.2635649771675831,,
C2D07_hilbert_evi,pcoa1_pa,,,0.4858152046666417,,
C2D07_hilbert_evi,pcoa2_cover,,,0.188420153662705,,
C2D07_hilbert_evi,pcoa2_pa,,,0.4184404957049104,,
C2D07_hilbert_evi,ses_mntd,,,0.1573181910896962,,
C2D07_hilbert_evi,ses_mpd,,,0.1823757720542802,,
C2D07_hilbert_evi,ses_pd,,,0.1740119341045773,,
C2D07_hilbert_kndvi,dark_n,,,0.3423568928614474,,
C2D07_hilbert_kndvi,hill_q0,,,0.5216661735547617,,
C2D07_hilbert_kndvi,hill_q1,,,0.3724705802202197,,
C2D07_hilbert_kndvi,hill_q2,,,0.3047432401309402,,
C2D07_hilbert_kndvi,lcbd_cover,,,0.2806444307886431,,
C2D07_hilbert_kndvi,lcbd_pa,,,0.4328657551480073,,
C2D07_hilbert_kndvi,mntd,,,0.1833151350371679,,
C2D07_hilbert_kndvi,mpd,,,0.1298375211184016,,
C2D07_hilbert_kndvi,pcoa1_cover,,,0.2973482666988959,,
C2D07_hilbert_kndvi,pcoa1_pa,,,0.5015271686555791,,
C2D07_hilbert_kndvi,pcoa2_cover,,,0.2391092392183847,,
C2D07_hilbert_kndvi,pcoa2_pa,,,0.4240974873608484,,
C2D07_hilbert_kndvi,ses_mntd,,,0.1597681660481385,,
C2D07_hilbert_kndvi,ses_mpd,,,0.1798782988177252,,
C2D07_hilbert_kndvi,ses_pd,,,0.1762732051240532,,
C2D07_hilbert_kndvi_calendar,dark_n,,,0.3400577912855171,,
C2D07_hilbert_kndvi_calendar,hill_q0,,,0.5431203387340413,,
C2D07_hilbert_kndvi_calendar,hill_q1,,,0.3807001380132156,,
C2D07_hilbert_kndvi_calendar,hill_q2,,,0.3153137516344349,,
C2D07_hilbert_kndvi_calendar,lcbd_cover,,,0.3050200035293926,,
C2D07_hilbert_kndvi_calendar,lcbd_pa,,,0.4431443302209651,,
C2D07_hilbert_kndvi_calendar,mntd,,,0.1945455656869383,,
C2D07_hilbert_kndvi_calendar,mpd,,,0.1328481834367127,,
C2D07_hilbert_kndvi_calendar,pcoa1_cover,,,0.2848683289859312,,
C2D07_hilbert_kndvi_calendar,pcoa1_pa,,,0.5083830163762515,,
C2D07_hilbert_kndvi_calendar,pcoa2_cover,,,0.2302346771340672,,
C2D07_hilbert_kndvi_calendar,pcoa2_pa,,,0.4301543645008968,,
C2D07_hilbert_kndvi_calendar,ses_mntd,,,0.1648974841747461,,
C2D07_hilbert_kndvi_calendar,ses_mpd,,,0.1807146497577597,,
C2D07_hilbert_kndvi_calendar,ses_pd,,,0.1840918522752935,,
C2D07_hilbert_kndvi_film,dark_n,,,0.3224370751520242,,
C2D07_hilbert_kndvi_film,hill_q0,,,0.5400489898201415,,
C2D07_hilbert_kndvi_film,hill_q1,,,0.3501434337999056,,
C2D07_hilbert_kndvi_film,hill_q2,,,0.2632382853687886,,
C2D07_hilbert_kndvi_film,lcbd_cover,,,0.2611870161253672,,
C2D07_hilbert_kndvi_film,lcbd_pa,,,0.4055782905857568,,
C2D07_hilbert_kndvi_film,mntd,,,0.1701161138062052,,
C2D07_hilbert_kndvi_film,mpd,,,0.1105418235660231,,
C2D07_hilbert_kndvi_film,pcoa1_cover,,,0.308527525558688,,
C2D07_hilbert_kndvi_film,pcoa1_pa,,,0.4785591179853791,,
C2D07_hilbert_kndvi_film,pcoa2_cover,,,0.2145570481214705,,
C2D07_hilbert_kndvi_film,pcoa2_pa,,,0.3965347808160371,,
C2D07_hilbert_kndvi_film,ses_mntd,,,0.1549556986550273,,
C2D07_hilbert_kndvi_film,ses_mpd,,,0.1936328568842839,,
C2D07_hilbert_kndvi_film,ses_pd,,,0.1789873391858192,,
C2D07_hilbert_kndvi_nglobal,dark_n,,,0.0512815619817433,,
C2D07_hilbert_kndvi_nglobal,hill_q0,,,0.008151872484424,,
C2D07_hilbert_kndvi_nglobal,hill_q1,,,0.0386172311394241,,
C2D07_hilbert_kndvi_nglobal,hill_q2,,,0.0324232380071734,,
C2D07_hilbert_kndvi_nglobal,lcbd_cover,,,0.0180897629545922,,
C2D07_hilbert_kndvi_nglobal,lcbd_pa,,,-0.0095321113603213,,
C2D07_hilbert_kndvi_nglobal,mntd,,,-0.0009922958088412,,
C2D07_hilbert_kndvi_nglobal,mpd,,,0.0509614003747005,,
C2D07_hilbert_kndvi_nglobal,pcoa1_cover,,,-0.0134278065516881,,
C2D07_hilbert_kndvi_nglobal,pcoa1_pa,,,0.1143750814872769,,
C2D07_hilbert_kndvi_nglobal,pcoa2_cover,,,-0.0002224254222069,,
C2D07_hilbert_kndvi_nglobal,pcoa2_pa,,,0.1252189983378262,,
C2D07_hilbert_kndvi_nglobal,ses_mntd,,,0.0303318935210178,,
C2D07_hilbert_kndvi_nglobal,ses_mpd,,,0.0621535149926947,,
C2D07_hilbert_kndvi_nglobal,ses_pd,,,0.0471154586859051,,
C2D07_hilbert_kndvi_none,dark_n,,,0.3083624391220366,,
C2D07_hilbert_kndvi_none,hill_q0,,,0.369438224796506,,
C2D07_hilbert_kndvi_none,hill_q1,,,0.264858965276892,,
C2D07_hilbert_kndvi_none,hill_q2,,,0.2027604957502528,,
C2D07_hilbert_kndvi_none,lcbd_cover,,,0.2718324458679559,,
C2D07_hilbert_kndvi_none,lcbd_pa,,,0.4171392200151644,,
C2D07_hilbert_kndvi_none,mntd,,,0.1332248587831829,,
C2D07_hilbert_kndvi_none,mpd,,,0.1107373037556125,,
C2D07_hilbert_kndvi_none,pcoa1_cover,,,0.1950468107076219,,
C2D07_hilbert_kndvi_none,pcoa1_pa,,,0.4618711317788412,,
C2D07_hilbert_kndvi_none,pcoa2_cover,,,0.2648919624687789,,
C2D07_hilbert_kndvi_none,pcoa2_pa,,,0.4188456377655314,,
C2D07_hilbert_kndvi_none,ses_mntd,,,0.1291332917864836,,
C2D07_hilbert_kndvi_none,ses_mpd,,,0.124886975626283,,
C2D07_hilbert_kndvi_none,ses_pd,,,0.1349963938631471,,
C2D07_hilbert_kndvi_nperSample,dark_n,,,0.344621771762842,,
C2D07_hilbert_kndvi_nperSample,hill_q0,,,0.3996248491036824,,
C2D07_hilbert_kndvi_nperSample,hill_q1,,,0.3185411764434803,,
C2D07_hilbert_kndvi_nperSample,hill_q2,,,0.2743911894051025,,
C2D07_hilbert_kndvi_nperSample,lcbd_cover,,,0.3033359282585903,,
C2D07_hilbert_kndvi_nperSample,lcbd_pa,,,0.4145831931490432,,
C2D07_hilbert_kndvi_nperSample,mntd,,,0.1709203765155364,,
C2D07_hilbert_kndvi_nperSample,mpd,,,0.1069521640901503,,
C2D07_hilbert_kndvi_nperSample,pcoa1_cover,,,0.2865623011654619,,
C2D07_hilbert_kndvi_nperSample,pcoa1_pa,,,0.4411866366375621,,
C2D07_hilbert_kndvi_nperSample,pcoa2_cover,,,0.2353302731864085,,
C2D07_hilbert_kndvi_nperSample,pcoa2_pa,,,0.4056278592809079,,
C2D07_hilbert_kndvi_nperSample,ses_mntd,,,0.1313830384843447,,
C2D07_hilbert_kndvi_nperSample,ses_mpd,,,0.1454916143550021,,
C2D07_hilbert_kndvi_nperSample,ses_pd,,,0.142023254638202,,
C2D07_hilbert_kndvi_patch,dark_n,,,0.3064048455516905,,
C2D07_hilbert_kndvi_patch,hill_q0,,,0.5011498573324763,,
C2D07_hilbert_kndvi_patch,hill_q1,,,0.2838251299637832,,
C2D07_hilbert_kndvi_patch,hill_q2,,,0.2011457218399423,,
C2D07_hilbert_kndvi_patch,lcbd_cover,,,0.2395667136649828,,
C2D07_hilbert_kndvi_patch,lcbd_pa,,,0.3932965550428169,,
C2D07_hilbert_kndvi_patch,mntd,,,0.1413937632262131,,
C2D07_hilbert_kndvi_patch,mpd,,,0.1031805167272205,,
C2D07_hilbert_kndvi_patch,pcoa1_cover,,,0.2504778313239876,,
C2D07_hilbert_kndvi_patch,pcoa1_pa,,,0.4636593803380154,,
C2D07_hilbert_kndvi_patch,pcoa2_cover,,,0.245831419073494,,
C2D07_hilbert_kndvi_patch,pcoa2_pa,,,0.4116671872804041,,
C2D07_hilbert_kndvi_patch,ses_mntd,,,0.1301131882958684,,
C2D07_hilbert_kndvi_patch,ses_mpd,,,0.1384626755589241,,
C2D07_hilbert_kndvi_patch,ses_pd,,,0.1467820961519175,,
C2D07_hilbert_kndvi_wA,dark_n,,,0.3062142255091097,,
C2D07_hilbert_kndvi_wA,hill_q0,,,0.4895441269699012,,
C2D07_hilbert_kndvi_wA,hill_q1,,,0.3549593549315744,,
C2D07_hilbert_kndvi_wA,hill_q2,,,0.290072508628466,,
C2D07_hilbert_kndvi_wA,lcbd_cover,,,0.2858579156211977,,
C2D07_hilbert_kndvi_wA,lcbd_pa,,,0.4305127554150282,,
C2D07_hilbert_kndvi_wA,mntd,,,0.1867276064423069,,
C2D07_hilbert_kndvi_wA,mpd,,,0.1177369453120121,,
C2D07_hilbert_kndvi_wA,pcoa1_cover,,,0.2591148868061795,,
C2D07_hilbert_kndvi_wA,pcoa1_pa,,,0.4984360661950719,,
C2D07_hilbert_kndvi_wA,pcoa2_cover,,,0.2131936021278564,,
C2D07_hilbert_kndvi_wA,pcoa2_pa,,,0.4000717625368538,,
C2D07_hilbert_kndvi_wA,ses_mntd,,,0.1606000569081681,,
C2D07_hilbert_kndvi_wA,ses_mpd,,,0.1701776607491223,,
C2D07_hilbert_kndvi_wA,ses_pd,,,0.1719884481897389,,
C2D07_hilbert_kndvi_wC,dark_n,,,0.3768569227479417,,
C2D07_hilbert_kndvi_wC,hill_q0,,,0.5074337205032805,,
C2D07_hilbert_kndvi_wC,hill_q1,,,0.3659578055509238,,
C2D07_hilbert_kndvi_wC,hill_q2,,,0.2981328108140759,,
C2D07_hilbert_kndvi_wC,lcbd_cover,,,0.3096204455713708,,
C2D07_hilbert_kndvi_wC,lcbd_pa,,,0.4644289455087224,,
C2D07_hilbert_kndvi_wC,mntd,,,0.1617361100203709,,
C2D07_hilbert_kndvi_wC,mpd,,,0.12526570400183,,
C2D07_hilbert_kndvi_wC,pcoa1_cover,,,0.3081294270380891,,
C2D07_hilbert_kndvi_wC,pcoa1_pa,,,0.5083897192544656,,
C2D07_hilbert_kndvi_wC,pcoa2_cover,,,0.2615126382448393,,
C2D07_hilbert_kndvi_wC,pcoa2_pa,,,0.4463272106746223,,
C2D07_hilbert_kndvi_wC,ses_mntd,,,0.1363840163927966,,
C2D07_hilbert_kndvi_wC,ses_mpd,,,0.1676863291398939,,
C2D07_hilbert_kndvi_wC,ses_pd,,,0.1584272765070206,,
C2D07_hilbert_kndvi_wX,dark_n,,,0.3786425352465388,,
C2D07_hilbert_kndvi_wX,hill_q0,,,0.5097884441752454,,
C2D07_hilbert_kndvi_wX,hill_q1,,,0.3525870960271711,,
C2D07_hilbert_kndvi_wX,hill_q2,,,0.3005425183889549,,
C2D07_hilbert_kndvi_wX,lcbd_cover,,,0.2939592430786485,,
C2D07_hilbert_kndvi_wX,lcbd_pa,,,0.4459769661799744,,
C2D07_hilbert_kndvi_wX,mntd,,,0.165861438263508,,
C2D07_hilbert_kndvi_wX,mpd,,,0.0965882371215707,,
C2D07_hilbert_kndvi_wX,pcoa1_cover,,,0.3443054017124504,,
C2D07_hilbert_kndvi_wX,pcoa1_pa,,,0.5068204268959967,,
C2D07_hilbert_kndvi_wX,pcoa2_cover,,,0.2707689087876335,,
C2D07_hilbert_kndvi_wX,pcoa2_pa,,,0.4614356687613617,,
C2D07_hilbert_kndvi_wX,ses_mntd,,,0.1144320615647856,,
C2D07_hilbert_kndvi_wX,ses_mpd,,,0.1383292271025666,,
C2D07_hilbert_kndvi_wX,ses_pd,,,0.1324521378752039,,
C2D07_hilbert_nbr,dark_n,,,0.3167395394784331,,
C2D07_hilbert_nbr,hill_q0,,,0.5690974690311931,,
C2D07_hilbert_nbr,hill_q1,,,0.3661866825484847,,
C2D07_hilbert_nbr,hill_q2,,,0.2839937341910626,,
C2D07_hilbert_nbr,lcbd_cover,,,0.3251765105488983,,
C2D07_hilbert_nbr,lcbd_pa,,,0.4295233271833904,,
C2D07_hilbert_nbr,mntd,,,0.1762572472575025,,
C2D07_hilbert_nbr,mpd,,,0.1348140996711131,,
C2D07_hilbert_nbr,pcoa1_cover,,,0.3301039100470905,,
C2D07_hilbert_nbr,pcoa1_pa,,,0.491228364366149,,
C2D07_hilbert_nbr,pcoa2_cover,,,0.1943720441233332,,
C2D07_hilbert_nbr,pcoa2_pa,,,0.4029640493948387,,
C2D07_hilbert_nbr,ses_mntd,,,0.1468683881028908,,
C2D07_hilbert_nbr,ses_mpd,,,0.1940764153646009,,
C2D07_hilbert_nbr,ses_pd,,,0.1827377267364537,,
C2D07_hilbert_ndvi,dark_n,,,0.3513879977135262,,
C2D07_hilbert_ndvi,hill_q0,,,0.5535906639892091,,
C2D07_hilbert_ndvi,hill_q1,,,0.3573247296545843,,
C2D07_hilbert_ndvi,hill_q2,,,0.2893179090399047,,
C2D07_hilbert_ndvi,lcbd_cover,,,0.2959414663157265,,
C2D07_hilbert_ndvi,lcbd_pa,,,0.4483658109031268,,
C2D07_hilbert_ndvi,mntd,,,0.1810460524810551,,
C2D07_hilbert_ndvi,mpd,,,0.1263603036287408,,
C2D07_hilbert_ndvi,pcoa1_cover,,,0.2829913500957997,,
C2D07_hilbert_ndvi,pcoa1_pa,,,0.495899564898775,,
C2D07_hilbert_ndvi,pcoa2_cover,,,0.2288780209402972,,
C2D07_hilbert_ndvi,pcoa2_pa,,,0.4407052971852848,,
C2D07_hilbert_ndvi,ses_mntd,,,0.1531219879147579,,
C2D07_hilbert_ndvi,ses_mpd,,,0.1729099799125546,,
C2D07_hilbert_ndvi,ses_pd,,,0.1677090841737281,,
C2D07_hilbert_savi,dark_n,,,0.3396595449917067,,
C2D07_hilbert_savi,hill_q0,,,0.5316594213578821,,
C2D07_hilbert_savi,hill_q1,,,0.3169787863995852,,
C2D07_hilbert_savi,hill_q2,,,0.2362834207286303,,
C2D07_hilbert_savi,lcbd_cover,,,0.2981245220992873,,
C2D07_hilbert_savi,lcbd_pa,,,0.4427383857433791,,
C2D07_hilbert_savi,mntd,,,0.1881643989823364,,
C2D07_hilbert_savi,mpd,,,0.1221651569197368,,
C2D07_hilbert_savi,pcoa1_cover,,,0.2736516604962161,,
C2D07_hilbert_savi,pcoa1_pa,,,0.4840466377743991,,
C2D07_hilbert_savi,pcoa2_cover,,,0.1893381899862025,,
C2D07_hilbert_savi,pcoa2_pa,,,0.4178770580428486,,
C2D07_hilbert_savi,ses_mntd,,,0.1570428734168777,,
C2D07_hilbert_savi,ses_mpd,,,0.1658828381182892,,
C2D07_hilbert_savi,ses_pd,,,0.1654985286004826,,
C2D08_cos2d_kndvi,dark_n,,,0.2230230965974616,,
C2D08_cos2d_kndvi,hill_q0,,,0.4239697880280135,,
C2D08_cos2d_kndvi,hill_q1,,,0.189978333869329,,
C2D08_cos2d_kndvi,hill_q2,,,0.1256234881775686,,
C2D08_cos2d_kndvi,lcbd_cover,,,0.1622138048893408,,
C2D08_cos2d_kndvi,lcbd_pa,,,0.3276318757819408,,
C2D08_cos2d_kndvi,mntd,,,0.1468093333996227,,
C2D08_cos2d_kndvi,mpd,,,0.0699046280255666,,
C2D08_cos2d_kndvi,pcoa1_cover,,,0.2019578142631671,,
C2D08_cos2d_kndvi,pcoa1_pa,,,0.3560696573567368,,
C2D08_cos2d_kndvi,pcoa2_cover,,,0.1664359657211782,,
C2D08_cos2d_kndvi,pcoa2_pa,,,0.2359544590130591,,
C2D08_cos2d_kndvi,ses_mntd,,,0.1045484019372915,,
C2D08_cos2d_kndvi,ses_mpd,,,0.0801497087394201,,
C2D08_cos2d_kndvi,ses_pd,,,0.0890303009566814,,
C2D09_spectrogram_kndvi,dark_n,,,0.3176340205945122,,
C2D09_spectrogram_kndvi,hill_q0,,,0.5304302684897402,,
C2D09_spectrogram_kndvi,hill_q1,,,0.3559554200977883,,
C2D09_spectrogram_kndvi,hill_q2,,,0.2935168636166507,,
C2D09_spectrogram_kndvi,lcbd_cover,,,0.2653804047829218,,
C2D09_spectrogram_kndvi,lcbd_pa,,,0.4306038222105573,,
C2D09_spectrogram_kndvi,mntd,,,0.1786319740428381,,
C2D09_spectrogram_kndvi,mpd,,,0.1271183874595289,,
C2D09_spectrogram_kndvi,pcoa1_cover,,,0.2877485305833778,,
C2D09_spectrogram_kndvi,pcoa1_pa,,,0.5014567273745496,,
C2D09_spectrogram_kndvi,pcoa2_cover,,,0.208639258837975,,
C2D09_spectrogram_kndvi,pcoa2_pa,,,0.4015169457027698,,
C2D09_spectrogram_kndvi,ses_mntd,,,0.1562113257423139,,
C2D09_spectrogram_kndvi,ses_mpd,,,0.1721039370562804,,
C2D09_spectrogram_kndvi,ses_pd,,,0.173658510304626,,
C2D10_stack5,dark_n,,,0.2855330943135037,,
C2D10_stack5,mntd,,,0.1758930532033267,,
C2D10_stack5,mpd,,,0.1139315775358632,,
C2D10_stack5,ses_mntd,,,0.1607672691306708,,
C2D10_stack5,ses_mpd,,,0.1660366494652888,,
C2D10_stack5,ses_pd,,,0.1697907028810221,,
C2D11_pxcube_kndvi,dark_n,,,0.2799986250565448,,
C2D11_pxcube_kndvi,mntd,,,0.1811260800104533,,
C2D11_pxcube_kndvi,mpd,,,0.1244892818776058,,
C2D11_pxcube_kndvi,ses_mntd,,,0.1647491682375828,,
C2D11_pxcube_kndvi,ses_mpd,,,0.166800985889956,,
C2D11_pxcube_kndvi,ses_pd,,,0.167617949731596,,
MLP01_lsp_evi,dark_n,,,0.3092426744751415,,
MLP01_lsp_evi,hill_q0,,,0.5405658553063902,,
MLP01_lsp_evi,hill_q1,,,0.3311454824288661,,
MLP01_lsp_evi,hill_q2,,,0.2602465178817827,,
MLP01_lsp_evi,lcbd_cover,,,0.2759862392643532,,
MLP01_lsp_evi,lcbd_pa,,,0.4034843577661902,,
MLP01_lsp_evi,mntd,,,0.1572755837817141,,
MLP01_lsp_evi,mpd,,,0.1120586241802283,,
MLP01_lsp_evi,pcoa1_cover,,,0.2854852640665854,,
MLP01_lsp_evi,pcoa1_pa,,,0.4570486958125513,,
MLP01_lsp_evi,pcoa2_cover,,,0.1869650137091884,,
MLP01_lsp_evi,pcoa2_pa,,,0.3837349098270255,,
MLP01_lsp_evi,ses_mntd,,,0.1369522827490623,,
MLP01_lsp_evi,ses_mpd,,,0.155327686695267,,
MLP01_lsp_evi,ses_pd,,,0.1475461032728585,,
MLP01_lsp_kndvi,dark_n,,,0.3267348727002487,,
MLP01_lsp_kndvi,hill_q0,,,0.5631139617491883,,
MLP01_lsp_kndvi,hill_q1,,,0.3617654206322736,,
MLP01_lsp_kndvi,hill_q2,,,0.2786566344364113,,
MLP01_lsp_kndvi,lcbd_cover,,,0.2710923866182896,,
MLP01_lsp_kndvi,lcbd_pa,,,0.4146394701368014,,
MLP01_lsp_kndvi,mntd,,,0.1613126695755675,,
MLP01_lsp_kndvi,mpd,,,0.1146169696841039,,
MLP01_lsp_kndvi,pcoa1_cover,,,0.3220798663717998,,
MLP01_lsp_kndvi,pcoa1_pa,,,0.4941128784336908,,
MLP01_lsp_kndvi,pcoa2_cover,,,0.1899685342376328,,
MLP01_lsp_kndvi,pcoa2_pa,,,0.4127939130804809,,
MLP01_lsp_kndvi,ses_mntd,,,0.1188972222599516,,
MLP01_lsp_kndvi,ses_mpd,,,0.1599209791272833,,
MLP01_lsp_kndvi,ses_pd,,,0.1522221779728261,,
MLP01_lsp_nbr,dark_n,,,0.3230681662738008,,
MLP01_lsp_nbr,hill_q0,,,0.5860275637264398,,
MLP01_lsp_nbr,hill_q1,,,0.3594750012393639,,
MLP01_lsp_nbr,hill_q2,,,0.2603255793388871,,
MLP01_lsp_nbr,lcbd_cover,,,0.2886516128764667,,
MLP01_lsp_nbr,lcbd_pa,,,0.419479630447299,,
MLP01_lsp_nbr,mntd,,,0.1880474873465178,,
MLP01_lsp_nbr,mpd,,,0.1317169023393512,,
MLP01_lsp_nbr,pcoa1_cover,,,0.3458245053010566,,
MLP01_lsp_nbr,pcoa1_pa,,,0.4997093388994103,,
MLP01_lsp_nbr,pcoa2_cover,,,0.2043269222064017,,
MLP01_lsp_nbr,pcoa2_pa,,,0.3942906860537241,,
MLP01_lsp_nbr,ses_mntd,,,0.1611234258456927,,
MLP01_lsp_nbr,ses_mpd,,,0.2051058073996378,,
MLP01_lsp_nbr,ses_pd,,,0.1937286257586016,,
MLP01_lsp_ndvi,dark_n,,,0.3204227826907743,,
MLP01_lsp_ndvi,hill_q0,,,0.5741793172144285,,
MLP01_lsp_ndvi,hill_q1,,,0.368224312712264,,
MLP01_lsp_ndvi,hill_q2,,,0.278694314153287,,
MLP01_lsp_ndvi,lcbd_cover,,,0.2701823344547128,,
MLP01_lsp_ndvi,lcbd_pa,,,0.3912204447682355,,
MLP01_lsp_ndvi,mntd,,,0.1783179960310168,,
MLP01_lsp_ndvi,mpd,,,0.1178862012720125,,
MLP01_lsp_ndvi,pcoa1_cover,,,0.3189546816963751,,
MLP01_lsp_ndvi,pcoa1_pa,,,0.4919885056572011,,
MLP01_lsp_ndvi,pcoa2_cover,,,0.1680900088236096,,
MLP01_lsp_ndvi,pcoa2_pa,,,0.3935921181150099,,
MLP01_lsp_ndvi,ses_mntd,,,0.1304008190954166,,
MLP01_lsp_ndvi,ses_mpd,,,0.1566234472478607,,
MLP01_lsp_ndvi,ses_pd,,,0.1573919529398172,,
MLP01_lsp_savi,dark_n,,,0.3065987885345656,,
MLP01_lsp_savi,hill_q0,,,0.5588937993633007,,
MLP01_lsp_savi,hill_q1,,,0.3564075491134357,,
MLP01_lsp_savi,hill_q2,,,0.2830188390950807,,
MLP01_lsp_savi,lcbd_cover,,,0.286707556897037,,
MLP01_lsp_savi,lcbd_pa,,,0.4000391960025131,,
MLP01_lsp_savi,mntd,,,0.1544867011573935,,
MLP01_lsp_savi,mpd,,,0.110658357136671,,
MLP01_lsp_savi,pcoa1_cover,,,0.2778953989526077,,
MLP01_lsp_savi,pcoa1_pa,,,0.4571425038276531,,
MLP01_lsp_savi,pcoa2_cover,,,0.2121172979679373,,
MLP01_lsp_savi,pcoa2_pa,,,0.3853772650328292,,
MLP01_lsp_savi,ses_mntd,,,0.1189968520671194,,
MLP01_lsp_savi,ses_mpd,,,0.1451872039910569,,
MLP01_lsp_savi,ses_pd,,,0.1304054344616566,,
MLP02_curve_evi,dark_n,,,0.3433361292927239,,
MLP02_curve_evi,hill_q0,,,0.5703488013594105,,
MLP02_curve_evi,hill_q1,,,0.3730127601156143,,
MLP02_curve_evi,hill_q2,,,0.2831609310299359,,
MLP02_curve_evi,lcbd_cover,,,0.3296229949143994,,
MLP02_curve_evi,lcbd_pa,,,0.4584221094684064,,
MLP02_curve_evi,mntd,,,0.1840212147866774,,
MLP02_curve_evi,mpd,,,0.1222604682346087,,
MLP02_curve_evi,pcoa1_cover,,,0.3477048578581674,,
MLP02_curve_evi,pcoa1_pa,,,0.5019716986283176,,
MLP02_curve_evi,pcoa2_cover,,,0.2225692267377899,,
MLP02_curve_evi,pcoa2_pa,,,0.4446313812708999,,
MLP02_curve_evi,ses_mntd,,,0.1546925235362216,,
MLP02_curve_evi,ses_mpd,,,0.1774359784380285,,
MLP02_curve_evi,ses_pd,,,0.1731788148424048,,
MLP02_curve_kndvi,dark_n,,,0.3799697629128474,,
MLP02_curve_kndvi,mntd,,,0.1645273442637048,,
MLP02_curve_kndvi,mpd,,,0.1250631352136449,,
MLP02_curve_kndvi,ses_mntd,,,0.1448672294503235,,
MLP02_curve_kndvi,ses_mpd,,,0.1932147474410035,,
MLP02_curve_kndvi,ses_pd,,,0.1684847912443987,,
MLP02_curve_nbr,dark_n,,,0.3518475487758561,,
MLP02_curve_nbr,hill_q0,,,0.5632726225275122,,
MLP02_curve_nbr,hill_q1,,,0.3639675342930765,,
MLP02_curve_nbr,hill_q2,,,0.2919195143036387,,
MLP02_curve_nbr,lcbd_cover,,,0.3378036403880236,,
MLP02_curve_nbr,lcbd_pa,,,0.4566873260979758,,
MLP02_curve_nbr,mntd,,,0.1863467221213288,,
MLP02_curve_nbr,mpd,,,0.1306736670370541,,
MLP02_curve_nbr,pcoa1_cover,,,0.3621444520214298,,
MLP02_curve_nbr,pcoa1_pa,,,0.5278685889012411,,
MLP02_curve_nbr,pcoa2_cover,,,0.2236253607280562,,
MLP02_curve_nbr,pcoa2_pa,,,0.4364233561133788,,
MLP02_curve_nbr,ses_mntd,,,0.1497130218454053,,
MLP02_curve_nbr,ses_mpd,,,0.2032002683365414,,
MLP02_curve_nbr,ses_pd,,,0.1819851066072463,,
MLP02_curve_ndvi,dark_n,,,0.3632458172521021,,
MLP02_curve_ndvi,hill_q0,,,0.5678316080729408,,
MLP02_curve_ndvi,hill_q1,,,0.4052028600012158,,
MLP02_curve_ndvi,hill_q2,,,0.3321751855050215,,
MLP02_curve_ndvi,lcbd_cover,,,0.3271744137400721,,
MLP02_curve_ndvi,lcbd_pa,,,0.4558287322055466,,
MLP02_curve_ndvi,mntd,,,0.1795494812360824,,
MLP02_curve_ndvi,mpd,,,0.1279209189569689,,
MLP02_curve_ndvi,pcoa1_cover,,,0.3265859302184747,,
MLP02_curve_ndvi,pcoa1_pa,,,0.5131303548120879,,
MLP02_curve_ndvi,pcoa2_cover,,,0.2387523551406637,,
MLP02_curve_ndvi,pcoa2_pa,,,0.4701198802097284,,
MLP02_curve_ndvi,ses_mntd,,,0.1585738900123404,,
MLP02_curve_ndvi,ses_mpd,,,0.1999351796950646,,
MLP02_curve_ndvi,ses_pd,,,0.1793543678823028,,
MLP02_curve_savi,dark_n,,,0.3723395181738491,,
MLP02_curve_savi,hill_q0,,,0.5619517902209777,,
MLP02_curve_savi,hill_q1,,,0.355703840955704,,
MLP02_curve_savi,hill_q2,,,0.2707204009925076,,
MLP02_curve_savi,lcbd_cover,,,0.3173348346878263,,
MLP02_curve_savi,lcbd_pa,,,0.4456249447516274,,
MLP02_curve_savi,mntd,,,0.1940940997854761,,
MLP02_curve_savi,mpd,,,0.1197954420371556,,
MLP02_curve_savi,pcoa1_cover,,,0.3344242148561502,,
MLP02_curve_savi,pcoa1_pa,,,0.4938404907855005,,
MLP02_curve_savi,pcoa2_cover,,,0.1987241921824145,,
MLP02_curve_savi,pcoa2_pa,,,0.4379700962960102,,
MLP02_curve_savi,ses_mntd,,,0.1602511678682406,,
MLP02_curve_savi,ses_mpd,,,0.1641352165138526,,
MLP02_curve_savi,ses_pd,,,0.165823417742441,,
MLP03_lsp-curve-qc_kndvi,dark_n,,,0.3559851908532828,,
MLP03_lsp-curve-qc_kndvi,hill_q0,,,0.5729144755904121,,
MLP03_lsp-curve-qc_kndvi,hill_q1,,,0.4021585542664028,,
MLP03_lsp-curve-qc_kndvi,hill_q2,,,0.3112834516580614,,
MLP03_lsp-curve-qc_kndvi,lcbd_cover,,,0.3275894692120079,,
MLP03_lsp-curve-qc_kndvi,lcbd_pa,,,0.4351087055963589,,
MLP03_lsp-curve-qc_kndvi,mntd,,,0.1722256049463766,,
MLP03_lsp-curve-qc_kndvi,mpd,,,0.1260891286988386,,
MLP03_lsp-curve-qc_kndvi,pcoa1_cover,,,0.3730521834385673,,
MLP03_lsp-curve-qc_kndvi,pcoa1_pa,,,0.5169190087023673,,
MLP03_lsp-curve-qc_kndvi,pcoa2_cover,,,0.2433550187205788,,
MLP03_lsp-curve-qc_kndvi,pcoa2_pa,,,0.4521077274293372,,
MLP03_lsp-curve-qc_kndvi,ses_mntd,,,0.1238330783882529,,
MLP03_lsp-curve-qc_kndvi,ses_mpd,,,0.1639629144159728,,
MLP03_lsp-curve-qc_kndvi,ses_pd,,,0.1512639171632371,,
MLP04_curve_all,dark_n,,,0.3546645747843485,,
MLP04_curve_all,hill_q0,,,0.5157358168772737,,
MLP04_curve_all,hill_q1,,,0.4003434576797022,,
MLP04_curve_all,hill_q2,,,0.3075315268536571,,
MLP04_curve_all,lcbd_cover,,,0.3467706950049833,,
MLP04_curve_all,lcbd_pa,,,0.4743661474376279,,
MLP04_curve_all,mntd,,,0.1922477920224703,,
MLP04_curve_all,mpd,,,0.1317092501348616,,
MLP04_curve_all,pcoa1_cover,,,0.331594687713578,,
MLP04_curve_all,pcoa1_pa,,,0.5394882837305874,,
MLP04_curve_all,pcoa2_cover,,,0.2397267152983664,,
MLP04_curve_all,pcoa2_pa,,,0.4589951239044922,,
MLP04_curve_all,ses_mntd,,,0.1651703166063785,,
MLP04_curve_all,ses_mpd,,,0.1882306962425366,,
MLP04_curve_all,ses_pd,,,0.1818043205356398,,
MLP05a_curve_kndvi,dark_n,,,0.3618905093160459,,
MLP05a_curve_kndvi,hill_q0,,,0.5382958779212551,,
MLP05a_curve_kndvi,hill_q1,,,0.4009462480823101,,
MLP05a_curve_kndvi,hill_q2,,,0.3325474764504266,,
MLP05a_curve_kndvi,lcbd_cover,,,0.3375262684294466,,
MLP05a_curve_kndvi,lcbd_pa,,,0.4523170977533668,,
MLP05a_curve_kndvi,mntd,,,0.166621587758747,,
MLP05a_curve_kndvi,mpd,,,0.1267330864258453,,
MLP05a_curve_kndvi,pcoa1_cover,,,0.3296803083997987,,
MLP05a_curve_kndvi,pcoa1_pa,,,0.5260629953035743,,
MLP05a_curve_kndvi,pcoa2_cover,,,0.2453347266080593,,
MLP05a_curve_kndvi,pcoa2_pa,,,0.445560631581907,,
MLP05a_curve_kndvi,ses_mntd,,,0.1531270428576671,,
MLP05a_curve_kndvi,ses_mpd,,,0.1946191288127449,,
MLP05a_curve_kndvi,ses_pd,,,0.1747984192680222,,
MLP05c_curve_kndvi,dark_n,,,0.3832887430940768,,
MLP05c_curve_kndvi,hill_q0,,,0.5739402607481962,,
MLP05c_curve_kndvi,hill_q1,,,0.4037984594880499,,
MLP05c_curve_kndvi,hill_q2,,,0.3470640799673376,,
MLP05c_curve_kndvi,lcbd_cover,,,0.3370778166695489,,
MLP05c_curve_kndvi,lcbd_pa,,,0.4589953712781613,,
MLP05c_curve_kndvi,mntd,,,0.1773611797905865,,
MLP05c_curve_kndvi,mpd,,,0.1241176946671903,,
MLP05c_curve_kndvi,pcoa1_cover,,,0.3541131603059426,,
MLP05c_curve_kndvi,pcoa1_pa,,,0.5332853417620461,,
MLP05c_curve_kndvi,pcoa2_cover,,,0.2488350095812185,,
MLP05c_curve_kndvi,pcoa2_pa,,,0.4554024968595951,,
MLP05c_curve_kndvi,ses_mntd,,,0.1496162560542584,,
MLP05c_curve_kndvi,ses_mpd,,,0.1835492104258488,,
MLP05c_curve_kndvi,ses_pd,,,0.1647867732871129,,
MLP06_curve_kndvi,dark_n,,,0.4142288840713733,,
MLP06_curve_kndvi,hill_q0,,,0.612672033862664,,
MLP06_curve_kndvi,hill_q1,,,0.4605567220492374,,
MLP06_curve_kndvi,hill_q2,,,0.4077962069598988,,
MLP06_curve_kndvi,lcbd_cover,,,0.370167157213671,,
MLP06_curve_kndvi,lcbd_pa,,,0.4596928981954424,,
MLP06_curve_kndvi,mntd,,,0.1964167615398467,,
MLP06_curve_kndvi,mpd,,,0.1429424051738566,,
MLP06_curve_kndvi,pcoa1_cover,,,0.386377862057866,,
MLP06_curve_kndvi,pcoa1_pa,,,0.5386377164006921,,
MLP06_curve_kndvi,pcoa2_cover,,,0.2794154742934224,,
MLP06_curve_kndvi,pcoa2_pa,,,0.4932701308121007,,
MLP06_curve_kndvi,ses_mntd,,,0.1532519872709173,,
MLP06_curve_kndvi,ses_mpd,,,0.2104190382121276,,
MLP06_curve_kndvi,ses_pd,,,0.1886060905312157,,
MLP07_curve_all,dark_n,,,0.3941675199001432,,
MLP07_curve_all,hill_q0,,,0.5573936946954752,,
MLP07_curve_all,hill_q1,,,0.4463398889372061,,
MLP07_curve_all,hill_q2,,,0.381686381269076,,
MLP07_curve_all,lcbd_cover,,,0.3762776640560077,,
MLP07_curve_all,lcbd_pa,,,0.4866088997940687,,
MLP07_curve_all,mntd,,,0.2046605632277739,,
MLP07_curve_all,mpd,,,0.1383020124796306,,
MLP07_curve_all,pcoa1_cover,,,0.3549510477599114,,
MLP07_curve_all,pcoa1_pa,,,0.5363533183045822,,
MLP07_curve_all,pcoa2_cover,,,0.2611880697392411,,
MLP07_curve_all,pcoa2_pa,,,0.4866473155326895,,
MLP07_curve_all,ses_mntd,,,0.1564721829285792,,
MLP07_curve_all,ses_mpd,,,0.1855080886045896,,
MLP07_curve_all,ses_pd,,,0.1800993307747377,,
RF01_lsp-topo-area_evi,dark_n,,,0.3557241305226857,,
RF01_lsp-topo-area_evi,mntd,,,0.1667066990773059,,
RF01_lsp-topo-area_evi,mpd,,,0.106243938994718,,
RF01_lsp-topo-area_evi,ses_mntd,,,0.1559556792731524,,
RF01_lsp-topo-area_evi,ses_mpd,,,0.1588628477822181,,
RF01_lsp-topo-area_evi,ses_pd,,,0.1580374534532843,,
RF01_lsp-topo-area_kndvi,dark_n,,,0.3883186960047728,,
RF01_lsp-topo-area_kndvi,mntd,,,0.1884106409608507,,
RF01_lsp-topo-area_kndvi,mpd,,,0.1440026984547017,,
RF01_lsp-topo-area_kndvi,ses_mntd,,,0.1576482607827528,,
RF01_lsp-topo-area_kndvi,ses_mpd,,,0.1959778905403288,,
RF01_lsp-topo-area_kndvi,ses_pd,,,0.1848558636345796,,
RF01_lsp-topo-area_nbr,dark_n,,,0.3634800652929279,,
RF01_lsp-topo-area_nbr,mntd,,,0.1553886627030501,,
RF01_lsp-topo-area_nbr,mpd,,,0.1260592118158473,,
RF01_lsp-topo-area_nbr,ses_mntd,,,0.1725320815920872,,
RF01_lsp-topo-area_nbr,ses_mpd,,,0.1930242423574882,,
RF01_lsp-topo-area_nbr,ses_pd,,,0.1931825318348392,,
RF01_lsp-topo-area_ndvi,dark_n,,,0.3905020015516811,,
RF01_lsp-topo-area_ndvi,mntd,,,0.1940249296442383,,
RF01_lsp-topo-area_ndvi,mpd,,,0.1442088966924778,,
RF01_lsp-topo-area_ndvi,ses_mntd,,,0.1551017676005559,,
RF01_lsp-topo-area_ndvi,ses_mpd,,,0.1832740511169797,,
RF01_lsp-topo-area_ndvi,ses_pd,,,0.1794460452676549,,
RF01_lsp-topo-area_savi,dark_n,,,0.3663253507883908,,
RF01_lsp-topo-area_savi,mntd,,,0.1840792693726179,,
RF01_lsp-topo-area_savi,mpd,,,0.1115003168858418,,
RF01_lsp-topo-area_savi,ses_mntd,,,0.1677865113099978,,
RF01_lsp-topo-area_savi,ses_mpd,,,0.1685545300833169,,
RF01_lsp-topo-area_savi,ses_pd,,,0.1706969283464567,,
RF02_lsp-qc-topo-area_evi,dark_n,,,0.356763711622508,,
RF02_lsp-qc-topo-area_evi,hill_q0,,,0.5923630444669922,,
RF02_lsp-qc-topo-area_evi,hill_q1,,,0.3125821932335194,,
RF02_lsp-qc-topo-area_evi,hill_q2,,,0.2280396926848447,,
RF02_lsp-qc-topo-area_evi,lcbd_cover,,,0.3055222595964602,,
RF02_lsp-qc-topo-area_evi,lcbd_pa,,,0.4674261397325643,,
RF02_lsp-qc-topo-area_evi,mntd,,,0.1649084065699541,,
RF02_lsp-qc-topo-area_evi,mpd,,,0.1039375005796527,,
RF02_lsp-qc-topo-area_evi,pcoa1_cover,,,0.3675781405764313,,
RF02_lsp-qc-topo-area_evi,pcoa1_pa,,,0.5502760429222769,,
RF02_lsp-qc-topo-area_evi,pcoa2_cover,,,0.2731736299326873,,
RF02_lsp-qc-topo-area_evi,pcoa2_pa,,,0.4345382793509171,,
RF02_lsp-qc-topo-area_evi,ses_mntd,,,0.1563653859522877,,
RF02_lsp-qc-topo-area_evi,ses_mpd,,,0.1600864821364348,,
RF02_lsp-qc-topo-area_evi,ses_pd,,,0.1605609696871663,,
RF02_lsp-qc-topo-area_kndvi,dark_n,,,0.3875377450473568,,
RF02_lsp-qc-topo-area_kndvi,hill_q0,,,0.6081548524419323,,
RF02_lsp-qc-topo-area_kndvi,hill_q1,,,0.3678427465243447,,
RF02_lsp-qc-topo-area_kndvi,hill_q2,,,0.28928543070649,,
RF02_lsp-qc-topo-area_kndvi,lcbd_cover,,,0.2932783251654416,,
RF02_lsp-qc-topo-area_kndvi,lcbd_pa,,,0.4790913854916605,,
RF02_lsp-qc-topo-area_kndvi,mntd,,,0.187256191309668,,
RF02_lsp-qc-topo-area_kndvi,mpd,,,0.1518707559385622,,
RF02_lsp-qc-topo-area_kndvi,pcoa1_cover,,,0.3613512194498908,,
RF02_lsp-qc-topo-area_kndvi,pcoa1_pa,,,0.5615199911006714,,
RF02_lsp-qc-topo-area_kndvi,pcoa2_cover,,,0.3280544060712513,,
RF02_lsp-qc-topo-area_kndvi,pcoa2_pa,,,0.486238756977743,,
RF02_lsp-qc-topo-area_kndvi,ses_mntd,,,0.1652263525831787,,
RF02_lsp-qc-topo-area_kndvi,ses_mpd,,,0.2021566771654246,,
RF02_lsp-qc-topo-area_kndvi,ses_pd,,,0.1937197187803664,,
RF02_lsp-qc-topo-area_nbr,dark_n,,,0.3610344395985136,,
RF02_lsp-qc-topo-area_nbr,hill_q0,,,0.6389252698561266,,
RF02_lsp-qc-topo-area_nbr,hill_q1,,,0.3680647157370691,,
RF02_lsp-qc-topo-area_nbr,hill_q2,,,0.2745780915890455,,
RF02_lsp-qc-topo-area_nbr,lcbd_cover,,,0.3103040642904632,,
RF02_lsp-qc-topo-area_nbr,lcbd_pa,,,0.4776426031073768,,
RF02_lsp-qc-topo-area_nbr,mntd,,,0.1524431037452186,,
RF02_lsp-qc-topo-area_nbr,mpd,,,0.1212658423761805,,
RF02_lsp-qc-topo-area_nbr,pcoa1_cover,,,0.3835511311295589,,
RF02_lsp-qc-topo-area_nbr,pcoa1_pa,,,0.5532632959875533,,
RF02_lsp-qc-topo-area_nbr,pcoa2_cover,,,0.2600999347625698,,
RF02_lsp-qc-topo-area_nbr,pcoa2_pa,,,0.4767493431899209,,
RF02_lsp-qc-topo-area_nbr,ses_mntd,,,0.1675268214373493,,
RF02_lsp-qc-topo-area_nbr,ses_mpd,,,0.1916208791458646,,
RF02_lsp-qc-topo-area_nbr,ses_pd,,,0.1893276951788861,,
RF02_lsp-qc-topo-area_ndvi,dark_n,,,0.3911282628174589,,
RF02_lsp-qc-topo-area_ndvi,hill_q0,,,0.6037330464767982,,
RF02_lsp-qc-topo-area_ndvi,hill_q1,,,0.3541240976087242,,
RF02_lsp-qc-topo-area_ndvi,hill_q2,,,0.2833328454944543,,
RF02_lsp-qc-topo-area_ndvi,lcbd_cover,,,0.2963078475583408,,
RF02_lsp-qc-topo-area_ndvi,lcbd_pa,,,0.4772938164591846,,
RF02_lsp-qc-topo-area_ndvi,mntd,,,0.1934294399562015,,
RF02_lsp-qc-topo-area_ndvi,mpd,,,0.1343217522834193,,
RF02_lsp-qc-topo-area_ndvi,pcoa1_cover,,,0.3580300776656147,,
RF02_lsp-qc-topo-area_ndvi,pcoa1_pa,,,0.551973806939106,,
RF02_lsp-qc-topo-area_ndvi,pcoa2_cover,,,0.3219443599860366,,
RF02_lsp-qc-topo-area_ndvi,pcoa2_pa,,,0.4662077844699709,,
RF02_lsp-qc-topo-area_ndvi,ses_mntd,,,0.1638322988946996,,
RF02_lsp-qc-topo-area_ndvi,ses_mpd,,,0.1829270043904957,,
RF02_lsp-qc-topo-area_ndvi,ses_pd,,,0.1790107000258506,,
RF02_lsp-qc-topo-area_savi,dark_n,,,0.3631588813218847,,
RF02_lsp-qc-topo-area_savi,hill_q0,,,0.5890252024814683,,
RF02_lsp-qc-topo-area_savi,hill_q1,,,0.3053172975948627,,
RF02_lsp-qc-topo-area_savi,hill_q2,,,0.229614403863327,,
RF02_lsp-qc-topo-area_savi,lcbd_cover,,,0.2979675510191706,,
RF02_lsp-qc-topo-area_savi,lcbd_pa,,,0.4626200726949561,,
RF02_lsp-qc-topo-area_savi,mntd,,,0.183473964913066,,
RF02_lsp-qc-topo-area_savi,mpd,,,0.1062430370856317,,
RF02_lsp-qc-topo-area_savi,pcoa1_cover,,,0.357956036403056,,
RF02_lsp-qc-topo-area_savi,pcoa1_pa,,,0.5538060929994427,,
RF02_lsp-qc-topo-area_savi,pcoa2_cover,,,0.2765227256346205,,
RF02_lsp-qc-topo-area_savi,pcoa2_pa,,,0.4341842571703679,,
RF02_lsp-qc-topo-area_savi,ses_mntd,,,0.1712616056430031,,
RF02_lsp-qc-topo-area_savi,ses_mpd,,,0.1684830838079713,,
RF02_lsp-qc-topo-area_savi,ses_pd,,,0.1651459363381975,,
RF03_curve-topo-area_evi,dark_n,,,0.3768252927494211,,
RF03_curve-topo-area_evi,mntd,,,0.1636283894518101,,
RF03_curve-topo-area_evi,mpd,,,0.1037580162679731,,
RF03_curve-topo-area_evi,ses_mntd,,,0.1607200000511338,,
RF03_curve-topo-area_evi,ses_mpd,,,0.1790991398919083,,
RF03_curve-topo-area_evi,ses_pd,,,0.1784976533637758,,
RF03_curve-topo-area_kndvi,dark_n,,,0.3730756024339905,,
RF03_curve-topo-area_kndvi,mntd,,,0.1787198041198676,,
RF03_curve-topo-area_kndvi,mpd,,,0.1286990138603054,,
RF03_curve-topo-area_kndvi,ses_mntd,,,0.1613486877570843,,
RF03_curve-topo-area_kndvi,ses_mpd,,,0.2046895685748471,,
RF03_curve-topo-area_kndvi,ses_pd,,,0.1962284161844443,,
RF03_curve-topo-area_nbr,dark_n,,,0.374927499157994,,
RF03_curve-topo-area_nbr,mntd,,,0.1232034802780171,,
RF03_curve-topo-area_nbr,mpd,,,0.1018847180545587,,
RF03_curve-topo-area_nbr,ses_mntd,,,0.1232349095123881,,
RF03_curve-topo-area_nbr,ses_mpd,,,0.1791893877592867,,
RF03_curve-topo-area_nbr,ses_pd,,,0.1687281343239278,,
RF03_curve-topo-area_ndvi,dark_n,,,0.3651927831362602,,
RF03_curve-topo-area_ndvi,mntd,,,0.1722718280133355,,
RF03_curve-topo-area_ndvi,mpd,,,0.1307128165068559,,
RF03_curve-topo-area_ndvi,ses_mntd,,,0.1603918370753139,,
RF03_curve-topo-area_ndvi,ses_mpd,,,0.2043367100611487,,
RF03_curve-topo-area_ndvi,ses_pd,,,0.1985333510412785,,
RF03_curve-topo-area_savi,dark_n,,,0.3744695066821449,,
RF03_curve-topo-area_savi,mntd,,,0.1742026364622011,,
RF03_curve-topo-area_savi,mpd,,,0.1029630410303541,,
RF03_curve-topo-area_savi,ses_mntd,,,0.1684468074695867,,
RF03_curve-topo-area_savi,ses_mpd,,,0.1845983137370374,,
RF03_curve-topo-area_savi,ses_pd,,,0.1919117561872432,,
RF04_lsp-curve-topo-area_evi,dark_n,,,0.372637509984965,,
RF04_lsp-curve-topo-area_evi,hill_q0,,,0.6278354121565544,,
RF04_lsp-curve-topo-area_evi,hill_q1,,,0.3758056733372427,,
RF04_lsp-curve-topo-area_evi,hill_q2,,,0.2891453179064613,,
RF04_lsp-curve-topo-area_evi,lcbd_cover,,,0.3104318978679192,,
RF04_lsp-curve-topo-area_evi,lcbd_pa,,,0.4915019668945783,,
RF04_lsp-curve-topo-area_evi,mntd,,,0.1584170282095624,,
RF04_lsp-curve-topo-area_evi,mpd,,,0.1014723424464934,,
RF04_lsp-curve-topo-area_evi,pcoa1_cover,,,0.3891577952043382,,
RF04_lsp-curve-topo-area_evi,pcoa1_pa,,,0.5710437021607081,,
RF04_lsp-curve-topo-area_evi,pcoa2_cover,,,0.2998004241274306,,
RF04_lsp-curve-topo-area_evi,pcoa2_pa,,,0.4572102554706734,,
RF04_lsp-curve-topo-area_evi,ses_mntd,,,0.1571137401770096,,
RF04_lsp-curve-topo-area_evi,ses_mpd,,,0.1778722766288475,,
RF04_lsp-curve-topo-area_evi,ses_pd,,,0.1767414916243156,,
RF04_lsp-curve-topo-area_kndvi,dark_n,,,0.3830182708199269,,
RF04_lsp-curve-topo-area_kndvi,hill_q0,,,0.5954072727308156,,
RF04_lsp-curve-topo-area_kndvi,hill_q1,,,0.4043350525442593,,
RF04_lsp-curve-topo-area_kndvi,hill_q2,,,0.3219014199316324,,
RF04_lsp-curve-topo-area_kndvi,lcbd_cover,,,0.2899496119623572,,
RF04_lsp-curve-topo-area_kndvi,lcbd_pa,,,0.4839572390402456,,
RF04_lsp-curve-topo-area_kndvi,mntd,,,0.1722819227271508,,
RF04_lsp-curve-topo-area_kndvi,mpd,,,0.1511834877233152,,
RF04_lsp-curve-topo-area_kndvi,pcoa1_cover,,,0.3576247848081466,,
RF04_lsp-curve-topo-area_kndvi,pcoa1_pa,,,0.5528463454048578,,
RF04_lsp-curve-topo-area_kndvi,pcoa2_cover,,,0.3267419148517346,,
RF04_lsp-curve-topo-area_kndvi,pcoa2_pa,,,0.4874138151927735,,
RF04_lsp-curve-topo-area_kndvi,ses_mntd,,,0.1599241988792782,,
RF04_lsp-curve-topo-area_kndvi,ses_mpd,,,0.2086923706118229,,
RF04_lsp-curve-topo-area_kndvi,ses_pd,,,0.2000697622926214,,
RF04_lsp-curve-topo-area_nbr,dark_n,,,0.3698184877751626,,
RF04_lsp-curve-topo-area_nbr,hill_q0,,,0.6527031322608142,,
RF04_lsp-curve-topo-area_nbr,hill_q1,,,0.3799757278852452,,
RF04_lsp-curve-topo-area_nbr,hill_q2,,,0.2735353196834161,,
RF04_lsp-curve-topo-area_nbr,lcbd_cover,,,0.3088861439718801,,
RF04_lsp-curve-topo-area_nbr,lcbd_pa,,,0.4636144128976725,,
RF04_lsp-curve-topo-area_nbr,mntd,,,0.1234116106762727,,
RF04_lsp-curve-topo-area_nbr,mpd,,,0.1129707825742407,,
RF04_lsp-curve-topo-area_nbr,pcoa1_cover,,,0.3931497406810845,,
RF04_lsp-curve-topo-area_nbr,pcoa1_pa,,,0.5539079425263495,,
RF04_lsp-curve-topo-area_nbr,pcoa2_cover,,,0.2837903777168173,,
RF04_lsp-curve-topo-area_nbr,pcoa2_pa,,,0.4737022651553193,,
RF04_lsp-curve-topo-area_nbr,ses_mntd,,,0.145843454048537,,
RF04_lsp-curve-topo-area_nbr,ses_mpd,,,0.1869792926142302,,
RF04_lsp-curve-topo-area_nbr,ses_pd,,,0.1774692390896764,,
RF04_lsp-curve-topo-area_ndvi,dark_n,,,0.3852139854847736,,
RF04_lsp-curve-topo-area_ndvi,hill_q0,,,0.5898824727137612,,
RF04_lsp-curve-topo-area_ndvi,hill_q1,,,0.3935012758369784,,
RF04_lsp-curve-topo-area_ndvi,hill_q2,,,0.3101758278007778,,
RF04_lsp-curve-topo-area_ndvi,lcbd_cover,,,0.2907143728041166,,
RF04_lsp-curve-topo-area_ndvi,lcbd_pa,,,0.477048718143076,,
RF04_lsp-curve-topo-area_ndvi,mntd,,,0.1809567980868167,,
RF04_lsp-curve-topo-area_ndvi,mpd,,,0.1590959353023724,,
RF04_lsp-curve-topo-area_ndvi,pcoa1_cover,,,0.3570640164819318,,
RF04_lsp-curve-topo-area_ndvi,pcoa1_pa,,,0.5482569487116615,,
RF04_lsp-curve-topo-area_ndvi,pcoa2_cover,,,0.3244068379680177,,
RF04_lsp-curve-topo-area_ndvi,pcoa2_pa,,,0.4783137600510442,,
RF04_lsp-curve-topo-area_ndvi,ses_mntd,,,0.1614462900550566,,
RF04_lsp-curve-topo-area_ndvi,ses_mpd,,,0.1991415166980189,,
RF04_lsp-curve-topo-area_ndvi,ses_pd,,,0.1898031868147036,,
RF04_lsp-curve-topo-area_savi,dark_n,,,0.3742341190138543,,
RF04_lsp-curve-topo-area_savi,hill_q0,,,0.6240784401812663,,
RF04_lsp-curve-topo-area_savi,hill_q1,,,0.3645004722544674,,
RF04_lsp-curve-topo-area_savi,hill_q2,,,0.2799366213224131,,
RF04_lsp-curve-topo-area_savi,lcbd_cover,,,0.3016148544204279,,
RF04_lsp-curve-topo-area_savi,lcbd_pa,,,0.4863558510537615,,
RF04_lsp-curve-topo-area_savi,mntd,,,0.1707785432083421,,
RF04_lsp-curve-topo-area_savi,mpd,,,0.0989622577336095,,
RF04_lsp-curve-topo-area_savi,pcoa1_cover,,,0.3878475490808751,,
RF04_lsp-curve-topo-area_savi,pcoa1_pa,,,0.5735880500294511,,
RF04_lsp-curve-topo-area_savi,pcoa2_cover,,,0.2935130654161428,,
RF04_lsp-curve-topo-area_savi,pcoa2_pa,,,0.4529687013708107,,
RF04_lsp-curve-topo-area_savi,ses_mntd,,,0.1691186181786178,,
RF04_lsp-curve-topo-area_savi,ses_mpd,,,0.1829502158799359,,
RF04_lsp-curve-topo-area_savi,ses_pd,,,0.1848425780940694,,
RF05_lsp_all-topo-area,dark_n,,,0.3901708733122932,,
RF05_lsp_all-topo-area,hill_q0,,,0.6208327879629428,,
RF05_lsp_all-topo-area,hill_q1,,,0.3526150029939205,,
RF05_lsp_all-topo-area,hill_q2,,,0.2620732188055545,,
RF05_lsp_all-topo-area,lcbd_cover,,,0.3132867869664875,,
RF05_lsp_all-topo-area,lcbd_pa,,,0.4831718432447329,,
RF05_lsp_all-topo-area,mntd,,,0.1777885130906612,,
RF05_lsp_all-topo-area,mpd,,,0.1484372874993819,,
RF05_lsp_all-topo-area,pcoa1_cover,,,0.369962422482483,,
RF05_lsp_all-topo-area,pcoa1_pa,,,0.5536032882500402,,
RF05_lsp_all-topo-area,pcoa2_cover,,,0.3219588554480371,,
RF05_lsp_all-topo-area,pcoa2_pa,,,0.4641126645915067,,
RF05_lsp_all-topo-area,ses_mntd,,,0.1652004866124362,,
RF05_lsp_all-topo-area,ses_mpd,,,0.1823818714243924,,
RF05_lsp_all-topo-area,ses_pd,,,0.1786289829823359,,
RF06_curve_all-topo-area,dark_n,,,0.3935640194697812,,
RF06_curve_all-topo-area,mntd,,,0.1234850711780298,,
RF06_curve_all-topo-area,mpd,,,0.117873896988145,,
RF06_curve_all-topo-area,ses_mntd,,,0.1496967101386027,,
RF06_curve_all-topo-area,ses_mpd,,,0.181112796242522,,
RF06_curve_all-topo-area,ses_pd,,,0.1796059594325388,,
RF08_lsp-curve-topo_evi,dark_n,,,0.3650081226633079,,
RF08_lsp-curve-topo_evi,hill_q0,,,0.5217044065951036,,
RF08_lsp-curve-topo_evi,hill_q1,,,0.297184863915188,,
RF08_lsp-curve-topo_evi,hill_q2,,,0.2037340367925166,,
RF08_lsp-curve-topo_evi,lcbd_cover,,,0.2824791661368281,,
RF08_lsp-curve-topo_evi,lcbd_pa,,,0.4394130402371091,,
RF08_lsp-curve-topo_evi,mntd,,,0.1429690262930335,,
RF08_lsp-curve-topo_evi,mpd,,,0.0982767091585632,,
RF08_lsp-curve-topo_evi,pcoa1_cover,,,0.3897616825734124,,
RF08_lsp-curve-topo_evi,pcoa1_pa,,,0.5303776840257943,,
RF08_lsp-curve-topo_evi,pcoa2_cover,,,0.3060986848071765,,
RF08_lsp-curve-topo_evi,pcoa2_pa,,,0.44682967316706,,
RF08_lsp-curve-topo_evi,ses_mntd,,,0.1588751846424398,,
RF08_lsp-curve-topo_evi,ses_mpd,,,0.176120304871918,,
RF08_lsp-curve-topo_evi,ses_pd,,,0.1728854465675385,,
RF08_lsp-curve-topo_kndvi,dark_n,,,0.3760991605395415,,
RF08_lsp-curve-topo_kndvi,hill_q0,,,0.5277138585208799,,
RF08_lsp-curve-topo_kndvi,hill_q1,,,0.3365508179544805,,
RF08_lsp-curve-topo_kndvi,hill_q2,,,0.238129485216596,,
RF08_lsp-curve-topo_kndvi,lcbd_cover,,,0.2626935489478876,,
RF08_lsp-curve-topo_kndvi,lcbd_pa,,,0.4482654917391122,,
RF08_lsp-curve-topo_kndvi,mntd,,,0.1632008699230283,,
RF08_lsp-curve-topo_kndvi,mpd,,,0.1513389835913987,,
RF08_lsp-curve-topo_kndvi,pcoa1_cover,,,0.3507741808613757,,
RF08_lsp-curve-topo_kndvi,pcoa1_pa,,,0.5339317156093943,,
RF08_lsp-curve-topo_kndvi,pcoa2_cover,,,0.3182271655977838,,
RF08_lsp-curve-topo_kndvi,pcoa2_pa,,,0.4700894362585358,,
RF08_lsp-curve-topo_kndvi,ses_mntd,,,0.1596943322095425,,
RF08_lsp-curve-topo_kndvi,ses_mpd,,,0.1970800068173835,,
RF08_lsp-curve-topo_kndvi,ses_pd,,,0.1911885791007183,,
RF08_lsp-curve-topo_nbr,dark_n,,,0.3646864230698911,,
RF08_lsp-curve-topo_nbr,hill_q0,,,0.5743027919170337,,
RF08_lsp-curve-topo_nbr,hill_q1,,,0.3075217787550167,,
RF08_lsp-curve-topo_nbr,hill_q2,,,0.193862977335732,,
RF08_lsp-curve-topo_nbr,lcbd_cover,,,0.2872358611464525,,
RF08_lsp-curve-topo_nbr,lcbd_pa,,,0.4279048260154875,,
RF08_lsp-curve-topo_nbr,mntd,,,0.1034272129225341,,
RF08_lsp-curve-topo_nbr,mpd,,,0.1116478531136051,,
RF08_lsp-curve-topo_nbr,pcoa1_cover,,,0.3909617498781036,,
RF08_lsp-curve-topo_nbr,pcoa1_pa,,,0.5192070037758715,,
RF08_lsp-curve-topo_nbr,pcoa2_cover,,,0.2844149776987282,,
RF08_lsp-curve-topo_nbr,pcoa2_pa,,,0.4565264607859706,,
RF08_lsp-curve-topo_nbr,ses_mntd,,,0.1429422737601867,,
RF08_lsp-curve-topo_nbr,ses_mpd,,,0.1809826589740709,,
RF08_lsp-curve-topo_nbr,ses_pd,,,0.1769087591865246,,
RF08_lsp-curve-topo_ndvi,dark_n,,,0.3744269349247438,,
RF08_lsp-curve-topo_ndvi,hill_q0,,,0.5260146809685643,,
RF08_lsp-curve-topo_ndvi,hill_q1,,,0.3317065989958506,,
RF08_lsp-curve-topo_ndvi,hill_q2,,,0.2386783476369805,,
RF08_lsp-curve-topo_ndvi,lcbd_cover,,,0.2564814805819426,,
RF08_lsp-curve-topo_ndvi,lcbd_pa,,,0.4397827193243994,,
RF08_lsp-curve-topo_ndvi,mntd,,,0.1648103211565731,,
RF08_lsp-curve-topo_ndvi,mpd,,,0.1536481007767992,,
RF08_lsp-curve-topo_ndvi,pcoa1_cover,,,0.3491876762825856,,
RF08_lsp-curve-topo_ndvi,pcoa1_pa,,,0.5322466828383664,,
RF08_lsp-curve-topo_ndvi,pcoa2_cover,,,0.3126539387184509,,
RF08_lsp-curve-topo_ndvi,pcoa2_pa,,,0.4622874076339136,,
RF08_lsp-curve-topo_ndvi,ses_mntd,,,0.1578690827277484,,
RF08_lsp-curve-topo_ndvi,ses_mpd,,,0.1898244975608434,,
RF08_lsp-curve-topo_ndvi,ses_pd,,,0.1821109922538367,,
RF08_lsp-curve-topo_savi,dark_n,,,0.3676647426347997,,
RF08_lsp-curve-topo_savi,hill_q0,,,0.5232590737597372,,
RF08_lsp-curve-topo_savi,hill_q1,,,0.291310744640853,,
RF08_lsp-curve-topo_savi,hill_q2,,,0.1949744271270571,,
RF08_lsp-curve-topo_savi,lcbd_cover,,,0.2795442091516145,,
RF08_lsp-curve-topo_savi,lcbd_pa,,,0.4342907037154859,,
RF08_lsp-curve-topo_savi,mntd,,,0.1560439927401992,,
RF08_lsp-curve-topo_savi,mpd,,,0.1001356813934486,,
RF08_lsp-curve-topo_savi,pcoa1_cover,,,0.3826359846760087,,
RF08_lsp-curve-topo_savi,pcoa1_pa,,,0.5343301959465648,,
RF08_lsp-curve-topo_savi,pcoa2_cover,,,0.2928199081044872,,
RF08_lsp-curve-topo_savi,pcoa2_pa,,,0.4443710218870254,,
RF08_lsp-curve-topo_savi,ses_mntd,,,0.1658445907002858,,
RF08_lsp-curve-topo_savi,ses_mpd,,,0.1809363616740827,,
RF08_lsp-curve-topo_savi,ses_pd,,,0.1817200409088798,,
