Location,n_plots,n_locations,years,richness_median,strata,owner
Mapocho,129,1,2022-2024,3.0,counts,"Lopatin, J."
Cauquenes,127,1,2019-2025,6.0,counts,"Galleguillos, M."
Coquimbo,60,1,2022-2022,27.0,counts,"Becerra, P.I."
Petorca,52,1,2025-2025,3.0,counts,"Lopatin, J."
Quebrada_Bellotal,47,1,2019-2019,11.0,cover,"Ovalle, J.F."
Monte_oscuro,39,1,2013-2013,17.0,cover,"Galleguillos, M."
Las_Cardas,30,1,2012-2012,7.0,cover,"Galleguillos, M."
San_Carlos_de_Apoquindo,27,1,2010-2021,2.0,cover,"Miranda, A."
Casa_Blanca,26,1,2010-2014,2.0,cover,"Miranda, A."
Embalse_Caren,25,1,2026-2026,5.0,counts,"Ovalle, J.F."
Pirque,24,1,2010-2019,2.0,"cover,presence","Miranda, A."
Cachagua,22,1,2010-2014,2.0,cover,"Miranda, A."
NA,21,1,2003-2012,22.0,"basal,cover",sPlot
Pichidangui,17,1,2010-2010,2.0,cover,"Miranda, A."
Cerro_Chena,14,1,2021-2021,5.0,cover,"Ovalle, J.F."
Viña_Matetic,11,1,2022-2022,5.0,presence,"Ovalle, J.F."
Curepto,11,1,2017-2017,5.0,presence,"Ovalle, J.F."
Maitencillo,11,1,2019-2019,6.0,presence,"Ovalle, J.F."
Cerro_Negro,10,1,2021-2021,5.0,cover,"Ovalle, J.F."
Rio_Clarillo,10,1,2014-2020,2.0,cover,"Dobbs, C. & Miranda, M.D."
Lliu_Lliu,8,1,2014-2022,5.0,"counts,cover","Altamirano, A."
Sauzal,8,1,2021-2021,4.0,presence,"Ovalle, J.F."
Parque_La_Giganta,8,1,2022-2022,4.0,counts,"Craven, D."
Cerro_Los_Morros,7,1,2021-2021,6.0,cover,"Ovalle, J.F."
Mina_Florida,7,1,2026-2026,4.0,counts,"Ovalle, J.F."
Bosque_Santiago,7,1,2020-2020,1.0,cover,"Dobbs, C. & Miranda, M.D."
Aguas_de_Ramon,7,1,2019-2020,1.0,"cover,presence","Dobbs, C. & Miranda, M.D."
Humedal_Batuco,7,1,2020-2020,1.0,cover,"Dobbs, C. & Miranda, M.D."
Farrellones_de_Santa_Elena,7,1,2020-2020,1.0,cover,"Dobbs, C. & Miranda, M.D."
Quebrada_de_la_Plata,7,1,2020-2020,1.0,cover,"Dobbs, C. & Miranda, M.D."
Viña_Tarapaca,7,1,2020-2020,2.0,cover,"Dobbs, C. & Miranda, M.D."
Altos_de_Chicauma,6,1,2020-2020,2.0,cover,"Dobbs, C. & Miranda, M.D."
Bosque_Panul,6,1,2020-2020,2.0,cover,"Dobbs, C. & Miranda, M.D."
Cerro_Lo_Herrera,6,1,2021-2021,4.0,cover,"Ovalle, J.F."
Cantalao,6,1,2020-2020,1.5,cover,"Dobbs, C. & Miranda, M.D."
Nogales,6,1,2014-2014,2.5,cover,"Altamirano, A."
Viña_Terramater,6,1,2020-2020,2.0,cover,"Dobbs, C. & Miranda, M.D."
Quebrada_de_Macul,6,1,2020-2020,1.0,cover,"Dobbs, C. & Miranda, M.D."
Mantagua,6,1,2014-2014,4.0,cover,"Altamirano, A."
Los_Maitenes,6,1,2014-2021,4.0,cover,"Morales, N.S."
Reserva_Juan_Piche,6,1,2026-2026,6.5,counts,"Ovalle, J.F."
San_Juan_de_Piche,6,1,2020-2020,3.0,cover,"Dobbs, C. & Miranda, M.D."
Paine,6,1,2017-2017,4.5,cover,"Miranda, A."
El_Llano,5,1,2014-2014,6.0,cover,"Altamirano, A."
Cocalan,4,1,2026-2026,4.0,counts,"Ovalle, J.F."
Los_Molles,4,1,2014-2014,6.0,cover,"Altamirano, A."
Melipilla,4,1,2017-2017,6.0,cover,"Miranda, A."
Quebrada_La_Leona,4,1,2022-2022,4.5,counts,"Craven, D."
Quebrada_Escobares,4,1,2022-2022,4.0,counts,"Craven, D."
PN_La_Campana_Palmar_de_Ocoa,4,1,2022-2022,7.0,counts,"Craven, D."
Ciudad_abierta_Amereida,4,1,2022-2022,3.0,counts,"Craven, D."
Quincaiquen,4,1,2014-2014,8.0,cover,"Altamirano, A."
Campos_de_Ahumada,4,1,2022-2022,7.5,counts,"Craven, D."
Cerro Poqui,4,1,2026-2026,9.5,counts,"Ovalle, J.F."
Altos_de_Cantillana,4,1,2017-2026,4.0,"counts,cover","Miranda, A."
30,4,1,2022-2022,6.0,counts,"Craven, D."
23,4,1,2022-2022,4.0,counts,"Craven, D."
Bucalemu,4,1,2014-2014,2.5,cover,"Altamirano, A."
Observatorio Ocoa,4,1,2022-2022,1.5,counts,"Craven, D."
Cordillera_El_Melón,4,1,2022-2022,7.0,counts,"Craven, D."
Santuario_de_la_Naturaleza_El_Zaino_y_Laguna_el_Copin,4,1,2022-2022,7.0,counts,"Craven, D."
PN_La_Campana_Granizo,4,1,2022-2022,7.0,counts,"Craven, D."
Parque_Andino_Juncal,4,1,2022-2022,3.5,counts,"Craven, D."
El_Canelo,4,1,2013-2017,4.5,cover,"Miranda, A."
Algarrobo,3,1,2014-2014,7.0,cover,"Altamirano, A."
Placilla,3,1,2018-2018,8.0,presence,"Ovalle, J.F."
Bullileo,3,1,2013-2013,13.0,cover,"Zamorano-Elgueta, C."
Cuncumen,3,1,2014-2014,6.0,cover,"Altamirano, A."
Renaca,3,1,2014-2014,3.0,cover,"Altamirano, A."
Tres_Puntas,3,1,2014-2014,6.0,cover,"Altamirano, A."
Santa_Ines,3,1,2014-2014,5.0,cover,"Altamirano, A."
Olmue,3,1,2014-2014,5.0,cover,"Altamirano, A."
Rungue,2,1,2014-2014,2.5,cover,"Altamirano, A."
Las_Palmas,2,1,2014-2014,7.5,cover,"Altamirano, A."
Ibacache,2,1,2014-2014,3.5,cover,"Altamirano, A."
Los_Paceres,2,1,2013-2013,19.0,cover,"Zamorano-Elgueta, C."
La_Canela,2,1,2014-2014,2.5,cover,"Altamirano, A."
El_Turco,2,1,2014-2014,4.0,cover,"Altamirano, A."
Empedrado,2,1,2013-2013,10.0,cover,"Zamorano-Elgueta, C."
Mostazal,2,1,2017-2017,4.0,cover,"Miranda, A."
Catapilco,2,1,2014-2014,4.0,cover,"Altamirano, A."
Cantillana,2,1,2013-2013,8.5,cover,"Zamorano-Elgueta, C."
La_Ligua,2,1,2014-2014,3.0,cover,"Altamirano, A."
San_Ramón,2,1,2013-2013,13.5,cover,"Zamorano-Elgueta, C."
Roblería,2,1,2013-2013,10.0,cover,"Zamorano-Elgueta, C."
Quilpue,2,1,2014-2014,5.0,cover,"Altamirano, A."
Valle_de_Mauco,2,1,2022-2022,5.5,counts,"Craven, D."
Los_Ruiles,2,1,2013-2013,15.0,cover,"Zamorano-Elgueta, C."
Los_Queules,2,1,2013-2013,16.0,cover,"Zamorano-Elgueta, C."
Cerro_Pangalillo,1,1,2019-2019,3.0,presence,"Venegas-González, A."
Cerro_Poqui,1,1,2019-2019,4.0,presence,"Venegas-González, A."
Atacalco,1,1,2013-2013,10.0,cover,"Zamorano-Elgueta, C."
Angol,1,1,2013-2013,15.0,cover,"Zamorano-Elgueta, C."
Aguas_San_Ramon,1,1,2021-2021,5.0,cover,"Morales, N.S."
Alico,1,1,2013-2013,14.0,cover,"Zamorano-Elgueta, C."
Achibueno,1,1,2013-2013,15.0,cover,"Zamorano-Elgueta, C."
Cerro_Manquehuito,1,1,2017-2017,4.0,cover,"Miranda, A."
Catemito,1,1,2021-2021,7.0,cover,"Morales, N.S."
Cavilolen,1,1,2013-2013,18.0,cover,"Zamorano-Elgueta, C."
Chigualoco,1,1,2013-2013,15.0,cover,"Zamorano-Elgueta, C."
Chanleo,1,1,2013-2013,10.0,cover,"Zamorano-Elgueta, C."
Cerro_Renca,1,1,2021-2021,5.0,cover,"Morales, N.S."
Mellico,1,1,2013-2013,21.0,cover,"Zamorano-Elgueta, C."
La_Pólvora,1,1,2013-2013,13.0,cover,"Zamorano-Elgueta, C."
Limache,1,1,2014-2014,3.0,cover,"Altamirano, A."
Lonquen,1,1,2021-2021,3.0,cover,"Morales, N.S."
La_Balsa,1,1,2013-2013,18.0,cover,"Zamorano-Elgueta, C."
La_Dehesa,1,1,2021-2021,4.0,cover,"Morales, N.S."
La_Campana,1,1,2013-2013,14.0,cover,"Zamorano-Elgueta, C."
Itata,1,1,2013-2013,7.0,cover,"Zamorano-Elgueta, C."
Laguna_Batuco,1,1,2021-2021,3.0,cover,"Morales, N.S."
Los_Lleuques,1,1,2013-2013,13.0,cover,"Zamorano-Elgueta, C."
Cuesta_Chacabuco,1,1,2021-2021,7.0,cover,"Morales, N.S."
Clarillo,1,1,2013-2013,10.0,cover,"Zamorano-Elgueta, C."
Colliguay,1,1,2013-2013,12.0,cover,"Zamorano-Elgueta, C."
El_Guindo,1,1,2013-2013,17.0,cover,"Zamorano-Elgueta, C."
El_Arrayan,1,1,2017-2017,3.0,cover,"Miranda, A."
Duraznillo,1,1,2014-2014,8.0,cover,"Altamirano, A."
EL_Ensueño,1,1,2013-2013,13.0,cover,"Zamorano-Elgueta, C."
El_Quisco,1,1,2013-2013,10.0,cover,"Zamorano-Elgueta, C."
El_Monte,1,1,2017-2017,4.0,cover,"Miranda, A."
El_Maqui,1,1,2013-2013,14.0,cover,"Zamorano-Elgueta, C."
El_Melon,1,1,2014-2014,4.0,cover,"Altamirano, A."
El_Roble,1,1,2013-2013,14.0,cover,"Zamorano-Elgueta, C."
El_Trebal,1,1,2021-2021,3.0,cover,"Morales, N.S."
Escobar,1,1,2013-2013,14.0,cover,"Zamorano-Elgueta, C."
Estero_Bullileo,1,1,2013-2013,15.0,cover,"Zamorano-Elgueta, C."
Fray_Jorge,1,1,2013-2013,10.0,cover,"Zamorano-Elgueta, C."
Fundo_el_Cheuque,1,1,2014-2014,5.0,cover,"Altamirano, A."
Garreton_Alto,1,1,2021-2021,10.0,cover,"Morales, N.S."
Huelquen,1,1,2014-2014,4.0,cover,"Altamirano, A."
Cuesta_La_Dominga,1,1,2014-2014,8.0,cover,"Altamirano, A."
Melado,1,1,2013-2013,10.0,cover,"Zamorano-Elgueta, C."
Mahuida,1,1,2021-2021,6.0,cover,"Morales, N.S."
Manquehuito,1,1,2021-2021,5.0,cover,"Morales, N.S."
Pie_Andino,1,1,2021-2021,4.0,cover,"Morales, N.S."
Pichaco,1,1,2013-2013,5.0,cover,"Zamorano-Elgueta, C."
Puchuncavi,1,1,2014-2014,5.0,cover,"Altamirano, A."
Picasso,1,1,2013-2013,20.0,cover,"Zamorano-Elgueta, C."
Palo_Colorado,1,1,2013-2013,10.0,cover,"Zamorano-Elgueta, C."
Pejerrey,1,1,2013-2013,20.0,cover,"Zamorano-Elgueta, C."
PN_La_Campana-Cajon_Grande,1,1,2019-2019,7.0,presence,"Venegas-González, A."
Nonguén,1,1,2013-2013,9.0,cover,"Zamorano-Elgueta, C."
Penco,1,1,2013-2013,7.0,cover,"Zamorano-Elgueta, C."
Peñuelas,1,1,2013-2013,16.0,cover,"Zamorano-Elgueta, C."
Pitama,1,1,2014-2014,3.0,cover,"Altamirano, A."
Pte_Alto,1,1,2014-2014,5.0,cover,"Altamirano, A."
Quilapilun,1,1,2021-2021,4.0,cover,"Morales, N.S."
Queñes,1,1,2013-2013,12.0,cover,"Zamorano-Elgueta, C."
Santa_Inés,1,1,2013-2013,10.0,cover,"Zamorano-Elgueta, C."
Rio_Rucue,1,1,2013-2013,19.0,cover,"Zamorano-Elgueta, C."
RN_Los_Ruiles,1,1,2019-2019,5.0,presence,"Venegas-González, A."
San_Javier,1,1,2019-2019,7.0,presence,"Venegas-González, A."
Rio_Biobio,1,1,2013-2013,18.0,cover,"Zamorano-Elgueta, C."
Santuario_Alto_Huemul,1,1,2019-2019,1.0,presence,"Venegas-González, A."
Torcazas_de_Pirque,1,1,2019-2019,3.0,presence,"Venegas-González, A."
Tinguiririca,1,1,2019-2019,3.0,presence,"Venegas-González, A."
Teno,1,1,2013-2013,7.0,cover,"Zamorano-Elgueta, C."
Tanumé,1,1,2013-2013,14.0,cover,"Zamorano-Elgueta, C."
Villa_alemana,1,1,2014-2014,3.0,cover,"Altamirano, A."
Trilaco,1,1,2013-2013,11.0,cover,"Zamorano-Elgueta, C."
Zañartu,1,1,2013-2013,11.0,cover,"Zamorano-Elgueta, C."
cerca_Til_Til,1,1,2014-2014,9.0,cover,"Altamirano, A."
