"m","sr_mean","sr_lo","sr_hi","pd_mean","pd_lo","pd_hi","dataset"
1,6.61666666666667,1,29.25,840.05553196115,237.157207,2893.637434075,"Parcelas-CL completo"
2,13.9166666666667,5.475,38.05,1400.52251518344,648.558129525,3017.30837795,"Parcelas-CL completo"
3,20.6833333333333,7,47.675,2006.64591501649,740.65652565,4066.521767525,"Parcelas-CL completo"
4,25.4833333333333,9.475,56.825,2520.76179289475,1210.76259555,4777.45102817657,"Parcelas-CL completo"
5,30.9333333333333,14.475,56.575,2995.24364361625,1631.187828825,4871.65528703918,"Parcelas-CL completo"
7,40.3,19.425,71.05,3619.38614642644,1974.347192075,5828.98313579539,"Parcelas-CL completo"
8,44.8666666666667,22.475,81.575,3951.45909174408,1933.5889735,6347.17830109228,"Parcelas-CL completo"
9,53.8166666666667,25.475,98.15,4496.13843428747,2234.90673587075,7583.76497157681,"Parcelas-CL completo"
11,59.7333333333333,29,88,4841.29149216888,2920.75411204575,6797.9977896375,"Parcelas-CL completo"
14,66.7333333333333,37.375,104.575,5357.62049078562,3444.58010014045,7990.40953674054,"Parcelas-CL completo"
17,77.8666666666667,40.9,120,5832.81265895965,3529.08099945304,8440.96474225311,"Parcelas-CL completo"
20,89.9333333333333,50.425,135.25,6551.66784976195,4293.69443975977,9252.5054173313,"Parcelas-CL completo"
24,98.8666666666667,61.425,143.925,6958.12754972054,5003.43401248915,9372.11917847963,"Parcelas-CL completo"
29,115.633333333333,77.475,160.1,7711.40663167782,5710.8937378959,9882.00601898897,"Parcelas-CL completo"
35,133.45,93.425,169.15,8380.78383027284,6117.85209935615,10316.2260222314,"Parcelas-CL completo"
42,142.983333333333,98.275,173,8843.64658439551,6389.63811942488,10439.5769036905,"Parcelas-CL completo"
51,164.6,114.85,214.35,9684.86762112957,7028.9970100747,11643.4379917092,"Parcelas-CL completo"
62,184.683333333333,143.475,240,10363.5866344578,8539.12106773984,12630.0296128426,"Parcelas-CL completo"
74,202.283333333333,151.425,252.525,10878.5854678496,9230.26300820565,13010.1247577472,"Parcelas-CL completo"
90,221.216666666667,182.475,265.875,11620.2350641364,10092.5352258405,13057.7220244896,"Parcelas-CL completo"
108,248.233333333333,207.8,284.525,12429.3918085518,10767.5240119374,13700.2975886603,"Parcelas-CL completo"
130,260.95,220,305.575,12683.6775085382,11194.781225696,14059.3512265164,"Parcelas-CL completo"
157,288.766666666667,235.475,339.575,13501.8715020993,12132.0335116087,15155.2112086461,"Parcelas-CL completo"
189,306.5,265.8,341.15,13902.2796718564,12729.0500931411,15199.9909288038,"Parcelas-CL completo"
228,333.783333333333,293.125,378.35,14621.7648188375,13290.39953863,15576.6498124335,"Parcelas-CL completo"
275,360.483333333333,319.95,405.675,15332.4799587371,14280.8187919329,16565.3230971957,"Parcelas-CL completo"
332,390.583333333333,357.95,422.05,16026.7770500535,15037.3949573677,16996.6921782579,"Parcelas-CL completo"
400,411.616666666667,378.475,441.05,16424.8843318437,15526.6818737336,17176.4722648846,"Parcelas-CL completo"
483,440.75,400.95,476.775,17149.1698287252,16149.2737415336,18116.6191151446,"Parcelas-CL completo"
582,465.416666666667,437.425,494.15,17708.337590804,16878.9999666836,18376.022033095,"Parcelas-CL completo"
702,490.516666666667,457.375,518.05,18206.3086276448,17221.4511294686,19052.6733080121,"Parcelas-CL completo"
847,516.516666666667,499.475,544,18784.3648500387,18187.4365255996,19457.7285092571,"Parcelas-CL completo"
1021,544.533333333333,520,564.05,19346.5641095204,18779.9649238121,19833.7197429004,"Parcelas-CL completo"
1231,569.7,553.425,583.05,19904.3091405297,19497.7201786791,20228.2592065649,"Parcelas-CL completo"
1485,596,596,596,20405.6907358414,20405.6907358414,20405.6907358414,"Parcelas-CL completo"
1,8.1,1,29.525,959.452730611052,227.40723085,3033.64084435,"subset del proyecto"
2,12.1666666666667,2.475,36.05,1312.54627791667,306.23715025,3143.9648938,"subset del proyecto"
3,16.5333333333333,6.475,40.05,1689.41777937889,687.097286425,3752.62254605,"subset del proyecto"
4,26.7666666666667,7.95,58.525,2568.29025184016,888.075695875,4617.56361075,"subset del proyecto"
5,32.5333333333333,12,68.05,3088.41902925854,1265.048919675,5261.56509522652,"subset del proyecto"
6,37.25,13.475,85.175,3314.44553649603,1422.786595575,6774.79754161418,"subset del proyecto"
7,37.5,13.475,68.05,3339.01524523631,1410.8803015,5429.50396223493,"subset del proyecto"
9,49.7333333333333,22.425,91.525,4238.0209131843,2349.50786243829,6603.8876977375,"subset del proyecto"
10,50.1166666666667,25,81.05,4320.36485812406,2201.51644820336,6506.37212458902,"subset del proyecto"
12,60.4666666666667,34,99.15,4866.75699976516,3115.17035607379,7110.26546376225,"subset del proyecto"
15,64.3166666666667,31.475,101.575,5122.94907613624,3145.945777025,6962.05174512227,"subset del proyecto"
18,75.35,40,116.2,5695.12557199034,3793.97706448124,7935.777999075,"subset del proyecto"
21,83.2166666666667,37.475,129.525,6165.19149509037,3539.85851837836,8813.67998445336,"subset del proyecto"
25,90.8833333333333,55.475,128.15,6431.24636168296,4007.47380484827,8919.60872268752,"subset del proyecto"
30,105.133333333333,63.475,176.65,7208.94324836854,5193.58943768908,10094.0415044496,"subset del proyecto"
36,119.416666666667,78.475,155,7883.82630396098,6131.58755625825,9795.77812872928,"subset del proyecto"
43,132.133333333333,97.425,191.025,8410.51263958289,6694.50044506145,10611.1694042157,"subset del proyecto"
51,144.533333333333,104.6,192.775,8831.13313269043,7267.43117762663,10805.6040327684,"subset del proyecto"
62,160.466666666667,114.9,207.625,9477.15229368312,7465.3156406782,11221.0625909787,"subset del proyecto"
74,182.583333333333,141.85,231.05,10307.7069175801,8680.3264751832,11739.2271605834,"subset del proyecto"
88,193.616666666667,141.425,233.525,10576.0875335021,8500.6748940237,12028.5228951801,"subset del proyecto"
105,213.733333333333,165.475,260.525,11316.3726465251,9570.92284930356,12632.5379602885,"subset del proyecto"
126,226.3,182.475,274.1,11659.0401024619,9938.11289959283,13186.4383353495,"subset del proyecto"
151,246.9,208.325,278.1,12231.8352271814,10856.6051015065,13109.7467295806,"subset del proyecto"
180,268.716666666667,213.275,314.15,12786.1608000382,11247.3752186625,13953.6682802796,"subset del proyecto"
216,285.5,249.375,326.575,13268.0088571953,12257.2571482558,14469.6343186887,"subset del proyecto"
258,309.883333333333,266.95,346.575,13863.5515756058,12747.4193697483,15099.0284345362,"subset del proyecto"
309,331.383333333333,290.475,367.1,14335.0990669674,13308.7165967171,15300.506642064,"subset del proyecto"
369,351.233333333333,307.425,390.05,14764.4865658956,13619.3800211083,15794.0950471428,"subset del proyecto"
442,377.3,338.475,420.575,15381.3341496591,14470.7776240042,16366.2106498049,"subset del proyecto"
528,397.466666666667,357.95,431.575,15826.2830229041,14851.1203122008,16616.9649987139,"subset del proyecto"
632,423.666666666667,389.8,453.625,16391.4116882911,15712.5308127494,17133.2088731109,"subset del proyecto"
756,448.133333333333,426,471.525,16882.5113682239,16422.7972729387,17479.3011957954,"subset del proyecto"
905,475.55,451.425,490,17460.7714997402,16880.9222686839,17821.5275045459,"subset del proyecto"
1082,500,500,500,17955.0555852642,17955.0555852642,17955.0555852642,"subset del proyecto"
