"dataset","source","metric","q","n","method","value","lo","hi"
"unificado analisis","parcelas_cl","taxonomica",0,1,"Rarefaction",12.2786885245902,5,36
"unificado analisis","parcelas_cl","taxonomica",0,13,"Rarefaction",79.3880237948292,51.925,100
"unificado analisis","parcelas_cl","taxonomica",0,26,"Rarefaction",107.733352147034,88.975,127.025
"unificado analisis","parcelas_cl","taxonomica",0,39,"Rarefaction",125.329454700423,103.975,141
"unificado analisis","parcelas_cl","taxonomica",0,52,"Rarefaction",138.321671279065,122,158
"unificado analisis","parcelas_cl","taxonomica",0,64,"Rarefaction",147.943310526807,131.975,162
"unificado analisis","parcelas_cl","taxonomica",0,77,"Rarefaction",156.645079433472,141.975,171
"unificado analisis","parcelas_cl","taxonomica",0,90,"Rarefaction",164.044610987675,151,175.025
"unificado analisis","parcelas_cl","taxonomica",0,103,"Rarefaction",170.457863468383,155.975,183.05
"unificado analisis","parcelas_cl","taxonomica",0,116,"Rarefaction",176.099942009262,164,188
"unificado analisis","parcelas_cl","taxonomica",0,128,"Rarefaction",180.758429601756,170.975,192
"unificado analisis","parcelas_cl","taxonomica",0,141,"Rarefaction",185.319610780537,175,195
"unificado analisis","parcelas_cl","taxonomica",0,154,"Rarefaction",189.463782929332,178,198
"unificado analisis","parcelas_cl","taxonomica",0,167,"Rarefaction",193.261444341944,184.975,201
"unificado analisis","parcelas_cl","taxonomica",0,180,"Rarefaction",196.767954305209,189,204.025
"unificado analisis","parcelas_cl","taxonomica",0,192,"Rarefaction",199.784353874664,192,207
"unificado analisis","parcelas_cl","taxonomica",0,205,"Rarefaction",202.846316764234,196,208
"unificado analisis","parcelas_cl","taxonomica",0,218,"Rarefaction",205.72176973164,200,210
"unificado analisis","parcelas_cl","taxonomica",0,231,"Rarefaction",208.433521734722,204,211
"unificado analisis","parcelas_cl","taxonomica",0,244,"Observed",211,211,211
"unificado analisis","parcelas_cl","taxonomica",0,245,"Extrapolation",211.191850241677,NA,NA
"unificado analisis","parcelas_cl","taxonomica",0,257,"Extrapolation",213.434897783155,NA,NA
"unificado analisis","parcelas_cl","taxonomica",0,270,"Extrapolation",215.745828267819,NA,NA
"unificado analisis","parcelas_cl","taxonomica",0,283,"Extrapolation",217.939102967849,NA,NA
"unificado analisis","parcelas_cl","taxonomica",0,296,"Extrapolation",220.020712060686,NA,NA
"unificado analisis","parcelas_cl","taxonomica",0,308,"Extrapolation",221.84800741003,NA,NA
"unificado analisis","parcelas_cl","taxonomica",0,321,"Extrapolation",223.730603498253,NA,NA
"unificado analisis","parcelas_cl","taxonomica",0,334,"Extrapolation",225.517351476211,NA,NA
"unificado analisis","parcelas_cl","taxonomica",0,347,"Extrapolation",227.213131233062,NA,NA
"unificado analisis","parcelas_cl","taxonomica",0,360,"Extrapolation",228.822574209476,NA,NA
"unificado analisis","parcelas_cl","taxonomica",0,372,"Extrapolation",230.235388784487,NA,NA
"unificado analisis","parcelas_cl","taxonomica",0,385,"Extrapolation",231.690960371891,NA,NA
"unificado analisis","parcelas_cl","taxonomica",0,398,"Extrapolation",233.072424833034,NA,NA
"unificado analisis","parcelas_cl","taxonomica",0,411,"Extrapolation",234.383555164181,NA,NA
"unificado analisis","parcelas_cl","taxonomica",0,424,"Extrapolation",235.627932268049,NA,NA
"unificado analisis","parcelas_cl","taxonomica",0,436,"Extrapolation",236.720281692613,NA,NA
"unificado analisis","parcelas_cl","taxonomica",0,449,"Extrapolation",237.845689664781,NA,NA
"unificado analisis","parcelas_cl","taxonomica",0,462,"Extrapolation",238.913800042374,NA,NA
"unificado analisis","parcelas_cl","taxonomica",0,475,"Extrapolation",239.927530002476,NA,NA
"unificado analisis","parcelas_cl","taxonomica",0,488,"Extrapolation",240.889648200711,NA,NA
"unificado analisis","parcelas_cl","taxonomica",1,1,"Rarefaction",12.2786885245902,5,36
"unificado analisis","parcelas_cl","taxonomica",1,13,"Rarefaction",64.5439912269479,35.7561712656185,84.1483320551431
"unificado analisis","parcelas_cl","taxonomica",1,26,"Rarefaction",79.0897740959127,60.5609411891336,95.2351867122333
"unificado analisis","parcelas_cl","taxonomica",1,39,"Rarefaction",85.842404095085,67.4408590239789,97.4647141571063
"unificado analisis","parcelas_cl","taxonomica",1,52,"Rarefaction",89.8446589737184,76.7683042247858,103.622395974402
"unificado analisis","parcelas_cl","taxonomica",1,64,"Rarefaction",92.3521033169821,81.0267198821183,103.149500174847
"unificado analisis","parcelas_cl","taxonomica",1,77,"Rarefaction",94.3338379426634,85.2720927308257,103.583354923373
"unificado analisis","parcelas_cl","taxonomica",1,90,"Rarefaction",95.8328901983976,86.0302410721203,102.408723490791
"unificado analisis","parcelas_cl","taxonomica",1,103,"Rarefaction",97.009492342512,88.2862345523671,104.708422260055
"unificado analisis","parcelas_cl","taxonomica",1,116,"Rarefaction",97.959255389294,90.1456068988906,104.788655885662
"unificado analisis","parcelas_cl","taxonomica",1,128,"Rarefaction",98.6876461483553,91.6219133516582,104.290546936337
"unificado analisis","parcelas_cl","taxonomica",1,141,"Rarefaction",99.3547435476725,93.6761128153342,103.745245509254
"unificado analisis","parcelas_cl","taxonomica",1,154,"Rarefaction",99.9231185745495,94.0703648286397,104.508437829581
"unificado analisis","parcelas_cl","taxonomica",1,167,"Rarefaction",100.413624757949,96.1052272793418,104.604130310333
"unificado analisis","parcelas_cl","taxonomica",1,180,"Rarefaction",100.841598975622,96.5640289730441,103.99892538551
"unificado analisis","parcelas_cl","taxonomica",1,192,"Rarefaction",101.191171770094,97.804256995037,104.617377801346
"unificado analisis","parcelas_cl","taxonomica",1,205,"Rarefaction",101.52896324655,98.8888134838198,104.038869243123
"unificado analisis","parcelas_cl","taxonomica",1,218,"Rarefaction",101.831007752585,99.9164349604313,103.768018974793
"unificado analisis","parcelas_cl","taxonomica",1,231,"Rarefaction",102.102847186397,100.213974764533,103.608028086553
"unificado analisis","parcelas_cl","taxonomica",1,244,"Observed",102.348916645124,102.348916645124,102.348916645124
"unificado analisis","parcelas_cl","taxonomica",1,245,"Extrapolation",102.366946469033,NA,NA
"unificado analisis","parcelas_cl","taxonomica",1,257,"Extrapolation",102.57795422454,NA,NA
"unificado analisis","parcelas_cl","taxonomica",1,270,"Extrapolation",102.795765709206,NA,NA
"unificado analisis","parcelas_cl","taxonomica",1,283,"Extrapolation",103.002901337223,NA,NA
"unificado analisis","parcelas_cl","taxonomica",1,296,"Extrapolation",103.199884377214,NA,NA
"unificado analisis","parcelas_cl","taxonomica",1,308,"Extrapolation",103.373134463314,NA,NA
"unificado analisis","parcelas_cl","taxonomica",1,321,"Extrapolation",103.551970821157,NA,NA
"unificado analisis","parcelas_cl","taxonomica",1,334,"Extrapolation",103.722041657189,NA,NA
"unificado analisis","parcelas_cl","taxonomica",1,347,"Extrapolation",103.883776606488,NA,NA
"unificado analisis","parcelas_cl","taxonomica",1,360,"Extrapolation",104.03758424591,NA,NA
"unificado analisis","parcelas_cl","taxonomica",1,372,"Extrapolation",104.172860799535,NA,NA
"unificado analisis","parcelas_cl","taxonomica",1,385,"Extrapolation",104.312499207207,NA,NA
"unificado analisis","parcelas_cl","taxonomica",1,398,"Extrapolation",104.445293349413,NA,NA
"unificado analisis","parcelas_cl","taxonomica",1,411,"Extrapolation",104.571578692378,NA,NA
"unificado analisis","parcelas_cl","taxonomica",1,424,"Extrapolation",104.691674259721,NA,NA
"unificado analisis","parcelas_cl","taxonomica",1,436,"Extrapolation",104.79730044654,NA,NA
"unificado analisis","parcelas_cl","taxonomica",1,449,"Extrapolation",104.906332441668,NA,NA
"unificado analisis","parcelas_cl","taxonomica",1,462,"Extrapolation",105.010020320293,NA,NA
"unificado analisis","parcelas_cl","taxonomica",1,475,"Extrapolation",105.108626020033,NA,NA
"unificado analisis","parcelas_cl","taxonomica",1,488,"Extrapolation",105.202398639842,NA,NA
"unificado analisis","parcelas_cl","taxonomica",2,1,"Rarefaction",12.2786885245902,5,36
"unificado analisis","parcelas_cl","taxonomica",2,13,"Rarefaction",52.4736243966703,25.5918432671082,74.0868916437098
"unificado analisis","parcelas_cl","taxonomica",2,26,"Rarefaction",60.7613536798469,41.2623035191813,77.6384683560236
"unificado analisis","parcelas_cl","taxonomica",2,39,"Rarefaction",64.1380252699841,43.468357817176,76.9596887948909
"unificado analisis","parcelas_cl","taxonomica",2,52,"Rarefaction",65.9711214578162,51.5974014037433,79.3445970406394
"unificado analisis","parcelas_cl","taxonomica",2,64,"Rarefaction",67.0490370183884,52.9001639156791,77.5961383915892
"unificado analisis","parcelas_cl","taxonomica",2,77,"Rarefaction",67.8602238410158,57.2982125322176,76.6266666517231
"unificado analisis","parcelas_cl","taxonomica",2,90,"Rarefaction",68.449113098834,57.3088450546997,75.8782883923936
"unificado analisis","parcelas_cl","taxonomica",2,103,"Rarefaction",68.8960706701361,58.6659378935893,76.6313471810817
"unificado analisis","parcelas_cl","taxonomica",2,116,"Rarefaction",69.2468897986331,60.490002797179,76.3366229007749
"unificado analisis","parcelas_cl","taxonomica",2,128,"Rarefaction",69.5097954799596,60.9127272214416,75.6452903666737
"unificado analisis","parcelas_cl","taxonomica",2,141,"Rarefaction",69.7457991392104,62.9077374420267,74.5752266406091
"unificado analisis","parcelas_cl","taxonomica",2,154,"Rarefaction",69.9431810528938,64.1016846989945,75.60661891162
"unificado analisis","parcelas_cl","taxonomica",2,167,"Rarefaction",70.1107047599578,64.9517500600561,74.2701896156176
"unificado analisis","parcelas_cl","taxonomica",2,180,"Rarefaction",70.2546688914062,65.5417417738391,73.9619509012914
"unificado analisis","parcelas_cl","taxonomica",2,192,"Rarefaction",70.3706840873385,66.2370481058009,74.1179912630759
"unificado analisis","parcelas_cl","taxonomica",2,205,"Rarefaction",70.4813961482215,67.2626693928836,73.1322975588325
"unificado analisis","parcelas_cl","taxonomica",2,218,"Rarefaction",70.5791929348836,68.1051356846521,72.9798151758098
"unificado analisis","parcelas_cl","taxonomica",2,231,"Rarefaction",70.6662098668636,68.6673684768682,72.1291417207662
"unificado analisis","parcelas_cl","taxonomica",2,244,"Observed",70.7441361916771,70.7441361916772,70.7441361916772
"unificado analisis","parcelas_cl","taxonomica",2,245,"Extrapolation",70.7497946760729,NA,NA
"unificado analisis","parcelas_cl","taxonomica",2,257,"Extrapolation",70.8143257284755,NA,NA
"unificado analisis","parcelas_cl","taxonomica",2,270,"Extrapolation",70.8778761866766,NA,NA
"unificado analisis","parcelas_cl","taxonomica",2,283,"Extrapolation",70.9356869932687,NA,NA
"unificado analisis","parcelas_cl","taxonomica",2,296,"Extrapolation",70.988502128824,NA,NA
"unificado analisis","parcelas_cl","taxonomica",2,308,"Extrapolation",71.0333590626979,NA,NA
"unificado analisis","parcelas_cl","taxonomica",2,321,"Extrapolation",71.0782260529509,NA,NA
"unificado analisis","parcelas_cl","taxonomica",2,334,"Extrapolation",71.1196506649666,NA,NA
"unificado analisis","parcelas_cl","taxonomica",2,347,"Extrapolation",71.1580144322613,NA,NA
"unificado analisis","parcelas_cl","taxonomica",2,360,"Extrapolation",71.193644514522,NA,NA
"unificado analisis","parcelas_cl","taxonomica",2,372,"Extrapolation",71.2243521191265,NA,NA
"unificado analisis","parcelas_cl","taxonomica",2,385,"Extrapolation",71.2554855437881,NA,NA
"unificado analisis","parcelas_cl","taxonomica",2,398,"Extrapolation",71.2846097456302,NA,NA
"unificado analisis","parcelas_cl","taxonomica",2,411,"Extrapolation",71.3119131451429,NA,NA
"unificado analisis","parcelas_cl","taxonomica",2,424,"Extrapolation",71.3375613174025,NA,NA
"unificado analisis","parcelas_cl","taxonomica",2,436,"Extrapolation",71.3598940443965,NA,NA
"unificado analisis","parcelas_cl","taxonomica",2,449,"Extrapolation",71.3827552130016,NA,NA
"unificado analisis","parcelas_cl","taxonomica",2,462,"Extrapolation",71.4043432608982,NA,NA
"unificado analisis","parcelas_cl","taxonomica",2,475,"Extrapolation",71.4247616557241,NA,NA
"unificado analisis","parcelas_cl","taxonomica",2,488,"Extrapolation",71.4441029489644,NA,NA
"unificado analisis","living_trees","taxonomica",0,1,"Rarefaction",6.41628264208909,5,9
"unificado analisis","living_trees","taxonomica",0,35,"Rarefaction",44.5245693409661,36.975,51
"unificado analisis","living_trees","taxonomica",0,69,"Rarefaction",51.5446035324734,46,56
"unificado analisis","living_trees","taxonomica",0,103,"Rarefaction",55.5108824716461,50,60.025
"unificado analisis","living_trees","taxonomica",0,137,"Rarefaction",58.1513676852555,53,62
"unificado analisis","living_trees","taxonomica",0,172,"Rarefaction",60.0955378411988,55.975,64
"unificado analisis","living_trees","taxonomica",0,206,"Rarefaction",61.5281407331609,57,65
"unificado analisis","living_trees","taxonomica",0,240,"Rarefaction",62.6755289084808,59,66
"unificado analisis","living_trees","taxonomica",0,274,"Rarefaction",63.6344920004611,60,68
"unificado analisis","living_trees","taxonomica",0,308,"Rarefaction",64.4647498279529,61,67.025
"unificado analisis","living_trees","taxonomica",0,343,"Rarefaction",65.2244919465802,62,68
"unificado analisis","living_trees","taxonomica",0,377,"Rarefaction",65.8947086576636,63,69
"unificado analisis","living_trees","taxonomica",0,411,"Rarefaction",66.5136118273715,63,69
"unificado analisis","living_trees","taxonomica",0,445,"Rarefaction",67.0913324354316,64,69
"unificado analisis","living_trees","taxonomica",0,479,"Rarefaction",67.6347834779922,65,70
"unificado analisis","living_trees","taxonomica",0,514,"Rarefaction",68.1636025922629,66,70
"unificado analisis","living_trees","taxonomica",0,548,"Rarefaction",68.6513346952942,66,70
"unificado analisis","living_trees","taxonomica",0,582,"Rarefaction",69.1163896927781,67,70
"unificado analisis","living_trees","taxonomica",0,616,"Rarefaction",69.5611623401556,67.975,70
"unificado analisis","living_trees","taxonomica",0,651,"Observed",70,70,70
"unificado analisis","living_trees","taxonomica",0,652,"Extrapolation",70.0122746234553,NA,NA
"unificado analisis","living_trees","taxonomica",0,686,"Extrapolation",70.4213002668728,NA,NA
"unificado analisis","living_trees","taxonomica",0,720,"Extrapolation",70.8145990944443,NA,NA
"unificado analisis","living_trees","taxonomica",0,754,"Extrapolation",71.1927757937746,NA,NA
"unificado analisis","living_trees","taxonomica",0,788,"Extrapolation",71.5564118025556,NA,NA
"unificado analisis","living_trees","taxonomica",0,823,"Extrapolation",71.9161440535488,NA,NA
"unificado analisis","living_trees","taxonomica",0,857,"Extrapolation",72.2519669420683,NA,NA
"unificado analisis","living_trees","taxonomica",0,891,"Extrapolation",72.5748776212688,NA,NA
"unificado analisis","living_trees","taxonomica",0,925,"Extrapolation",72.8853725586491,NA,NA
"unificado analisis","living_trees","taxonomica",0,959,"Extrapolation",73.1839291327998,NA,NA
"unificado analisis","living_trees","taxonomica",0,994,"Extrapolation",73.4792805993064,NA,NA
"unificado analisis","living_trees","taxonomica",0,1028,"Extrapolation",73.7550017289435,NA,NA
"unificado analisis","living_trees","taxonomica",0,1062,"Extrapolation",74.0201215295429,NA,NA
"unificado analisis","living_trees","taxonomica",0,1096,"Extrapolation",74.2750476165004,NA,NA
"unificado analisis","living_trees","taxonomica",0,1130,"Extrapolation",74.5201719326192,NA,NA
"unificado analisis","living_trees","taxonomica",0,1165,"Extrapolation",74.7626647547856,NA,NA
"unificado analisis","living_trees","taxonomica",0,1199,"Extrapolation",74.9890404543796,NA,NA
"unificado analisis","living_trees","taxonomica",0,1233,"Extrapolation",75.2067121301629,NA,NA
"unificado analisis","living_trees","taxonomica",0,1267,"Extrapolation",75.4160144471662,NA,NA
"unificado analisis","living_trees","taxonomica",0,1302,"Extrapolation",75.6230698317143,NA,NA
"unificado analisis","living_trees","taxonomica",1,1,"Rarefaction",6.41628264208909,5,9
"unificado analisis","living_trees","taxonomica",1,35,"Rarefaction",32.0424314263969,26.8057549918101,36.5596697554699
"unificado analisis","living_trees","taxonomica",1,69,"Rarefaction",34.0336069794387,30.4410150684775,37.7603211241122
"unificado analisis","living_trees","taxonomica",1,103,"Rarefaction",34.8038158765005,31.9766115854322,37.8283720163262
"unificado analisis","living_trees","taxonomica",1,137,"Rarefaction",35.2162272219943,32.9701614476572,37.817907721373
"unificado analisis","living_trees","taxonomica",1,172,"Rarefaction",35.479427134787,33.1847410335503,37.8168471865023
"unificado analisis","living_trees","taxonomica",1,206,"Rarefaction",35.6532913124319,33.3041619812543,37.5632232771867
"unificado analisis","living_trees","taxonomica",1,240,"Rarefaction",35.7799021336792,33.9161415894235,37.2234747737824
"unificado analisis","living_trees","taxonomica",1,274,"Rarefaction",35.8763556860092,34.4551093454408,37.5607817011642
"unificado analisis","living_trees","taxonomica",1,308,"Rarefaction",35.9524089127216,34.5223567094698,37.4231210691225
"unificado analisis","living_trees","taxonomica",1,343,"Rarefaction",36.0156583073117,34.5853360278814,37.0906844876471
"unificado analisis","living_trees","taxonomica",1,377,"Rarefaction",36.0664014411972,34.8295735389486,37.2131963222362
"unificado analisis","living_trees","taxonomica",1,411,"Rarefaction",36.1091862874222,35.0465656141178,37.1774786954925
"unificado analisis","living_trees","taxonomica",1,445,"Rarefaction",36.1457933578597,35.2250998676616,36.9998906500448
"unificado analisis","living_trees","taxonomica",1,479,"Rarefaction",36.1775028697947,35.4257428468723,36.9137315158789
"unificado analisis","living_trees","taxonomica",1,514,"Rarefaction",36.2060239755132,35.4509697775433,36.8136594870462
"unificado analisis","living_trees","taxonomica",1,548,"Rarefaction",36.230455094775,35.5632787381839,36.7948151436756
"unificado analisis","living_trees","taxonomica",1,582,"Rarefaction",36.2522102546068,35.7949353628418,36.6385641588053
"unificado analisis","living_trees","taxonomica",1,616,"Rarefaction",36.2717167869085,35.9150493233358,36.5637544207587
"unificado analisis","living_trees","taxonomica",1,651,"Observed",36.2898063706741,36.2898063706741,36.2898063706741
"unificado analisis","living_trees","taxonomica",1,652,"Extrapolation",36.2902972937914,NA,NA
"unificado analisis","living_trees","taxonomica",1,686,"Extrapolation",36.30656967374,NA,NA
"unificado analisis","living_trees","taxonomica",1,720,"Extrapolation",36.3220547364415,NA,NA
"unificado analisis","living_trees","taxonomica",1,754,"Extrapolation",36.3367905751835,NA,NA
"unificado analisis","living_trees","taxonomica",1,788,"Extrapolation",36.3508134401608,NA,NA
"unificado analisis","living_trees","taxonomica",1,823,"Extrapolation",36.3645403787643,NA,NA
"unificado analisis","living_trees","taxonomica",1,857,"Extrapolation",36.3772206067683,NA,NA
"unificado analisis","living_trees","taxonomica",1,891,"Extrapolation",36.3892873189722,NA,NA
"unificado analisis","living_trees","taxonomica",1,925,"Extrapolation",36.4007701995138,NA,NA
"unificado analisis","living_trees","taxonomica",1,959,"Extrapolation",36.411697496304,NA,NA
"unificado analisis","living_trees","taxonomica",1,994,"Extrapolation",36.4223941929052,NA,NA
"unificado analisis","living_trees","taxonomica",1,1028,"Extrapolation",36.4322752418201,NA,NA
"unificado analisis","living_trees","taxonomica",1,1062,"Extrapolation",36.4416782094553,NA,NA
"unificado analisis","living_trees","taxonomica",1,1096,"Extrapolation",36.4506262271313,NA,NA
"unificado analisis","living_trees","taxonomica",1,1130,"Extrapolation",36.4591413069908,NA,NA
"unificado analisis","living_trees","taxonomica",1,1165,"Extrapolation",36.4674766919942,NA,NA
"unificado analisis","living_trees","taxonomica",1,1199,"Extrapolation",36.4751764847446,NA,NA
"unificado analisis","living_trees","taxonomica",1,1233,"Extrapolation",36.4825037333649,NA,NA
"unificado analisis","living_trees","taxonomica",1,1267,"Extrapolation",36.4894764629025,NA,NA
"unificado analisis","living_trees","taxonomica",1,1302,"Extrapolation",36.4963020460068,NA,NA
"unificado analisis","living_trees","taxonomica",2,1,"Rarefaction",6.41628264208909,5,9
"unificado analisis","living_trees","taxonomica",2,35,"Rarefaction",25.7351728222158,21.2390263254664,30.6626931759472
"unificado analisis","living_trees","taxonomica",2,69,"Rarefaction",26.9094041916506,23.9129659201914,30.3590531762612
"unificado analisis","living_trees","taxonomica",2,103,"Rarefaction",27.3331913084511,24.7827673934946,29.9702966775953
"unificado analisis","living_trees","taxonomica",2,137,"Rarefaction",27.5517263108656,25.6637231558746,29.6676923492772
"unificado analisis","living_trees","taxonomica",2,172,"Rarefaction",27.6881919041264,25.8254047949199,29.4340633602227
"unificado analisis","living_trees","taxonomica",2,206,"Rarefaction",27.7770762133902,25.9013464090078,29.4627404967551
"unificado analisis","living_trees","taxonomica",2,240,"Rarefaction",27.8411284862753,26.269464157886,29.2071275937559
"unificado analisis","living_trees","taxonomica",2,274,"Rarefaction",27.8894794439652,26.6471510557328,29.3490959495614
"unificado analisis","living_trees","taxonomica",2,308,"Rarefaction",27.9272720889202,26.6519746524144,29.142799743302
"unificado analisis","living_trees","taxonomica",2,343,"Rarefaction",27.9584269042482,26.4903278543889,29.0269855787604
"unificado analisis","living_trees","taxonomica",2,377,"Rarefaction",27.9832019411821,27.0622354450375,29.0807586268124
"unificado analisis","living_trees","taxonomica",2,411,"Rarefaction",28.0039115823769,27.2175853181784,28.9530564824745
"unificado analisis","living_trees","taxonomica",2,445,"Rarefaction",28.0214806043532,27.1713285107105,28.8636912685359
"unificado analisis","living_trees","taxonomica",2,479,"Rarefaction",28.0365730675399,27.4185664121678,28.7432549441271
"unificado analisis","living_trees","taxonomica",2,514,"Rarefaction",28.050037514256,27.4444992390146,28.621729519584
"unificado analisis","living_trees","taxonomica",2,548,"Rarefaction",28.0614805167305,27.6110426536505,28.5744415630384
"unificado analisis","living_trees","taxonomica",2,582,"Rarefaction",28.0715943026926,27.6711970597692,28.4748933684185
"unificado analisis","living_trees","taxonomica",2,616,"Rarefaction",28.0805977613087,27.7775550675109,28.3195279138172
"unificado analisis","living_trees","taxonomica",2,651,"Observed",28.0888887815606,28.0888887815606,28.0888887815606
"unificado analisis","living_trees","taxonomica",2,652,"Extrapolation",28.0891126561072,NA,NA
"unificado analisis","living_trees","taxonomica",2,686,"Extrapolation",28.0963379525277,NA,NA
"unificado analisis","living_trees","taxonomica",2,720,"Extrapolation",28.1028840676707,NA,NA
"unificado analisis","living_trees","taxonomica",2,754,"Extrapolation",28.1088424676489,NA,NA
"unificado analisis","living_trees","taxonomica",2,788,"Extrapolation",28.1142889003773,NA,NA
"unificado analisis","living_trees","taxonomica",2,823,"Extrapolation",28.1194273995748,NA,NA
"unificado analisis","living_trees","taxonomica",2,857,"Extrapolation",28.1240187753363,NA,NA
"unificado analisis","living_trees","taxonomica",2,891,"Extrapolation",28.1282610753647,NA,NA
"unificado analisis","living_trees","taxonomica",2,925,"Extrapolation",28.1321926513414,NA,NA
"unificado analisis","living_trees","taxonomica",2,959,"Extrapolation",28.1358464353456,NA,NA
"unificado analisis","living_trees","taxonomica",2,994,"Extrapolation",28.1393474810913,NA,NA
"unificado analisis","living_trees","taxonomica",2,1028,"Extrapolation",28.1425209713099,NA,NA
"unificado analisis","living_trees","taxonomica",2,1062,"Extrapolation",28.1454919111161,NA,NA
"unificado analisis","living_trees","taxonomica",2,1096,"Extrapolation",28.1482790926968,NA,NA
"unificado analisis","living_trees","taxonomica",2,1130,"Extrapolation",28.1508990533105,NA,NA
"unificado analisis","living_trees","taxonomica",2,1165,"Extrapolation",28.1534367989408,NA,NA
"unificado analisis","living_trees","taxonomica",2,1199,"Extrapolation",28.1557605693423,NA,NA
"unificado analisis","living_trees","taxonomica",2,1233,"Extrapolation",28.1579565361946,NA,NA
"unificado analisis","living_trees","taxonomica",2,1267,"Extrapolation",28.1600349607979,NA,NA
"unificado analisis","living_trees","taxonomica",2,1302,"Extrapolation",28.1620614243714,NA,NA
"unificado analisis","pooled","taxonomica",0,1,"Rarefaction",8.0145251396648,5,27.15
"unificado analisis","pooled","taxonomica",0,48,"Rarefaction",108.76007250078,67.9,133.025
"unificado analisis","pooled","taxonomica",0,95,"Rarefaction",139.190024267871,117.975,160.025
"unificado analisis","pooled","taxonomica",0,142,"Rarefaction",157.913931787997,137.95,177
"unificado analisis","pooled","taxonomica",0,189,"Rarefaction",171.627520561032,152.975,188.025
"unificado analisis","pooled","taxonomica",0,236,"Rarefaction",182.50211826999,163,199
"unificado analisis","pooled","taxonomica",0,283,"Rarefaction",191.50684288337,176.975,207.025
"unificado analisis","pooled","taxonomica",0,330,"Rarefaction",199.166563638314,186,213
"unificado analisis","pooled","taxonomica",0,377,"Rarefaction",205.806905662327,193.975,219
"unificado analisis","pooled","taxonomica",0,424,"Rarefaction",211.649054195742,199.95,221
"unificado analisis","pooled","taxonomica",0,471,"Rarefaction",216.852078062129,206,229
"unificado analisis","pooled","taxonomica",0,518,"Rarefaction",221.534562344758,209.975,231
"unificado analisis","pooled","taxonomica",0,565,"Rarefaction",225.787065058392,215.975,236
"unificado analisis","pooled","taxonomica",0,612,"Rarefaction",229.67998257505,219.975,239
"unificado analisis","pooled","taxonomica",0,659,"Rarefaction",233.268844225398,225,241.025
"unificado analisis","pooled","taxonomica",0,706,"Rarefaction",236.598026927166,226.975,243
"unificado analisis","pooled","taxonomica",0,753,"Rarefaction",239.70342893588,232,246
"unificado analisis","pooled","taxonomica",0,800,"Rarefaction",242.614424651772,237,247
"unificado analisis","pooled","taxonomica",0,847,"Rarefaction",245.355308284373,241,248
"unificado analisis","pooled","taxonomica",0,895,"Observed",248,248,248
"unificado analisis","pooled","taxonomica",0,896,"Extrapolation",248.053571361693,NA,NA
"unificado analisis","pooled","taxonomica",0,943,"Extrapolation",250.505049821339,NA,NA
"unificado analisis","pooled","taxonomica",0,990,"Extrapolation",252.831044973051,NA,NA
"unificado analisis","pooled","taxonomica",0,1037,"Extrapolation",255.037979904297,NA,NA
"unificado analisis","pooled","taxonomica",0,1084,"Extrapolation",257.131948925327,NA,NA
"unificado analisis","pooled","taxonomica",0,1131,"Extrapolation",259.118734398226,NA,NA
"unificado analisis","pooled","taxonomica",0,1178,"Extrapolation",261.003822704539,NA,NA
"unificado analisis","pooled","taxonomica",0,1225,"Extrapolation",262.792419395561,NA,NA
"unificado analisis","pooled","taxonomica",0,1272,"Extrapolation",264.489463567136,NA,NA
"unificado analisis","pooled","taxonomica",0,1319,"Extrapolation",266.099641498659,NA,NA
"unificado analisis","pooled","taxonomica",0,1366,"Extrapolation",267.627399593934,NA,NA
"unificado analisis","pooled","taxonomica",0,1413,"Extrapolation",269.076956659636,NA,NA
"unificado analisis","pooled","taxonomica",0,1460,"Extrapolation",270.452315555281,NA,NA
"unificado analisis","pooled","taxonomica",0,1507,"Extrapolation",271.75727424686,NA,NA
"unificado analisis","pooled","taxonomica",0,1554,"Extrapolation",272.995436294686,NA,NA
"unificado analisis","pooled","taxonomica",0,1601,"Extrapolation",274.170220804395,NA,NA
"unificado analisis","pooled","taxonomica",0,1648,"Extrapolation",275.284871868587,NA,NA
"unificado analisis","pooled","taxonomica",0,1695,"Extrapolation",276.342467525184,NA,NA
"unificado analisis","pooled","taxonomica",0,1742,"Extrapolation",277.345928257233,NA,NA
"unificado analisis","pooled","taxonomica",0,1790,"Extrapolation",278.317743877361,NA,NA
"unificado analisis","pooled","taxonomica",1,1,"Rarefaction",8.0145251396648,5,27.15
"unificado analisis","pooled","taxonomica",1,48,"Rarefaction",71.6578789954288,45.232749245453,96.8291879069204
"unificado analisis","pooled","taxonomica",1,95,"Rarefaction",79.8298592079149,61.2748726557417,100.573621426132
"unificado analisis","pooled","taxonomica",1,142,"Rarefaction",83.3164452279625,65.569726633231,98.3977534908305
"unificado analisis","pooled","taxonomica",1,189,"Rarefaction",85.296717177891,70.9478227966391,97.0877535501451
"unificado analisis","pooled","taxonomica",1,236,"Rarefaction",86.5890137454882,70.5065774829289,100.415573758315
"unificado analisis","pooled","taxonomica",1,283,"Rarefaction",87.5048998591194,78.2973300334492,98.7990123646998
"unificado analisis","pooled","taxonomica",1,330,"Rarefaction",88.19057993998,79.5018721832638,96.8596197799064
"unificado analisis","pooled","taxonomica",1,377,"Rarefaction",88.7244392413208,81.5595083540966,97.2409068942097
"unificado analisis","pooled","taxonomica",1,424,"Rarefaction",89.152573044076,81.0878810999401,96.7846754168035
"unificado analisis","pooled","taxonomica",1,471,"Rarefaction",89.5039847466229,83.0971566471445,97.475720223337
"unificado analisis","pooled","taxonomica",1,518,"Rarefaction",89.7978881292729,82.8485423089605,96.3360868786051
"unificado analisis","pooled","taxonomica",1,565,"Rarefaction",90.0475388026862,84.0226259333112,95.5289161613603
"unificado analisis","pooled","taxonomica",1,612,"Rarefaction",90.2623875561891,85.1799114423358,95.1925083394816
"unificado analisis","pooled","taxonomica",1,659,"Rarefaction",90.4493588678313,85.5803747295452,94.9959772772087
"unificado analisis","pooled","taxonomica",1,706,"Rarefaction",90.6136447137687,86.8018290234669,94.270755429989
"unificado analisis","pooled","taxonomica",1,753,"Rarefaction",90.759216057958,86.666318591794,93.9710163126832
"unificado analisis","pooled","taxonomica",1,800,"Rarefaction",90.8891628995326,88.6417330711225,93.0457870403781
"unificado analisis","pooled","taxonomica",1,847,"Rarefaction",91.0059264781415,88.7771858931982,92.6207146428328
"unificado analisis","pooled","taxonomica",1,895,"Observed",91.1135971671031,91.1135971671031,91.1135971671031
"unificado analisis","pooled","taxonomica",1,896,"Extrapolation",91.1157304698896,NA,NA
"unificado analisis","pooled","taxonomica",1,943,"Extrapolation",91.2134561345749,NA,NA
"unificado analisis","pooled","taxonomica",1,990,"Extrapolation",91.3063740108004,NA,NA
"unificado analisis","pooled","taxonomica",1,1037,"Extrapolation",91.3947206262985,NA,NA
"unificado analisis","pooled","taxonomica",1,1084,"Extrapolation",91.4787208723979,NA,NA
"unificado analisis","pooled","taxonomica",1,1131,"Extrapolation",91.5585885764969,NA,NA
"unificado analisis","pooled","taxonomica",1,1178,"Extrapolation",91.6345270463735,NA,NA
"unificado analisis","pooled","taxonomica",1,1225,"Extrapolation",91.7067295877169,NA,NA
"unificado analisis","pooled","taxonomica",1,1272,"Extrapolation",91.7753799961976,NA,NA
"unificado analisis","pooled","taxonomica",1,1319,"Extrapolation",91.8406530253306,NA,NA
"unificado analisis","pooled","taxonomica",1,1366,"Extrapolation",91.9027148313195,NA,NA
"unificado analisis","pooled","taxonomica",1,1413,"Extrapolation",91.9617233960171,NA,NA
"unificado analisis","pooled","taxonomica",1,1460,"Extrapolation",92.0178289290772,NA,NA
"unificado analisis","pooled","taxonomica",1,1507,"Extrapolation",92.0711742503213,NA,NA
"unificado analisis","pooled","taxonomica",1,1554,"Extrapolation",92.1218951532952,NA,NA
"unificado analisis","pooled","taxonomica",1,1601,"Extrapolation",92.1701207509389,NA,NA
"unificado analisis","pooled","taxonomica",1,1648,"Extrapolation",92.2159738042508,NA,NA
"unificado analisis","pooled","taxonomica",1,1695,"Extrapolation",92.2595710347829,NA,NA
"unificado analisis","pooled","taxonomica",1,1742,"Extrapolation",92.3010234217623,NA,NA
"unificado analisis","pooled","taxonomica",1,1790,"Extrapolation",92.3412536473022,NA,NA
"unificado analisis","pooled","taxonomica",2,1,"Rarefaction",8.01452513966481,5,27.15
"unificado analisis","pooled","taxonomica",2,48,"Rarefaction",51.7783883479379,33.9660138787375,73.6811417964041
"unificado analisis","pooled","taxonomica",2,95,"Rarefaction",54.9360969632303,40.4097484467512,73.2103653495809
"unificado analisis","pooled","taxonomica",2,142,"Rarefaction",56.0924238490077,43.8934853144821,69.3336394424744
"unificado analisis","pooled","taxonomica",2,189,"Rarefaction",56.6922261599698,46.4003068526143,66.2343353282878
"unificado analisis","pooled","taxonomica",2,236,"Rarefaction",57.0593453221103,45.1829371794784,67.778090603477
"unificado analisis","pooled","taxonomica",2,283,"Rarefaction",57.3071833671653,50.4680778809444,66.0497610070742
"unificado analisis","pooled","taxonomica",2,330,"Rarefaction",57.4857496477242,51.0669398615683,65.2122061209514
"unificado analisis","pooled","taxonomica",2,377,"Rarefaction",57.6205256873494,52.6952973661669,64.5004379789536
"unificado analisis","pooled","taxonomica",2,424,"Rarefaction",57.7258602723195,51.8411413957648,63.9119847986847
"unificado analisis","pooled","taxonomica",2,471,"Rarefaction",57.8104505731846,53.1353855037431,63.647890810088
"unificado analisis","pooled","taxonomica",2,518,"Rarefaction",57.8798752455788,53.3435982371786,63.363399732119
"unificado analisis","pooled","taxonomica",2,565,"Rarefaction",57.9378771860014,53.4566108481734,62.4770907860145
"unificado analisis","pooled","taxonomica",2,612,"Rarefaction",57.9870612457739,54.4537752521189,61.7535750404529
"unificado analisis","pooled","taxonomica",2,659,"Rarefaction",58.0292962100776,54.7319264964681,61.4016179293089
"unificado analisis","pooled","taxonomica",2,706,"Rarefaction",58.0659576354424,54.8743877471145,61.0331248261632
"unificado analisis","pooled","taxonomica",2,753,"Rarefaction",58.0980804998803,55.1175147097752,60.714665374171
"unificado analisis","pooled","taxonomica",2,800,"Rarefaction",58.1264584649044,56.4417535901618,59.7615199405487
"unificado analisis","pooled","taxonomica",2,847,"Rarefaction",58.1517103336645,56.5720264667804,59.3927041741488
"unificado analisis","pooled","taxonomica",2,895,"Observed",58.174781245018,58.174781245018,58.174781245018
"unificado analisis","pooled","taxonomica",2,896,"Extrapolation",58.1752357875988,NA,NA
"unificado analisis","pooled","taxonomica",2,943,"Extrapolation",58.1955190851345,NA,NA
"unificado analisis","pooled","taxonomica",2,990,"Extrapolation",58.2138886908785,NA,NA
"unificado analisis","pooled","taxonomica",2,1037,"Extrapolation",58.2306032341771,NA,NA
"unificado analisis","pooled","taxonomica",2,1084,"Extrapolation",58.2458767494226,NA,NA
"unificado analisis","pooled","taxonomica",2,1131,"Extrapolation",58.2598878906176,NA,NA
"unificado analisis","pooled","taxonomica",2,1178,"Extrapolation",58.2727869518275,NA,NA
"unificado analisis","pooled","taxonomica",2,1225,"Extrapolation",58.284701279779,NA,NA
"unificado analisis","pooled","taxonomica",2,1272,"Extrapolation",58.295739492418,NA,NA
"unificado analisis","pooled","taxonomica",2,1319,"Extrapolation",58.3059947998416,NA,NA
"unificado analisis","pooled","taxonomica",2,1366,"Extrapolation",58.3155476428014,NA,NA
"unificado analisis","pooled","taxonomica",2,1413,"Extrapolation",58.3244678069683,NA,NA
"unificado analisis","pooled","taxonomica",2,1460,"Extrapolation",58.3328161305821,NA,NA
"unificado analisis","pooled","taxonomica",2,1507,"Extrapolation",58.3406458938868,NA,NA
"unificado analisis","pooled","taxonomica",2,1554,"Extrapolation",58.3480039574494,NA,NA
"unificado analisis","pooled","taxonomica",2,1601,"Extrapolation",58.354931700761,NA,NA
"unificado analisis","pooled","taxonomica",2,1648,"Extrapolation",58.3614658008418,NA,NA
"unificado analisis","pooled","taxonomica",2,1695,"Extrapolation",58.3676388817878,NA,NA
"unificado analisis","pooled","taxonomica",2,1742,"Extrapolation",58.3734800595466,NA,NA
"unificado analisis","pooled","taxonomica",2,1790,"Extrapolation",58.3791300272766,NA,NA
"unificado analisis","parcelas_cl","filogenetica_meanPD",0,1,"Rarefaction",3.6430668196357,2.04433665205209,7.41241076857928
"unificado analisis","parcelas_cl","filogenetica_meanPD",0,13,"Rarefaction",14.8043067927985,10.8080988967262,17.9199987583406
"unificado analisis","parcelas_cl","filogenetica_meanPD",0,25,"Rarefaction",17.7481036795047,14.9562321800558,20.3774824231666
"unificado analisis","parcelas_cl","filogenetica_meanPD",0,37,"Rarefaction",19.3956781677608,17.0884960265076,21.4573634065536
"unificado analisis","parcelas_cl","filogenetica_meanPD",0,50,"Rarefaction",20.6613545412669,18.6386680261667,22.6651987604603
"unificado analisis","parcelas_cl","filogenetica_meanPD",0,62,"Rarefaction",21.5844654620661,19.7306339398473,23.6327693028551
"unificado analisis","parcelas_cl","filogenetica_meanPD",0,74,"Rarefaction",22.3599088511363,20.6063853377218,24.3092302728897
"unificado analisis","parcelas_cl","filogenetica_meanPD",0,86,"Rarefaction",23.0295736954375,21.2784010958169,24.9996892153856
"unificado analisis","parcelas_cl","filogenetica_meanPD",0,98,"Rarefaction",23.6181710817547,21.5902971664089,25.3729676304592
"unificado analisis","parcelas_cl","filogenetica_meanPD",0,110,"Rarefaction",24.1421051146245,22.3101660933821,25.6264382038782
"unificado analisis","parcelas_cl","filogenetica_meanPD",0,122,"Rarefaction",24.613178833724,22.9099375205858,26.1407088638027
"unificado analisis","parcelas_cl","filogenetica_meanPD",0,134,"Rarefaction",25.0403419970632,23.3556256752593,26.5819802632339
"unificado analisis","parcelas_cl","filogenetica_meanPD",0,147,"Rarefaction",25.4616576097513,23.6731896478843,26.7615629358202
"unificado analisis","parcelas_cl","filogenetica_meanPD",0,159,"Rarefaction",25.8182894861521,24.2780521046357,26.9478323255698
"unificado analisis","parcelas_cl","filogenetica_meanPD",0,171,"Rarefaction",26.1486028500021,24.8070513083179,27.247737529041
"unificado analisis","parcelas_cl","filogenetica_meanPD",0,183,"Rarefaction",26.4563325413198,24.76424570554,27.4078066811595
"unificado analisis","parcelas_cl","filogenetica_meanPD",0,195,"Rarefaction",26.744598585301,25.4066491253756,27.5334408895953
"unificado analisis","parcelas_cl","filogenetica_meanPD",0,207,"Rarefaction",27.0160357874818,25.8163467016353,27.5966515169151
"unificado analisis","parcelas_cl","filogenetica_meanPD",0,219,"Rarefaction",27.2728964650294,26.1033476957596,27.6350651739482
"unificado analisis","parcelas_cl","filogenetica_meanPD",0,231,"Rarefaction",27.5171340600182,27.1204433156726,27.6350651739482
"unificado analisis","parcelas_cl","filogenetica_meanPD",0,237,"Observed",27.6350651739482,27.6350651739482,27.6350651739482
"unificado analisis","parcelas_cl","filogenetica_meanPD",0,244,"Extrapolation",27.769421677657,NA,NA
"unificado analisis","parcelas_cl","filogenetica_meanPD",0,256,"Extrapolation",27.9919330670256,NA,NA
"unificado analisis","parcelas_cl","filogenetica_meanPD",0,268,"Extrapolation",28.2049377715823,NA,NA
"unificado analisis","parcelas_cl","filogenetica_meanPD",0,280,"Extrapolation",28.4088419595523,NA,NA
"unificado analisis","parcelas_cl","filogenetica_meanPD",0,292,"Extrapolation",28.6040344458321,NA,NA
"unificado analisis","parcelas_cl","filogenetica_meanPD",0,304,"Extrapolation",28.7908874334014,NA,NA
"unificado analisis","parcelas_cl","filogenetica_meanPD",0,316,"Extrapolation",28.9697572230588,NA,NA
"unificado analisis","parcelas_cl","filogenetica_meanPD",0,328,"Extrapolation",29.1409848928343,NA,NA
"unificado analisis","parcelas_cl","filogenetica_meanPD",0,341,"Extrapolation",29.3182359626869,NA,NA
"unificado analisis","parcelas_cl","filogenetica_meanPD",0,353,"Extrapolation",29.4745750573171,NA,NA
"unificado analisis","parcelas_cl","filogenetica_meanPD",0,365,"Extrapolation",29.624234644437,NA,NA
"unificado analisis","parcelas_cl","filogenetica_meanPD",0,377,"Extrapolation",29.7675001025737,NA,NA
"unificado analisis","parcelas_cl","filogenetica_meanPD",0,389,"Extrapolation",29.9046446176037,NA,NA
"unificado analisis","parcelas_cl","filogenetica_meanPD",0,401,"Extrapolation",30.035929703677,NA,NA
"unificado analisis","parcelas_cl","filogenetica_meanPD",0,413,"Extrapolation",30.1616057018858,NA,NA
"unificado analisis","parcelas_cl","filogenetica_meanPD",0,425,"Extrapolation",30.281912257628,NA,NA
"unificado analisis","parcelas_cl","filogenetica_meanPD",0,438,"Extrapolation",30.4064509244424,NA,NA
"unificado analisis","parcelas_cl","filogenetica_meanPD",0,450,"Extrapolation",30.5162965938221,NA,NA
"unificado analisis","parcelas_cl","filogenetica_meanPD",0,462,"Extrapolation",30.6214491634027,NA,NA
"unificado analisis","parcelas_cl","filogenetica_meanPD",0,474,"Extrapolation",30.7221091434623,NA,NA
"unificado analisis","parcelas_cl","filogenetica_meanPD",1,1,"Rarefaction",3.64306681963569,2.04433665205209,7.41241076857927
"unificado analisis","parcelas_cl","filogenetica_meanPD",1,13,"Rarefaction",10.7096399170517,7.12905220166842,13.429552276545
"unificado analisis","parcelas_cl","filogenetica_meanPD",1,25,"Rarefaction",11.7677144401753,9.44417958857265,13.819780883826
"unificado analisis","parcelas_cl","filogenetica_meanPD",1,37,"Rarefaction",12.2051275501267,10.1606754150363,13.7029140161857
"unificado analisis","parcelas_cl","filogenetica_meanPD",1,50,"Rarefaction",12.4650954632039,10.8268613308881,13.8518931897294
"unificado analisis","parcelas_cl","filogenetica_meanPD",1,62,"Rarefaction",12.6181870172404,10.83609465943,13.7324076518464
"unificado analisis","parcelas_cl","filogenetica_meanPD",1,74,"Rarefaction",12.7268301490143,11.5870844397868,13.6120783735366
"unificado analisis","parcelas_cl","filogenetica_meanPD",1,86,"Rarefaction",12.8083191488079,11.6256180933594,13.6649024193632
"unificado analisis","parcelas_cl","filogenetica_meanPD",1,98,"Rarefaction",12.8718957209357,11.5030313449099,13.8112714083622
"unificado analisis","parcelas_cl","filogenetica_meanPD",1,110,"Rarefaction",12.9229831438666,12.0308790505223,13.7115735174801
"unificado analisis","parcelas_cl","filogenetica_meanPD",1,122,"Rarefaction",12.964991201914,12.1969711800687,13.6197884771356
"unificado analisis","parcelas_cl","filogenetica_meanPD",1,134,"Rarefaction",13.0001797961599,12.2233697758397,13.6453174142419
"unificado analisis","parcelas_cl","filogenetica_meanPD",1,147,"Rarefaction",13.0324044646914,12.404092194695,13.5333957949118
"unificado analisis","parcelas_cl","filogenetica_meanPD",1,159,"Rarefaction",13.0578871295964,12.4384737575978,13.5313196491477
"unificado analisis","parcelas_cl","filogenetica_meanPD",1,171,"Rarefaction",13.0801042483115,12.5540812551892,13.5104838283112
"unificado analisis","parcelas_cl","filogenetica_meanPD",1,183,"Rarefaction",13.0996576437087,12.6097672390527,13.4938749202551
"unificado analisis","parcelas_cl","filogenetica_meanPD",1,195,"Rarefaction",13.1170094405397,12.7232652257093,13.4750936069366
"unificado analisis","parcelas_cl","filogenetica_meanPD",1,207,"Rarefaction",13.1325205734006,12.8121311847233,13.3873008249995
"unificado analisis","parcelas_cl","filogenetica_meanPD",1,219,"Rarefaction",13.1464771952913,12.8324422142263,13.3501202783321
"unificado analisis","parcelas_cl","filogenetica_meanPD",1,231,"Rarefaction",13.1591092256086,12.9958236407442,13.2568361451989
"unificado analisis","parcelas_cl","filogenetica_meanPD",1,237,"Observed",13.1649883443232,13.1649883443232,13.1649883443232
"unificado analisis","parcelas_cl","filogenetica_meanPD",1,244,"Extrapolation",13.1716059043878,NA,NA
"unificado analisis","parcelas_cl","filogenetica_meanPD",1,256,"Extrapolation",13.1825163247404,NA,NA
"unificado analisis","parcelas_cl","filogenetica_meanPD",1,268,"Extrapolation",13.192901344926,NA,NA
"unificado analisis","parcelas_cl","filogenetica_meanPD",1,280,"Extrapolation",13.2027862660171,NA,NA
"unificado analisis","parcelas_cl","filogenetica_meanPD",1,292,"Extrapolation",13.2121951706924,NA,NA
"unificado analisis","parcelas_cl","filogenetica_meanPD",1,304,"Extrapolation",13.2211509819096,NA,NA
"unificado analisis","parcelas_cl","filogenetica_meanPD",1,316,"Extrapolation",13.2296755187527,NA,NA
"unificado analisis","parcelas_cl","filogenetica_meanPD",1,328,"Extrapolation",13.23778954959,NA,NA
"unificado analisis","parcelas_cl","filogenetica_meanPD",1,341,"Extrapolation",13.2461394094171,NA,NA
"unificado analisis","parcelas_cl","filogenetica_meanPD",1,353,"Extrapolation",13.2534606082073,NA,NA
"unificado analisis","parcelas_cl","filogenetica_meanPD",1,365,"Extrapolation",13.2604292487145,NA,NA
"unificado analisis","parcelas_cl","filogenetica_meanPD",1,377,"Extrapolation",13.2670623086695,NA,NA
"unificado analisis","parcelas_cl","filogenetica_meanPD",1,389,"Extrapolation",13.2733759482269,NA,NA
"unificado analisis","parcelas_cl","filogenetica_meanPD",1,401,"Extrapolation",13.2793855493357,NA,NA
"unificado analisis","parcelas_cl","filogenetica_meanPD",1,413,"Extrapolation",13.2851057532147,NA,NA
"unificado analisis","parcelas_cl","filogenetica_meanPD",1,425,"Extrapolation",13.290550496023,NA,NA
"unificado analisis","parcelas_cl","filogenetica_meanPD",1,438,"Extrapolation",13.2961534867134,NA,NA
"unificado analisis","parcelas_cl","filogenetica_meanPD",1,450,"Extrapolation",13.3010662169285,NA,NA
"unificado analisis","parcelas_cl","filogenetica_meanPD",1,462,"Extrapolation",13.3057423706239,NA,NA
"unificado analisis","parcelas_cl","filogenetica_meanPD",1,474,"Extrapolation",13.3101933403344,NA,NA
"unificado analisis","parcelas_cl","filogenetica_meanPD",2,1,"Rarefaction",3.6430668196357,2.04433665205209,7.41241076857928
"unificado analisis","parcelas_cl","filogenetica_meanPD",2,13,"Rarefaction",8.06885641408126,5.39730793119747,10.548639519186
"unificado analisis","parcelas_cl","filogenetica_meanPD",2,25,"Rarefaction",8.4809821811487,6.64658478516701,10.5601484379586
"unificado analisis","parcelas_cl","filogenetica_meanPD",2,37,"Rarefaction",8.63596017704419,6.74834054143385,9.99795673144019
"unificado analisis","parcelas_cl","filogenetica_meanPD",2,50,"Rarefaction",8.7222951543244,7.32865629024206,10.0601850069083
"unificado analisis","parcelas_cl","filogenetica_meanPD",2,62,"Rarefaction",8.77059582646423,7.1333883535375,9.86583678182731
"unificado analisis","parcelas_cl","filogenetica_meanPD",2,74,"Rarefaction",8.80353538652674,7.80607248448224,9.81516311187303
"unificado analisis","parcelas_cl","filogenetica_meanPD",2,86,"Rarefaction",8.8274364118811,7.76664786762005,9.56615261929984
"unificado analisis","parcelas_cl","filogenetica_meanPD",2,98,"Rarefaction",8.84557029869631,7.70000568804071,9.70228195888795
"unificado analisis","parcelas_cl","filogenetica_meanPD",2,110,"Rarefaction",8.8597996784998,8.05590072450188,9.53095096050333
"unificado analisis","parcelas_cl","filogenetica_meanPD",2,122,"Rarefaction",8.87126303594522,8.19541679823656,9.49537412947641
"unificado analisis","parcelas_cl","filogenetica_meanPD",2,134,"Rarefaction",8.88069544867316,8.17437793358238,9.49999090793453
"unificado analisis","parcelas_cl","filogenetica_meanPD",2,147,"Rarefaction",8.88919320526404,8.32493453992878,9.36919170473009
"unificado analisis","parcelas_cl","filogenetica_meanPD",2,159,"Rarefaction",8.89581519693664,8.37424288263481,9.36890789732703
"unificado analisis","parcelas_cl","filogenetica_meanPD",2,171,"Rarefaction",8.90151567751122,8.41422223755435,9.33822232122653
"unificado analisis","parcelas_cl","filogenetica_meanPD",2,183,"Rarefaction",8.90647448879429,8.44568557225683,9.28825034345466
"unificado analisis","parcelas_cl","filogenetica_meanPD",2,195,"Rarefaction",8.91082753379472,8.54118027334937,9.25659184372125
"unificado analisis","parcelas_cl","filogenetica_meanPD",2,207,"Rarefaction",8.91467942314548,8.61492571839423,9.16528375875629
"unificado analisis","parcelas_cl","filogenetica_meanPD",2,219,"Rarefaction",8.91811199141306,8.68491704493318,9.12590207709542
"unificado analisis","parcelas_cl","filogenetica_meanPD",2,231,"Rarefaction",8.92119017569352,8.77900120896743,9.01405292881362
"unificado analisis","parcelas_cl","filogenetica_meanPD",2,237,"Observed",8.92261309256441,8.92261309256441,8.92261309256441
"unificado analisis","parcelas_cl","filogenetica_meanPD",2,244,"Extrapolation",8.92418524354506,NA,NA
"unificado analisis","parcelas_cl","filogenetica_meanPD",2,256,"Extrapolation",8.92668146904006,NA,NA
"unificado analisis","parcelas_cl","filogenetica_meanPD",2,268,"Extrapolation",8.92895536673967,NA,NA
"unificado analisis","parcelas_cl","filogenetica_meanPD",2,280,"Extrapolation",8.93103537293081,NA,NA
"unificado analisis","parcelas_cl","filogenetica_meanPD",2,292,"Extrapolation",8.93294527276703,NA,NA
"unificado analisis","parcelas_cl","filogenetica_meanPD",2,304,"Extrapolation",8.93470511385469,NA,NA
"unificado analisis","parcelas_cl","filogenetica_meanPD",2,316,"Extrapolation",8.93633191264045,NA,NA
"unificado analisis","parcelas_cl","filogenetica_meanPD",2,328,"Extrapolation",8.93784020642725,NA,NA
"unificado analisis","parcelas_cl","filogenetica_meanPD",2,341,"Extrapolation",8.93935490996914,NA,NA
"unificado analisis","parcelas_cl","filogenetica_meanPD",2,353,"Extrapolation",8.94065448512056,NA,NA
"unificado analisis","parcelas_cl","filogenetica_meanPD",2,365,"Extrapolation",8.94186895020662,NA,NA
"unificado analisis","parcelas_cl","filogenetica_meanPD",2,377,"Extrapolation",8.94300640100295,NA,NA
"unificado analisis","parcelas_cl","filogenetica_meanPD",2,389,"Extrapolation",8.94407393806694,NA,NA
"unificado analisis","parcelas_cl","filogenetica_meanPD",2,401,"Extrapolation",8.9450778151064,NA,NA
"unificado analisis","parcelas_cl","filogenetica_meanPD",2,413,"Extrapolation",8.94602356157389,NA,NA
"unificado analisis","parcelas_cl","filogenetica_meanPD",2,425,"Extrapolation",8.94691608456341,NA,NA
"unificado analisis","parcelas_cl","filogenetica_meanPD",2,438,"Extrapolation",8.94782798001074,NA,NA
"unificado analisis","parcelas_cl","filogenetica_meanPD",2,450,"Extrapolation",8.94862311746518,NA,NA
"unificado analisis","parcelas_cl","filogenetica_meanPD",2,462,"Extrapolation",8.94937707958552,NA,NA
"unificado analisis","parcelas_cl","filogenetica_meanPD",2,474,"Extrapolation",8.95009298398101,NA,NA
"unificado analisis","living_trees","filogenetica_meanPD",0,1,"Rarefaction",2.98789762838828,1.97531087329622,4.07395164135804
"unificado analisis","living_trees","filogenetica_meanPD",0,34,"Rarefaction",10.3045914936814,8.87746868397189,11.515957492784
"unificado analisis","living_trees","filogenetica_meanPD",0,68,"Rarefaction",11.2907937846677,10.3961640361855,12.0422923317296
"unificado analisis","living_trees","filogenetica_meanPD",0,101,"Rarefaction",11.7568183106966,11.0773220201414,12.5538703855271
"unificado analisis","living_trees","filogenetica_meanPD",0,134,"Rarefaction",12.0528857583133,11.2735102946427,12.8604777684149
"unificado analisis","living_trees","filogenetica_meanPD",0,168,"Rarefaction",12.2692686453704,11.6434809330251,13.0000013329887
"unificado analisis","living_trees","filogenetica_meanPD",0,201,"Rarefaction",12.4302032581537,11.6547361221792,13.0063420378719
"unificado analisis","living_trees","filogenetica_meanPD",0,235,"Rarefaction",12.565191758573,12.0834151888177,13.1227293999335
"unificado analisis","living_trees","filogenetica_meanPD",0,268,"Rarefaction",12.6769886836751,12.0936958732874,13.2364973733577
"unificado analisis","living_trees","filogenetica_meanPD",0,301,"Rarefaction",12.7761231072091,12.0727571615103,13.2707055576871
"unificado analisis","living_trees","filogenetica_meanPD",0,335,"Rarefaction",12.8690127043969,12.3404596948816,13.4285393069613
"unificado analisis","living_trees","filogenetica_meanPD",0,368,"Rarefaction",12.9525981390814,12.3478891425567,13.4279453203181
"unificado analisis","living_trees","filogenetica_meanPD",0,401,"Rarefaction",13.0311926721831,12.4480071996836,13.5157552168388
"unificado analisis","living_trees","filogenetica_meanPD",0,435,"Rarefaction",13.1079268038816,12.5015708037409,13.5159162638946
"unificado analisis","living_trees","filogenetica_meanPD",0,468,"Rarefaction",13.1788953513191,12.5194735977672,13.5221970990706
"unificado analisis","living_trees","filogenetica_meanPD",0,501,"Rarefaction",13.2467980877852,12.5956585358993,13.5221970990706
"unificado analisis","living_trees","filogenetica_meanPD",0,535,"Rarefaction",13.3138222203142,12.7739422158072,13.5221970990706
"unificado analisis","living_trees","filogenetica_meanPD",0,568,"Rarefaction",13.3762031578245,12.9174996387464,13.5221970990706
"unificado analisis","living_trees","filogenetica_meanPD",0,601,"Rarefaction",13.4360743501744,13.0967632938782,13.5221970990706
"unificado analisis","living_trees","filogenetica_meanPD",0,635,"Rarefaction",13.495227745854,13.1045442662115,13.5221970990706
"unificado analisis","living_trees","filogenetica_meanPD",0,651,"Observed",13.5221970990706,13.5221970990706,13.5221970990706
"unificado analisis","living_trees","filogenetica_meanPD",0,668,"Extrapolation",13.5502555318578,NA,NA
"unificado analisis","living_trees","filogenetica_meanPD",0,702,"Extrapolation",13.6045784941584,NA,NA
"unificado analisis","living_trees","filogenetica_meanPD",0,735,"Extrapolation",13.6550965115835,NA,NA
"unificado analisis","living_trees","filogenetica_meanPD",0,768,"Extrapolation",13.7035308388143,NA,NA
"unificado analisis","living_trees","filogenetica_meanPD",0,802,"Extrapolation",13.7513442831574,NA,NA
"unificado analisis","living_trees","filogenetica_meanPD",0,835,"Extrapolation",13.7958087289862,NA,NA
"unificado analisis","living_trees","filogenetica_meanPD",0,868,"Extrapolation",13.8384391731165,NA,NA
"unificado analisis","living_trees","filogenetica_meanPD",0,902,"Extrapolation",13.8805231347256,NA,NA
"unificado analisis","living_trees","filogenetica_meanPD",0,935,"Extrapolation",13.9196594081511,NA,NA
"unificado analisis","living_trees","filogenetica_meanPD",0,968,"Extrapolation",13.9571814482134,NA,NA
"unificado analisis","living_trees","filogenetica_meanPD",0,1002,"Extrapolation",13.9942224907286,NA,NA
"unificado analisis","living_trees","filogenetica_meanPD",0,1035,"Extrapolation",14.0286690663935,NA,NA
"unificado analisis","living_trees","filogenetica_meanPD",0,1068,"Extrapolation",14.0616948422013,NA,NA
"unificado analisis","living_trees","filogenetica_meanPD",0,1102,"Extrapolation",14.094297258375,NA,NA
"unificado analisis","living_trees","filogenetica_meanPD",0,1135,"Extrapolation",14.1246161025361,NA,NA
"unificado analisis","living_trees","filogenetica_meanPD",0,1169,"Extrapolation",14.1545462874014,NA,NA
"unificado analisis","living_trees","filogenetica_meanPD",0,1202,"Extrapolation",14.1823800714316,NA,NA
"unificado analisis","living_trees","filogenetica_meanPD",0,1235,"Extrapolation",14.2090658099564,NA,NA
"unificado analisis","living_trees","filogenetica_meanPD",0,1269,"Extrapolation",14.23540946221,NA,NA
"unificado analisis","living_trees","filogenetica_meanPD",0,1302,"Extrapolation",14.2599079252397,NA,NA
"unificado analisis","living_trees","filogenetica_meanPD",1,1,"Rarefaction",2.98789762838829,1.97531087329622,4.07395164135804
"unificado analisis","living_trees","filogenetica_meanPD",1,34,"Rarefaction",6.78749800584358,6.04233582555732,7.58086012921967
"unificado analisis","living_trees","filogenetica_meanPD",1,68,"Rarefaction",6.95358611262898,6.42716701516883,7.42638493109981
"unificado analisis","living_trees","filogenetica_meanPD",1,101,"Rarefaction",7.01103211339877,6.71095033676818,7.43777827409884
"unificado analisis","living_trees","filogenetica_meanPD",1,134,"Rarefaction",7.04095244682889,6.69127129920795,7.3741873728132
"unificado analisis","living_trees","filogenetica_meanPD",1,168,"Rarefaction",7.05978484083599,6.74343667348168,7.35860864841954
"unificado analisis","living_trees","filogenetica_meanPD",1,201,"Rarefaction",7.07211311946022,6.76620978761346,7.33074278178989
"unificado analisis","living_trees","filogenetica_meanPD",1,235,"Rarefaction",7.08128222275269,6.80954000080156,7.32996928809465
"unificado analisis","living_trees","filogenetica_meanPD",1,268,"Rarefaction",7.08801755692319,6.87755687275686,7.26817128302352
"unificado analisis","living_trees","filogenetica_meanPD",1,301,"Rarefaction",7.09332222728106,6.92448107269055,7.26013067727462
"unificado analisis","living_trees","filogenetica_meanPD",1,335,"Rarefaction",7.09773349247403,6.95242784322186,7.26461740489035
"unificado analisis","living_trees","filogenetica_meanPD",1,368,"Rarefaction",7.10126673423549,6.96355103182168,7.24839032237591
"unificado analisis","living_trees","filogenetica_meanPD",1,401,"Rarefaction",7.10424414343771,6.97964072370206,7.24377440572524
"unificado analisis","living_trees","filogenetica_meanPD",1,435,"Rarefaction",7.10686179789394,6.9796957744829,7.23725545857305
"unificado analisis","living_trees","filogenetica_meanPD",1,468,"Rarefaction",7.10905711833884,6.98363290777417,7.20424657812709
"unificado analisis","living_trees","filogenetica_meanPD",1,501,"Rarefaction",7.1109784973046,6.9961109830634,7.20642007355094
"unificado analisis","living_trees","filogenetica_meanPD",1,535,"Rarefaction",7.11272362919741,7.04076760099258,7.19397539456107
"unificado analisis","living_trees","filogenetica_meanPD",1,568,"Rarefaction",7.11422864995002,7.05075089033088,7.17763018350124
"unificado analisis","living_trees","filogenetica_meanPD",1,601,"Rarefaction",7.11557755262559,7.0663844802933,7.16173822751664
"unificado analisis","living_trees","filogenetica_meanPD",1,635,"Rarefaction",7.11682876439388,7.08890103835604,7.13940074797093
"unificado analisis","living_trees","filogenetica_meanPD",1,651,"Observed",7.11737484984469,7.11737484984469,7.11737484984469
"unificado analisis","living_trees","filogenetica_meanPD",1,668,"Extrapolation",7.11793480870205,NA,NA
"unificado analisis","living_trees","filogenetica_meanPD",1,702,"Extrapolation",7.11901265444633,NA,NA
"unificado analisis","living_trees","filogenetica_meanPD",1,735,"Extrapolation",7.12000736245765,NA,NA
"unificado analisis","living_trees","filogenetica_meanPD",1,768,"Extrapolation",7.12095388096006,NA,NA
"unificado analisis","living_trees","filogenetica_meanPD",1,802,"Extrapolation",7.12188114529782,NA,NA
"unificado analisis","living_trees","filogenetica_meanPD",1,835,"Extrapolation",7.12273688673417,NA,NA
"unificado analisis","living_trees","filogenetica_meanPD",1,868,"Extrapolation",7.12355117102019,NA,NA
"unificado analisis","living_trees","filogenetica_meanPD",1,902,"Extrapolation",7.12434889106189,NA,NA
"unificado analisis","living_trees","filogenetica_meanPD",1,935,"Extrapolation",7.12508508037329,NA,NA
"unificado analisis","living_trees","filogenetica_meanPD",1,968,"Extrapolation",7.12578560434272,NA,NA
"unificado analisis","living_trees","filogenetica_meanPD",1,1002,"Extrapolation",7.12647187819046,NA,NA
"unificado analisis","living_trees","filogenetica_meanPD",1,1035,"Extrapolation",7.12710521751375,NA,NA
"unificado analisis","living_trees","filogenetica_meanPD",1,1068,"Extrapolation",7.12770787415367,NA,NA
"unificado analisis","living_trees","filogenetica_meanPD",1,1102,"Extrapolation",7.12829827149793,NA,NA
"unificado analisis","living_trees","filogenetica_meanPD",1,1135,"Extrapolation",7.12884312958296,NA,NA
"unificado analisis","living_trees","filogenetica_meanPD",1,1169,"Extrapolation",7.12937690411574,NA,NA
"unificado analisis","living_trees","filogenetica_meanPD",1,1202,"Extrapolation",7.12986950689013,NA,NA
"unificado analisis","living_trees","filogenetica_meanPD",1,1235,"Extrapolation",7.13033824508766,NA,NA
"unificado analisis","living_trees","filogenetica_meanPD",1,1269,"Extrapolation",7.13079744817054,NA,NA
"unificado analisis","living_trees","filogenetica_meanPD",1,1302,"Extrapolation",7.13122123143247,NA,NA
"unificado analisis","living_trees","filogenetica_meanPD",2,1,"Rarefaction",2.98789762838828,1.97531087329622,4.07395164135804
"unificado analisis","living_trees","filogenetica_meanPD",2,34,"Rarefaction",5.43480622529883,4.99217115040942,5.94510104589454
"unificado analisis","living_trees","filogenetica_meanPD",2,68,"Rarefaction",5.50308955302896,5.18344440085612,5.82347707650651
"unificado analisis","living_trees","filogenetica_meanPD",2,101,"Rarefaction",5.52577337600535,5.33110988608605,5.76569825315739
"unificado analisis","living_trees","filogenetica_meanPD",2,134,"Rarefaction",5.5373562477748,5.31984875301926,5.73267044107591
"unificado analisis","living_trees","filogenetica_meanPD",2,168,"Rarefaction",5.54455516129661,5.37332410268323,5.72497309808191
"unificado analisis","living_trees","filogenetica_meanPD",2,201,"Rarefaction",5.54922326455213,5.37881846362069,5.73121843466975
"unificado analisis","living_trees","filogenetica_meanPD",2,235,"Rarefaction",5.55266661908955,5.40263066565842,5.7169030922741
"unificado analisis","living_trees","filogenetica_meanPD",2,268,"Rarefaction",5.55517586740725,5.41988513768605,5.66818477174958
"unificado analisis","living_trees","filogenetica_meanPD",2,301,"Rarefaction",5.55713649212176,5.45837560130988,5.67643306432714
"unificado analisis","living_trees","filogenetica_meanPD",2,335,"Rarefaction",5.55875356296023,5.4730115504191,5.65987106448177
"unificado analisis","living_trees","filogenetica_meanPD",2,368,"Rarefaction",5.56003799000128,5.47500125988735,5.64446355945907
"unificado analisis","living_trees","filogenetica_meanPD",2,401,"Rarefaction",5.56111147024045,5.47756151209469,5.64539179170689
"unificado analisis","living_trees","filogenetica_meanPD",2,435,"Rarefaction",5.56204746738744,5.48245835673806,5.63823731942923
"unificado analisis","living_trees","filogenetica_meanPD",2,468,"Rarefaction",5.56282611678491,5.48258095760954,5.61999364921142
"unificado analisis","living_trees","filogenetica_meanPD",2,501,"Rarefaction",5.56350236645936,5.49786551607028,5.62236035453465
"unificado analisis","living_trees","filogenetica_meanPD",2,535,"Rarefaction",5.56411199388328,5.52275674054764,5.61345243630269
"unificado analisis","living_trees","filogenetica_meanPD",2,568,"Rarefaction",5.56463400197636,5.5262279938442,5.60198089641144
"unificado analisis","living_trees","filogenetica_meanPD",2,601,"Rarefaction",5.56509876713131,5.5359411831353,5.59420941017959
"unificado analisis","living_trees","filogenetica_meanPD",2,635,"Rarefaction",5.56552716060788,5.54956591446202,5.58058540080398
"unificado analisis","living_trees","filogenetica_meanPD",2,651,"Observed",5.5657132944544,5.5657132944544,5.5657132944544
"unificado analisis","living_trees","filogenetica_meanPD",2,668,"Extrapolation",5.56590130436739,NA,NA
"unificado analisis","living_trees","filogenetica_meanPD",2,702,"Extrapolation",5.56625004014183,NA,NA
"unificado analisis","living_trees","filogenetica_meanPD",2,735,"Extrapolation",5.56655770072669,NA,NA
"unificado analisis","living_trees","filogenetica_meanPD",2,768,"Extrapolation",5.56683895148332,NA,NA
"unificado analisis","living_trees","filogenetica_meanPD",2,802,"Extrapolation",5.56710454306736,NA,NA
"unificado analisis","living_trees","filogenetica_meanPD",2,835,"Extrapolation",5.5673416603959,NA,NA
"unificado analisis","living_trees","filogenetica_meanPD",2,868,"Extrapolation",5.56756076602,NA,NA
"unificado analisis","living_trees","filogenetica_meanPD",2,902,"Extrapolation",5.56776975906523,NA,NA
"unificado analisis","living_trees","filogenetica_meanPD",2,935,"Extrapolation",5.56795808319213,NA,NA
"unificado analisis","living_trees","filogenetica_meanPD",2,968,"Extrapolation",5.56813357850444,NA,NA
"unificado analisis","living_trees","filogenetica_meanPD",2,1002,"Extrapolation",5.56830231197354,NA,NA
"unificado analisis","living_trees","filogenetica_meanPD",2,1035,"Extrapolation",5.56845548996591,NA,NA
"unificado analisis","living_trees","filogenetica_meanPD",2,1068,"Extrapolation",5.56859920956517,NA,NA
"unificado analisis","living_trees","filogenetica_meanPD",2,1102,"Extrapolation",5.56873828863758,NA,NA
"unificado analisis","living_trees","filogenetica_meanPD",2,1135,"Extrapolation",5.56886531473409,NA,NA
"unificado analisis","living_trees","filogenetica_meanPD",2,1169,"Extrapolation",5.56898869467027,NA,NA
"unificado analisis","living_trees","filogenetica_meanPD",2,1202,"Extrapolation",5.56910177560721,NA,NA
"unificado analisis","living_trees","filogenetica_meanPD",2,1235,"Extrapolation",5.56920881758321,NA,NA
"unificado analisis","living_trees","filogenetica_meanPD",2,1269,"Extrapolation",5.56931328441746,NA,NA
"unificado analisis","living_trees","filogenetica_meanPD",2,1302,"Extrapolation",5.56940946448478,NA,NA
"unificado analisis","pooled","filogenetica_meanPD",0,1,"Rarefaction",2.91786917233477,1.90273945749247,5.77897386535354
"unificado analisis","pooled","filogenetica_meanPD",0,47,"Rarefaction",17.8171232825641,13.0851080963424,21.1420986916925
"unificado analisis","pooled","filogenetica_meanPD",0,92,"Rarefaction",20.6857716251143,17.9096401712059,23.3177163165637
"unificado analisis","pooled","filogenetica_meanPD",0,138,"Rarefaction",22.2854341175037,19.3075039013703,24.803386008249
"unificado analisis","pooled","filogenetica_meanPD",0,183,"Rarefaction",23.4034342448053,20.994550949203,25.6641756572186
"unificado analisis","pooled","filogenetica_meanPD",0,229,"Rarefaction",24.3186113727113,22.0695872324425,26.6031653688372
"unificado analisis","pooled","filogenetica_meanPD",0,274,"Rarefaction",25.0737395578022,23.3560589268586,27.2255817622956
"unificado analisis","pooled","filogenetica_meanPD",0,320,"Rarefaction",25.7426753476132,23.8458782019114,27.7708748715666
"unificado analisis","pooled","filogenetica_meanPD",0,365,"Rarefaction",26.3188914553456,24.4257717832099,28.0107084681558
"unificado analisis","pooled","filogenetica_meanPD",0,411,"Rarefaction",26.8434707891271,24.971543537387,28.4496431475533
"unificado analisis","pooled","filogenetica_meanPD",0,456,"Rarefaction",27.3045536197991,25.5697723344623,28.8240558950371
"unificado analisis","pooled","filogenetica_meanPD",0,502,"Rarefaction",27.7312931129219,25.9852814484701,29.0965496503148
"unificado analisis","pooled","filogenetica_meanPD",0,547,"Rarefaction",28.1118033104373,26.1705859953205,29.4488140767665
"unificado analisis","pooled","filogenetica_meanPD",0,593,"Rarefaction",28.4685556501618,26.7272446019949,29.6223685941047
"unificado analisis","pooled","filogenetica_meanPD",0,638,"Rarefaction",28.7904777346502,27.2324009722433,29.7774726426552
"unificado analisis","pooled","filogenetica_meanPD",0,684,"Rarefaction",29.0956795693713,27.7163922587875,29.9704868769637
"unificado analisis","pooled","filogenetica_meanPD",0,729,"Rarefaction",29.3739930068276,27.7271996285837,30.0425256165714
"unificado analisis","pooled","filogenetica_meanPD",0,775,"Rarefaction",29.6404933507964,28.387290215358,30.1874735075583
"unificado analisis","pooled","filogenetica_meanPD",0,820,"Rarefaction",29.8858386973561,28.9429672182783,30.2319397704954
"unificado analisis","pooled","filogenetica_meanPD",0,866,"Rarefaction",30.1229275959728,29.6684502320467,30.2319397704954
"unificado analisis","pooled","filogenetica_meanPD",0,888,"Observed",30.2319397704954,30.2319397704954,30.2319397704954
"unificado analisis","pooled","filogenetica_meanPD",0,911,"Extrapolation",30.3431188753096,NA,NA
"unificado analisis","pooled","filogenetica_meanPD",0,957,"Extrapolation",30.557255136187,NA,NA
"unificado analisis","pooled","filogenetica_meanPD",0,1002,"Extrapolation",30.7565597892279,NA,NA
"unificado analisis","pooled","filogenetica_meanPD",0,1048,"Extrapolation",30.9503979324854,NA,NA
"unificado analisis","pooled","filogenetica_meanPD",0,1093,"Extrapolation",31.1308103658105,NA,NA
"unificado analisis","pooled","filogenetica_meanPD",0,1139,"Extrapolation",31.3062744634255,NA,NA
"unificado analisis","pooled","filogenetica_meanPD",0,1184,"Extrapolation",31.4695854830212,NA,NA
"unificado analisis","pooled","filogenetica_meanPD",0,1230,"Extrapolation",31.6284172229176,NA,NA
"unificado analisis","pooled","filogenetica_meanPD",0,1275,"Extrapolation",31.776247883088,NA,NA
"unificado analisis","pooled","filogenetica_meanPD",0,1321,"Extrapolation",31.9200238574405,NA,NA
"unificado analisis","pooled","filogenetica_meanPD",0,1366,"Extrapolation",32.0538415516813,NA,NA
"unificado analisis","pooled","filogenetica_meanPD",0,1412,"Extrapolation",32.1839889064514,NA,NA
"unificado analisis","pooled","filogenetica_meanPD",0,1457,"Extrapolation",32.3051219330596,NA,NA
"unificado analisis","pooled","filogenetica_meanPD",0,1503,"Extrapolation",32.4229325340999,NA,NA
"unificado analisis","pooled","filogenetica_meanPD",0,1548,"Extrapolation",32.5325832810995,NA,NA
"unificado analisis","pooled","filogenetica_meanPD",0,1594,"Extrapolation",32.6392265374454,NA,NA
"unificado analisis","pooled","filogenetica_meanPD",0,1639,"Extrapolation",32.7384834177052,NA,NA
"unificado analisis","pooled","filogenetica_meanPD",0,1685,"Extrapolation",32.8350178893371,NA,NA
"unificado analisis","pooled","filogenetica_meanPD",0,1730,"Extrapolation",32.9248661443513,NA,NA
"unificado analisis","pooled","filogenetica_meanPD",0,1776,"Extrapolation",33.0122500496498,NA,NA
"unificado analisis","pooled","filogenetica_meanPD",1,1,"Rarefaction",2.91786917233476,1.90273945749247,5.77897386535354
"unificado analisis","pooled","filogenetica_meanPD",1,47,"Rarefaction",9.25914534701135,7.11895094299317,11.7481645711485
"unificado analisis","pooled","filogenetica_meanPD",1,92,"Rarefaction",9.62738081200545,8.05852532242008,11.4717183177407
"unificado analisis","pooled","filogenetica_meanPD",1,138,"Rarefaction",9.77029535226528,8.14982031130111,10.9598511919489
"unificado analisis","pooled","filogenetica_meanPD",1,183,"Rarefaction",9.8452319163568,8.51390319732267,10.8472179500638
"unificado analisis","pooled","filogenetica_meanPD",1,229,"Rarefaction",9.89368040999345,8.70741633110582,11.06813198719
"unificado analisis","pooled","filogenetica_meanPD",1,274,"Rarefaction",9.92660074851834,9.13549345651013,10.7348950190719
"unificado analisis","pooled","filogenetica_meanPD",1,320,"Rarefaction",9.95147068877319,9.24302400774812,10.8097407039035
"unificado analisis","pooled","filogenetica_meanPD",1,365,"Rarefaction",9.97023207030673,9.14399780929313,10.5831406483215
"unificado analisis","pooled","filogenetica_meanPD",1,411,"Rarefaction",9.98550516376759,9.21241700010306,10.5881425059365
"unificado analisis","pooled","filogenetica_meanPD",1,456,"Rarefaction",9.99769741480108,9.38387651404865,10.5984386732021
"unificado analisis","pooled","filogenetica_meanPD",1,502,"Rarefaction",10.0080720234783,9.40572400266933,10.5814128239404
"unificado analisis","pooled","filogenetica_meanPD",1,547,"Rarefaction",10.01665625092,9.45236235803783,10.4663390851435
"unificado analisis","pooled","filogenetica_meanPD",1,593,"Rarefaction",10.024180209119,9.61022293337502,10.4255509014758
"unificado analisis","pooled","filogenetica_meanPD",1,638,"Rarefaction",10.030563350195,9.66765607412046,10.395204031846
"unificado analisis","pooled","filogenetica_meanPD",1,684,"Rarefaction",10.0362789357254,9.66692442404661,10.3686102827906
"unificado analisis","pooled","filogenetica_meanPD",1,729,"Rarefaction",10.0412187508715,9.66563963388166,10.2917758289003
"unificado analisis","pooled","filogenetica_meanPD",1,775,"Rarefaction",10.0457144389908,9.81930083114399,10.2386131093022
"unificado analisis","pooled","filogenetica_meanPD",1,820,"Rarefaction",10.0496563205802,9.87828898516268,10.2045049454713
"unificado analisis","pooled","filogenetica_meanPD",1,866,"Rarefaction",10.0532901812449,9.94303988976229,10.1243198727395
"unificado analisis","pooled","filogenetica_meanPD",1,888,"Observed",10.0549039765442,10.0549039765442,10.0549039765442
"unificado analisis","pooled","filogenetica_meanPD",1,911,"Extrapolation",10.0565321977433,NA,NA
"unificado analisis","pooled","filogenetica_meanPD",1,957,"Extrapolation",10.0596667384229,NA,NA
"unificado analisis","pooled","filogenetica_meanPD",1,1002,"Extrapolation",10.0625823357247,NA,NA
"unificado analisis","pooled","filogenetica_meanPD",1,1048,"Extrapolation",10.0654161791389,NA,NA
"unificado analisis","pooled","filogenetica_meanPD",1,1093,"Extrapolation",10.0680520824679,NA,NA
"unificado analisis","pooled","filogenetica_meanPD",1,1139,"Extrapolation",10.0706140745801,NA,NA
"unificado analisis","pooled","filogenetica_meanPD",1,1184,"Extrapolation",10.0729971150486,NA,NA
"unificado analisis","pooled","filogenetica_meanPD",1,1230,"Extrapolation",10.0753133346216,NA,NA
"unificado analisis","pooled","filogenetica_meanPD",1,1275,"Extrapolation",10.0774677694265,NA,NA
"unificado analisis","pooled","filogenetica_meanPD",1,1321,"Extrapolation",10.0795617934811,NA,NA
"unificado analisis","pooled","filogenetica_meanPD",1,1366,"Extrapolation",10.0815095528205,NA,NA
"unificado analisis","pooled","filogenetica_meanPD",1,1412,"Extrapolation",10.0834026966278,NA,NA
"unificado analisis","pooled","filogenetica_meanPD",1,1457,"Extrapolation",10.0851636069304,NA,NA
"unificado analisis","pooled","filogenetica_meanPD",1,1503,"Extrapolation",10.0868751409824,NA,NA
"unificado analisis","pooled","filogenetica_meanPD",1,1548,"Extrapolation",10.0884671267226,NA,NA
"unificado analisis","pooled","filogenetica_meanPD",1,1594,"Extrapolation",10.0900144728883,NA,NA
"unificado analisis","pooled","filogenetica_meanPD",1,1639,"Extrapolation",10.0914537390413,NA,NA
"unificado analisis","pooled","filogenetica_meanPD",1,1685,"Extrapolation",10.0928526479053,NA,NA
"unificado analisis","pooled","filogenetica_meanPD",1,1730,"Extrapolation",10.0941538448991,NA,NA
"unificado analisis","pooled","filogenetica_meanPD",1,1776,"Extrapolation",10.0954185560886,NA,NA
"unificado analisis","pooled","filogenetica_meanPD",2,1,"Rarefaction",2.91786917233477,1.90273945749247,5.77897386535354
"unificado analisis","pooled","filogenetica_meanPD",2,47,"Rarefaction",6.18823702683562,5.15211840627629,7.74274897378393
"unificado analisis","pooled","filogenetica_meanPD",2,92,"Rarefaction",6.2628770090899,5.47296788811532,7.23969529719558
"unificado analisis","pooled","filogenetica_meanPD",2,138,"Rarefaction",6.28928711227683,5.54305295408629,6.95507796660438
"unificado analisis","pooled","filogenetica_meanPD",2,183,"Rarefaction",6.30235756630881,5.66396265040332,6.84441104292778
"unificado analisis","pooled","filogenetica_meanPD",2,229,"Rarefaction",6.31043619327151,5.70000074336318,6.97855497714947
"unificado analisis","pooled","filogenetica_meanPD",2,274,"Rarefaction",6.31572567330639,5.90073991534979,6.80054123061468
"unificado analisis","pooled","filogenetica_meanPD",2,320,"Rarefaction",6.31960069432485,5.9585964695039,6.78474122215127
"unificado analisis","pooled","filogenetica_meanPD",2,365,"Rarefaction",6.32244940634262,5.9049296293723,6.66177817454032
"unificado analisis","pooled","filogenetica_meanPD",2,411,"Rarefaction",6.32471850607753,5.93766208515913,6.63803465176299
"unificado analisis","pooled","filogenetica_meanPD",2,456,"Rarefaction",6.32649643417704,6.03359078785205,6.62884451254343
"unificado analisis","pooled","filogenetica_meanPD",2,502,"Rarefaction",6.32798518450101,6.04121354411428,6.61850231983985
"unificado analisis","pooled","filogenetica_meanPD",2,547,"Rarefaction",6.32919980220133,6.04619548993806,6.56568140259221
"unificado analisis","pooled","filogenetica_meanPD",2,593,"Rarefaction",6.33025125417751,6.11624595056705,6.5535521152359
"unificado analisis","pooled","filogenetica_meanPD",2,638,"Rarefaction",6.33113340619241,6.15371391416114,6.53044814139487
"unificado analisis","pooled","filogenetica_meanPD",2,684,"Rarefaction",6.33191539672571,6.16555233162815,6.51143529927811
"unificado analisis","pooled","filogenetica_meanPD",2,729,"Rarefaction",6.33258504830004,6.15548312601629,6.45821968819452
"unificado analisis","pooled","filogenetica_meanPD",2,775,"Rarefaction",6.33318932518138,6.2197879396914,6.43075541192445
"unificado analisis","pooled","filogenetica_meanPD",2,820,"Rarefaction",6.33371495720956,6.24156510340243,6.4127085151959
"unificado analisis","pooled","filogenetica_meanPD",2,866,"Rarefaction",6.33419588510406,6.27624138207548,6.37088750494246
"unificado analisis","pooled","filogenetica_meanPD",2,888,"Observed",6.33440830404654,6.33440830404654,6.33440830404654
"unificado analisis","pooled","filogenetica_meanPD",2,911,"Extrapolation",6.33461942286708,NA,NA
"unificado analisis","pooled","filogenetica_meanPD",2,957,"Extrapolation",6.3350112543354,NA,NA
"unificado analisis","pooled","filogenetica_meanPD",2,1002,"Extrapolation",6.33535979656529,NA,NA
"unificado analisis","pooled","filogenetica_meanPD",2,1048,"Extrapolation",6.33568518160155,NA,NA
"unificado analisis","pooled","filogenetica_meanPD",2,1093,"Extrapolation",6.33597701979457,NA,NA
"unificado analisis","pooled","filogenetica_meanPD",2,1139,"Extrapolation",6.3362515333687,NA,NA
"unificado analisis","pooled","filogenetica_meanPD",2,1184,"Extrapolation",6.33649945976892,NA,NA
"unificado analisis","pooled","filogenetica_meanPD",2,1230,"Extrapolation",6.33673416338674,NA,NA
"unificado analisis","pooled","filogenetica_meanPD",2,1275,"Extrapolation",6.33694739258959,NA,NA
"unificado analisis","pooled","filogenetica_meanPD",2,1321,"Extrapolation",6.33715035836789,NA,NA
"unificado analisis","pooled","filogenetica_meanPD",2,1366,"Extrapolation",6.33733569599441,NA,NA
"unificado analisis","pooled","filogenetica_meanPD",2,1412,"Extrapolation",6.33751295237789,NA,NA
"unificado analisis","pooled","filogenetica_meanPD",2,1457,"Extrapolation",6.33767553383151,NA,NA
"unificado analisis","pooled","filogenetica_meanPD",2,1503,"Extrapolation",6.33783167372433,NA,NA
"unificado analisis","pooled","filogenetica_meanPD",2,1548,"Extrapolation",6.33797544684708,NA,NA
"unificado analisis","pooled","filogenetica_meanPD",2,1594,"Extrapolation",6.33811403082877,NA,NA
"unificado analisis","pooled","filogenetica_meanPD",2,1639,"Extrapolation",6.33824208035911,NA,NA
"unificado analisis","pooled","filogenetica_meanPD",2,1685,"Extrapolation",6.33836591124459,NA,NA
"unificado analisis","pooled","filogenetica_meanPD",2,1730,"Extrapolation",6.33848068242798,NA,NA
"unificado analisis","pooled","filogenetica_meanPD",2,1776,"Extrapolation",6.33859199663889,NA,NA
