target,area,lsp,topo
hill_q0,0.1546582604561503,0.4900742915194531,0.35526744802439664
hill_q1,0.09989578373745521,0.4554913987781461,0.4446128174843987
hill_q2,0.09608463203365063,0.4344289406241808,0.4694864273421686
lcbd_cover,0.07621117573746516,0.4715477866840492,0.4522410375784857
lcbd_pa,0.05829440985581382,0.6171047603974058,0.3246008297467804
pcoa1_cover,0.009760193514146821,0.4628722191991578,0.5273675872866954
pcoa1_pa,0.03544273162198504,0.6318102436020283,0.3327470247759866
pcoa2_cover,0.022514486345410444,0.4654260906835751,0.5120594229710144
pcoa2_pa,0.04577661523456481,0.5851354309909506,0.36908795377448456
