target,area,lsp,qc,topo
hill_q0,0.1699296247501517,0.5052743982078499,0.039855295740124336,0.28494068130187405
hill_q1,0.10677304333824778,0.47792982985589577,0.050012205517347905,0.36528492128850854
hill_q2,0.10151985828824817,0.45723526212590526,0.0526400458393638,0.3886048337464828
lcbd_cover,0.07587962921945494,0.4644335095505136,0.10320366016428469,0.3564832010657467
lcbd_pa,0.05874974274077775,0.6325920930614014,0.05047960532406953,0.25817855887375135
pcoa1_cover,0.011337307789814817,0.46700730803069734,0.0661758431526526,0.4554795410268352
pcoa1_pa,0.03610037141300318,0.6396402049504352,0.04098737013123242,0.28327205350532914
pcoa2_cover,0.024637135014763053,0.480142723850208,0.05906492989325022,0.4361552112417787
pcoa2_pa,0.045855873502995886,0.5913558704831537,0.06201597147242891,0.3007722845414214
